varying_param_name,varying_param_value,density_method,RMSE,RW-RMSE,SERA,DW-RMSE,DW-SERA
alpha,0.1,relevance,2.28341416659667,2.9517965597410742,2581.724895399169,3.017628335580003,3415.3230627114976
alpha,0.1,denseweight,2.2638689427353142,2.9670157307491953,2608.322630490017,3.0370484753714178,3423.9477796763604
alpha,0.10290290290290291,relevance,2.265466442279839,2.949114119975387,2577.128595451352,3.000034382094332,3381.9537611742135
alpha,0.10290290290290291,denseweight,2.2509272235653404,2.9449958237225107,2569.662443970001,3.005161410787299,3363.636329613562
alpha,0.10580580580580581,relevance,2.28216431092092,2.913902288285844,2515.5187058601905,2.9783136064509814,3360.0454175632717
alpha,0.10580580580580581,denseweight,2.254831015185661,2.95096022200372,2579.6079864226613,3.027394198315031,3392.711097146399
alpha,0.10870870870870872,relevance,2.277342781621593,2.9701815596021093,2613.8858122400425,3.027988782280332,3421.583131809188
alpha,0.10870870870870872,denseweight,2.251352012517978,2.919789939768027,2525.7668639795306,2.983775867044093,3342.935528334194
alpha,0.11161161161161162,relevance,2.2675481884333815,2.907416730783181,2504.3748597534136,2.9668026723446292,3331.9677625923428
alpha,0.11161161161161162,denseweight,2.236641957293908,2.9212038838852594,2528.1682985980115,2.9987986421654877,3364.1520425226395
alpha,0.11451451451451453,relevance,2.257619761657328,2.900960120835922,2493.531718717557,2.980250089998833,3317.459719744862
alpha,0.11451451451451453,denseweight,2.271420664110314,2.9448671936647397,2569.5556324964678,3.0300470033269677,3437.738598327964
alpha,0.11741741741741743,relevance,2.2692225443019343,2.9224490056020023,2530.249172909782,3.001184344811308,3366.710042179106
alpha,0.11741741741741743,denseweight,2.2739672874349943,2.988063614106302,2645.4100959306666,3.056947796019253,3475.920357013551
alpha,0.12032032032032032,relevance,2.2891979657053896,2.9774751969491717,2626.3560920484706,3.0498344757821125,3472.814117423571
alpha,0.12032032032032032,denseweight,2.2546312201728105,2.9328078057314633,2548.614402611454,3.004794504224282,3364.1948972606706
alpha,0.12322322322322322,relevance,2.2770030582601013,2.943502496208443,2566.690826409975,3.013219183832975,3390.9408352015466
alpha,0.12322322322322322,denseweight,2.2537929670602264,2.931125640402799,2545.652691508294,3.0032164630704257,3358.1743827737955
alpha,0.12612612612612614,relevance,2.2950166268300918,2.952008580341126,2581.8612013047336,3.0267129963162924,3433.37501204038
alpha,0.12612612612612614,denseweight,2.2684963685188997,2.9714392851724662,2615.8413947119434,3.0392258772805176,3435.1170647610684
alpha,0.12902902902902902,relevance,2.2883926393472893,2.965257894133703,2605.0005965702976,3.0332301517441382,3436.7749578742
alpha,0.12902902902902902,denseweight,2.2335236241925065,2.917391862430858,2521.820742317359,2.9828597232051486,3307.9144625779086
alpha,0.13193193193193192,relevance,2.2311554269916702,2.8467366907950042,2401.137180398591,2.929547181349556,3214.977952423677
alpha,0.13193193193193192,denseweight,2.290041356096573,2.9960700039957984,2659.2884252430304,3.069434810728533,3478.804024558904
alpha,0.13483483483483483,relevance,2.272531995804566,2.921102584704504,2528.1731803728912,2.9847371643402956,3386.545578933701
alpha,0.13483483483483483,denseweight,2.218880704256912,2.940811506387126,2562.4324256644295,2.999355140735707,3318.003247382417
alpha,0.13773773773773773,relevance,2.2681476777302128,2.917043690496129,2521.0573042114333,2.9904368182726184,3342.2084283460567
alpha,0.13773773773773773,denseweight,2.274282939487269,2.9595565590973227,2595.082525865326,3.0286031327922087,3420.131757623011
alpha,0.14064064064064064,relevance,2.2383633603152306,2.8990838009591706,2489.998870011815,2.9706553393266026,3297.4644196799813
alpha,0.14064064064064064,denseweight,2.2470882853135064,2.9685903713338115,2611.043069812507,3.030006969481244,3392.8618456035656
alpha,0.14354354354354354,relevance,2.2833016338317917,2.9246848354203947,2534.535103270073,2.99717683479586,3371.0880158571986
alpha,0.14354354354354354,denseweight,2.2300983934658016,2.9228609717791993,2531.5446684907056,2.983027634344979,3315.8926607999547
alpha,0.14644644644644644,relevance,2.264185134226982,2.89614786764946,2484.955583676882,2.969535446626163,3338.179847973528
alpha,0.14644644644644644,denseweight,2.2573650108404784,2.9556114697816795,2588.400182527587,3.0284893248230347,3380.2705927717393
alpha,0.14934934934934935,relevance,2.21885530696973,2.8365487097970044,2383.9053347746935,2.9074213867146974,3180.3099276124326
alpha,0.14934934934934935,denseweight,2.275433581776418,2.985134015353548,2640.334473121294,3.0422096802000627,3451.5298512674617
alpha,0.15225225225225225,relevance,2.2564373782641622,2.912174635132603,2512.8212948245377,2.9915291247813203,3366.309237233793
alpha,0.15225225225225225,denseweight,2.262135210502291,2.9850076448488623,2640.253966637186,3.042677821440178,3426.960624676971
alpha,0.15515515515515516,relevance,2.2343105629571296,2.8633790797001706,2429.4828980843567,2.9512328426943997,3282.2702035403945
alpha,0.15515515515515516,denseweight,2.2855812414415824,2.9630435231607652,2600.84880296535,3.0404665250114102,3432.5775532472762
alpha,0.15805805805805806,relevance,2.2150273394922846,2.8560565651844145,2416.9417928325206,2.9205877294384393,3181.052122300009
alpha,0.15805805805805806,denseweight,2.2577535826961936,2.9585322031927253,2593.512653615765,3.0264998100697715,3364.428668889455
alpha,0.16096096096096096,relevance,2.241408871973479,2.9132476641898375,2514.48419966097,2.9791855018483964,3331.0539626443956
alpha,0.16096096096096096,denseweight,2.2717735825924055,2.9606970221367503,2597.4576640160826,3.035101835895425,3431.4623543954262
alpha,0.16386386386386387,relevance,2.3031993643030297,2.9551706056161238,2587.286253603189,3.0399287135015096,3461.9234199572893
alpha,0.16386386386386387,denseweight,2.288263347653388,2.970014015377385,2613.409783185613,3.055284825893212,3468.91855778951
alpha,0.16676676676676677,relevance,2.2674320182697474,2.918903946053939,2524.405756776712,2.987379828041052,3331.1536429681555
alpha,0.16676676676676677,denseweight,2.2419546507781187,2.9417642909971224,2563.971681192965,3.0153058084224797,3372.166403265081
alpha,0.16966966966966968,relevance,2.2685887151574775,2.9274130247137284,2539.0531854019055,2.998879935787921,3369.4658285312466
alpha,0.16966966966966968,denseweight,2.2498577932778216,2.959185156238461,2594.817377758988,3.031727668355919,3394.864877918093
alpha,0.17257257257257258,relevance,2.26873370026964,2.9216189578578735,2529.0862362491425,2.9958250727869586,3340.411987354597
alpha,0.17257257257257258,denseweight,2.2627631272731934,2.9654565969430604,2605.6735653735745,3.0372866432250833,3425.094669656892
alpha,0.17547547547547548,relevance,2.2429404499277337,2.923849969153478,2532.846604674734,2.9932933470363983,3314.5974938386803
alpha,0.17547547547547548,denseweight,2.227031101597056,2.917367680988085,2521.590970021532,2.9846291580688638,3314.5323309962278
alpha,0.1783783783783784,relevance,2.288084924092514,2.9523843543304467,2582.6469261405427,3.008186164652572,3427.2764804144003
alpha,0.1783783783783784,denseweight,2.2479502616604496,2.9577157104788734,2591.7610516115233,3.0341621774633625,3388.3072734239004
alpha,0.1812812812812813,relevance,2.2606134428932596,2.9123068767528233,2513.023193809352,2.9755344211436934,3350.408148436647
alpha,0.1812812812812813,denseweight,2.2419357554536,2.959862809335432,2595.681140579881,3.038167703254328,3406.312919684111
alpha,0.1841841841841842,relevance,2.276828055146597,2.9750609301936137,2622.9805282510197,3.0384239845502097,3451.5259062128944
alpha,0.1841841841841842,denseweight,2.285351379446461,2.9995780766046707,2665.7467301496686,3.0742340806575954,3510.3468342051974
alpha,0.1870870870870871,relevance,2.2735709340123766,2.936129430616595,2554.149296148655,2.999392916796726,3363.891269572728
alpha,0.1870870870870871,denseweight,2.2532076246387054,2.942896112768772,2565.9165804357044,3.018558948300661,3361.2175037893417
alpha,0.18998998998999,relevance,2.2192280011162024,2.875317278876183,2449.816639618638,2.9431709920481164,3235.4005302352434
alpha,0.18998998998999,denseweight,2.270313052182457,2.9752992373556966,2623.3383699552396,3.044821020360023,3426.068402070026
alpha,0.1928928928928929,relevance,2.2609347364854337,2.964516204790665,2603.8589290807045,3.0410845318375275,3416.902532924948
alpha,0.1928928928928929,denseweight,2.278985906760394,2.955526885336854,2588.144896601869,3.0225366483067115,3424.693517664222
alpha,0.1957957957957958,relevance,2.2465606179947204,2.8920951968988136,2478.0054794845137,2.9705427682284222,3300.1567366594704
alpha,0.1957957957957958,denseweight,2.2612042666569554,2.9445507763149723,2568.968756847892,3.02585859696667,3406.9037363958782
alpha,0.19869869869869872,relevance,2.2828141896005922,2.9714860772165554,2616.4837786264043,3.0541489223681553,3466.243593264594
alpha,0.19869869869869872,denseweight,2.2475995500591677,2.912173798898911,2512.928521259445,2.97833243103232,3318.8359072334474
alpha,0.20160160160160162,relevance,2.300129000626578,2.960494623808615,2596.575520881834,3.025848270711858,3432.2208109733674
alpha,0.20160160160160162,denseweight,2.2573299055185303,2.911919519985983,2512.328245041247,2.9989236855315493,3355.578831755692
alpha,0.20450450450450453,relevance,2.306400597299458,2.9933811006136537,2654.9911581248875,3.0707426937948425,3531.3845225284676
alpha,0.20450450450450453,denseweight,2.254652446089395,2.9378639157506323,2557.637958764393,3.0095914523055725,3371.5187321710055
alpha,0.20740740740740743,relevance,2.254611831536602,2.894507792270715,2481.8896974845147,2.968410673676867,3305.034341720009
alpha,0.20740740740740743,denseweight,2.2506529855705866,2.9535120222578186,2584.551721122455,3.0230546749832556,3389.1158763538087
alpha,0.2103103103103103,relevance,2.2736470486805187,2.9349868352495108,2552.069414951323,3.0027260428892033,3337.9500891702646
alpha,0.2103103103103103,denseweight,2.272833177399519,2.979683177899549,2630.6554235459,3.04687504982845,3452.7780022696775
alpha,0.2132132132132132,relevance,2.264160033409746,2.884136928053534,2464.5306626813317,2.9746894273067612,3339.6096952961325
alpha,0.2132132132132132,denseweight,2.270904880244176,2.9445260580164248,2568.948765535906,3.0254271289255734,3385.2180079745535
alpha,0.2161161161161161,relevance,2.237450465219972,2.8572362991394673,2418.762691006242,2.9451974934260243,3269.2810384323343
alpha,0.2161161161161161,denseweight,2.239667361066969,2.9101502848473286,2509.5655263272106,2.988657306183251,3304.4390842933794
alpha,0.21901901901901902,relevance,2.2544178400444133,2.8788723991871654,2455.3906043214856,2.9597745807665627,3314.035009462765
alpha,0.21901901901901902,denseweight,2.2370242920309766,2.8785417440743424,2455.090336488759,2.958768980890119,3260.969187771134
alpha,0.22192192192192192,relevance,2.23211991900104,2.875323955194277,2449.548471604079,2.9615255750051577,3283.0538989177985
alpha,0.22192192192192192,denseweight,2.26872824949022,2.9683524984017633,2610.6521066281057,3.0401151704968266,3417.8535320056576
alpha,0.22482482482482483,relevance,2.270269796104341,2.91794114888981,2522.4677234366627,3.0040738273823795,3349.946853193808
alpha,0.22482482482482483,denseweight,2.2631035032506914,2.921067219716311,2528.3132567979837,2.994840579866048,3368.635135307236
alpha,0.22772772772772773,relevance,2.2414462406168036,2.8535963623297262,2412.6784315385676,2.9398581168321423,3226.799660232019
alpha,0.22772772772772773,denseweight,2.2848586759040246,2.96673482342422,2607.8370590858194,3.0365563982657484,3447.5569999679087
alpha,0.23063063063063063,relevance,2.2728296769818432,2.9070236223320167,2503.884109220509,2.983260257561387,3360.592058367548
alpha,0.23063063063063063,denseweight,2.245259060648715,2.9119879135486544,2512.1565285770157,2.9831514476968435,3331.6336904308755
alpha,0.23353353353353354,relevance,2.262005151859487,2.924506826298299,2534.0082106890777,3.0055033107147344,3394.9911787119117
alpha,0.23353353353353354,denseweight,2.2188753438994007,2.8790854452382693,2455.8970109149955,2.9479098664213104,3232.059021405741
alpha,0.23643643643643644,relevance,2.2617489833800857,2.938815189582653,2558.96472304911,3.0207742295668694,3400.843779976234
alpha,0.23643643643643644,denseweight,2.232454455939866,2.915149286631074,2517.9791869275505,2.9921846689914577,3333.49392846731
alpha,0.23933933933933935,relevance,2.281464279623359,2.922010314604779,2529.744784286107,2.9965980051925407,3366.887705686685
alpha,0.23933933933933935,denseweight,2.2307627269312267,2.8829135672736257,2462.2709798783567,2.9469950996345737,3256.667251171173
alpha,0.24224224224224225,relevance,2.238881987510033,2.8683192466359784,2437.5553378841278,2.93961401108138,3276.5232901082923
alpha,0.24224224224224225,denseweight,2.257144049766215,2.927658432288562,2539.2402002171857,3.000790493827691,3374.214837005087
alpha,0.24514514514514515,relevance,2.2721844593410516,2.920026094476761,2526.312716436427,2.988482806253915,3338.4996412694313
alpha,0.24514514514514515,denseweight,2.2735538130649804,2.9568942582207196,2590.347883402018,3.0327269276482705,3408.8546284359736
alpha,0.24804804804804806,relevance,2.244034435401553,2.8949762318211985,2482.9332152934544,2.9795070343506933,3356.753412866097
alpha,0.24804804804804806,denseweight,2.2772150734915506,2.9347024237526877,2551.693012999755,3.023989079324426,3407.0720592628986
alpha,0.250950950950951,relevance,2.26475016018111,2.9130168534500944,2514.1048278922594,2.990523116097206,3351.420868992562
alpha,0.250950950950951,denseweight,2.2930656598946286,3.002603142321967,2671.456666096389,3.064285810413914,3492.9705930852433
alpha,0.25385385385385384,relevance,2.255018197765377,2.8929248021013856,2479.587770587166,2.957692338070633,3300.005671863559
alpha,0.25385385385385384,denseweight,2.2541574178411214,2.9616676531781616,2599.0639048540934,3.012135723296951,3383.9367007484093
alpha,0.25675675675675674,relevance,2.2565682748339926,2.8956139603570845,2484.349424076487,2.9679395372672297,3301.1955856631794
alpha,0.25675675675675674,denseweight,2.2758535549890673,2.961634213330451,2598.6250335760105,3.030178070177286,3423.974341935669
alpha,0.25965965965965965,relevance,2.2719094974325897,2.8823024194228086,2461.127397388475,2.9660282963263898,3320.3641285331205
alpha,0.25965965965965965,denseweight,2.2860955761348802,2.984137767385075,2638.5543146546743,3.0471233984648745,3473.7391732308974
alpha,0.26256256256256255,relevance,2.284442149989735,2.898428821489842,2489.1727121714234,2.9844286204203074,3360.2546578828837
alpha,0.26256256256256255,denseweight,2.283242054837761,2.98615847531605,2642.057953346829,3.052742815653885,3492.573451304204
alpha,0.26546546546546546,relevance,2.2623979837371637,2.8932537326879326,2480.250637540414,2.9809594612432067,3311.055057144802
alpha,0.26546546546546546,denseweight,2.287892744807118,2.9763918957255977,2624.293519827602,3.036739099746972,3439.7940294875875
alpha,0.26836836836836836,relevance,2.266900274622527,2.9273092008182964,2539.0797593871125,3.015305531992039,3398.1123564846116
alpha,0.26836836836836836,denseweight,2.2874803860688795,2.939212791271677,2559.1854516933686,3.011098650102718,3421.7849335763976
alpha,0.27127127127127126,relevance,2.294068807972971,2.9447748125223687,2569.4552303908313,3.0282441777141944,3447.0093155273244
alpha,0.27127127127127126,denseweight,2.2615734756553323,2.9398321894824577,2560.7085246581937,3.0118926636419374,3384.21913422312
alpha,0.27417417417417417,relevance,2.237826935409582,2.8577768906983847,2419.7562435339205,2.9200746537937223,3236.8669029873327
alpha,0.27417417417417417,denseweight,2.2594950271228917,2.959786122264834,2595.642615333618,3.0127705491455568,3383.486799431762
alpha,0.27707707707707707,relevance,2.257328136341676,2.875948843097498,2450.6941910931396,2.9436422616072284,3277.8451962612066
alpha,0.27707707707707707,denseweight,2.3166784592557046,2.9918225869066175,2651.990052204525,3.0611839216134396,3530.0126525307855
alpha,0.27997997997998,relevance,2.291938109762414,2.948764856064028,2576.337538069205,3.0259713867614293,3435.961231597769
alpha,0.27997997997998,denseweight,2.2649886856015042,2.9446549141604574,2569.0087309463242,3.017554405175798,3392.295443591026
alpha,0.2828828828828829,relevance,2.278400851352157,2.9464925743513715,2572.284108631105,3.019116373228945,3461.180320587266
alpha,0.2828828828828829,denseweight,2.259944470951209,2.9476247313519135,2574.3347852589072,3.015681031795437,3395.9446872269114
alpha,0.2857857857857858,relevance,2.2831316704632427,2.9287641643622377,2541.613002599605,3.0007487214687845,3394.9893507621546
alpha,0.2857857857857858,denseweight,2.2750426034272073,2.9448778789822345,2569.5178184596593,3.0078054281568267,3399.641424033846
alpha,0.2886886886886887,relevance,2.2269876177547983,2.860183657450591,2423.7286358544843,2.928204150257156,3234.292204479333
alpha,0.2886886886886887,denseweight,2.286441084777075,2.991735876457182,2651.968197521849,3.0528533904081763,3471.7821547090252
alpha,0.2915915915915916,relevance,2.298876926373203,2.95296671053457,2583.4401623888107,3.0248211130550984,3467.4759267234144
alpha,0.2915915915915916,denseweight,2.260249142875396,2.9145532550874695,2517.049477408587,2.9831421962705678,3364.69835248378
alpha,0.2944944944944945,relevance,2.257672584217232,2.9041105491833017,2498.982361337366,2.9742583072077897,3309.101039603951
alpha,0.2944944944944945,denseweight,2.256927311663919,2.959435895774765,2595.119433855766,3.024886185451886,3411.517752466344
alpha,0.2973973973973974,relevance,2.281498887352363,2.9132474933996093,2514.4583360584847,2.9846572843929486,3378.0472549046494
alpha,0.2973973973973974,denseweight,2.263028050546792,2.9762988454405424,2624.871857239998,3.0312404395573136,3418.8731832670537
alpha,0.3003003003003003,relevance,2.253132420342781,2.928330905277745,2540.417600496443,3.0047805951511486,3356.510219376387
alpha,0.3003003003003003,denseweight,2.280809900225753,2.972100169223623,2617.4931410603112,3.04748357700632,3467.3969975399045
alpha,0.3032032032032032,relevance,2.2427440709993536,2.8591576899098055,2421.5123059509606,2.9369827012482843,3250.8673457374275
alpha,0.3032032032032032,denseweight,2.3078919723374702,3.0142397824715195,2691.8590882245308,3.081795000306599,3546.8436749830216
alpha,0.3061061061061061,relevance,2.287696636604456,2.941243859847086,2562.861039295178,3.0189759329146577,3428.181418371664
alpha,0.3061061061061061,denseweight,2.2657036314261427,2.962036751522136,2599.625032289379,3.0249372267210006,3419.2643043763414
alpha,0.309009009009009,relevance,2.315739474907554,2.8816580082501906,2460.872661391816,2.974393709121824,3419.9070020220115
alpha,0.309009009009009,denseweight,2.2729995106960987,2.9705991125743982,2615.063005722559,3.0319904383057255,3459.4709738045326
alpha,0.3119119119119119,relevance,2.266456647711221,2.8944008442840006,2481.8542451607937,2.970500222702424,3326.592918063292
alpha,0.3119119119119119,denseweight,2.273088662178835,2.9708935367338167,2615.223688556714,3.037423477270195,3443.7248233229193
alpha,0.3148148148148148,relevance,2.2750410126164726,2.8937594867765695,2481.253776417643,2.983775715359002,3339.4615370385745
alpha,0.3148148148148148,denseweight,2.2666586239559536,2.944330496048747,2568.530351614739,3.015434314603188,3429.473690821852
alpha,0.31771771771771773,relevance,2.245474500247784,2.8545946127956006,2414.1679010939583,2.9418942852168652,3285.1614421013714
alpha,0.31771771771771773,denseweight,2.280225951214382,2.9833595772222563,2637.22344616397,3.0471060183202776,3466.0899644224346
alpha,0.3206206206206206,relevance,2.27317710553377,2.9013984260749375,2493.682330518117,2.9797425165236073,3330.9149891792013
alpha,0.3206206206206206,denseweight,2.2799077165087334,3.001763343186999,2670.1738085533675,3.0729087096959,3521.071036603713
alpha,0.32352352352352354,relevance,2.26562535282347,2.9018944494587124,2494.8760828376335,2.9738033553964036,3295.311838692676
alpha,0.32352352352352354,denseweight,2.270910597408772,2.9556793976729394,2588.4783428289174,3.026452752463065,3421.4374236030208
alpha,0.3264264264264264,relevance,2.2733796638936443,2.8953289977814536,2483.93983929219,2.9831562293356306,3372.9628596714624
alpha,0.3264264264264264,denseweight,2.244885794567581,2.895942655306957,2484.5667234311263,2.9759953138247828,3329.6361659544646
alpha,0.32932932932932935,relevance,2.255350557007386,2.9064531632252546,2502.307638551056,2.9961868571894916,3341.985336134692
alpha,0.32932932932932935,denseweight,2.2627768727500444,2.9431322743628563,2566.538088010588,3.0174042008455,3404.850126457001
alpha,0.3322322322322322,relevance,2.2791430876409007,2.9438254934834567,2567.7503017706085,3.0223299195258586,3411.7859752040345
alpha,0.3322322322322322,denseweight,2.2969876825851823,2.9662777060750325,2607.1185346777893,3.040258742799654,3490.5705271309375
alpha,0.33513513513513515,relevance,2.2925228494337055,2.961837918327457,2598.6615132025713,3.052147389959708,3473.380463426272
alpha,0.33513513513513515,denseweight,2.2259479596366503,2.8934050591160263,2480.3381310921654,2.959876684336779,3303.80247540302
alpha,0.338038038038038,relevance,2.2553199610157177,2.8924747111903852,2478.7548811497168,2.972228949714058,3306.0307047168685
alpha,0.338038038038038,denseweight,2.2693947806563326,2.9297715274415133,2543.0611055900517,3.0094864733679922,3389.28397757598
alpha,0.34094094094094096,relevance,2.2567749888838935,2.9250112733913074,2534.7631590941924,2.9927116957179796,3339.2227466922395
alpha,0.34094094094094096,denseweight,2.2581781706872275,2.902281665241929,2495.8380408829003,2.988788682632139,3368.3146884581533
alpha,0.3438438438438438,relevance,2.2541928810013867,2.9045895130213126,2499.5320786535976,2.9819598171203263,3331.2391932299693
alpha,0.3438438438438438,denseweight,2.2868954319476993,2.949858599714763,2578.037792958732,3.0386968854641556,3456.1540924521664
alpha,0.34674674674674677,relevance,2.261052779064746,2.9470289492167887,2573.3197406347717,3.021608666522287,3370.480809055546
alpha,0.34674674674674677,denseweight,2.2584996078927566,2.938159905049024,2558.243507639619,3.0132372969517593,3417.1376323724057
alpha,0.3496496496496496,relevance,2.2449944013280225,2.8828924084327654,2462.3439589266854,2.9739059476532077,3294.902422118514
alpha,0.3496496496496496,denseweight,2.268871904433294,2.9831020958569106,2636.786523405461,3.0505559703882974,3441.9470459837803
alpha,0.3525525525525526,relevance,2.2768804130578535,2.9488393979616734,2576.447264452829,3.0383635735930885,3443.004451419677
alpha,0.3525525525525526,denseweight,2.2787449292022095,2.938227929274849,2557.8313604176205,3.020249191071586,3419.4236102780415
alpha,0.3554554554554554,relevance,2.277672731166244,2.917442190268846,2521.706650189048,3.011307599957324,3394.839042736811
alpha,0.3554554554554554,denseweight,2.2622868416946518,2.9649488957531114,2604.8612572764396,3.0344006528110756,3435.4537844380948
alpha,0.3583583583583584,relevance,2.260317458463359,2.8841504379704417,2464.772426556586,2.973442814429205,3319.4212533783793
alpha,0.3583583583583584,denseweight,2.2425807656214385,2.883863906990729,2464.382918918323,2.957789876038538,3270.929993962783
alpha,0.36126126126126124,relevance,2.265796461525684,2.878253296167171,2454.8509679323724,2.9569266301146357,3315.00009264968
alpha,0.36126126126126124,denseweight,2.2849849978510886,2.93619331953424,2554.0484693587778,3.0218195221574646,3432.433516812004
alpha,0.3641641641641642,relevance,2.2825263567737006,2.956141615819095,2589.4487667641406,3.0347582753362308,3437.751461435298
alpha,0.3641641641641642,denseweight,2.276161474771614,2.9461625576665824,2571.6242660811736,3.02505882449035,3421.217687127432
alpha,0.36706706706706704,relevance,2.293387854048799,2.935774303597191,2553.3734844473233,3.0099302375207104,3404.8972003223644
alpha,0.36706706706706704,denseweight,2.2625986169934524,2.9120632031200957,2512.30115713446,2.987093696384141,3356.7556063560764
alpha,0.36996996996997,relevance,2.2319762106097385,2.8993274912827243,2490.509882197598,2.9700637795596836,3284.166087725503
alpha,0.36996996996997,denseweight,2.279505182869762,2.9679018628100047,2609.5471999563492,3.04409214757608,3461.1046082842345
alpha,0.37287287287287285,relevance,2.291000698150574,2.948077283396896,2574.889464598742,3.0258013981269283,3437.3390420609817
alpha,0.37287287287287285,denseweight,2.2621980098013936,2.918343324831547,2523.2376039716637,3.0090628508007025,3392.370431344443
alpha,0.3757757757757758,relevance,2.2972303035875314,2.9234259633433792,2532.1642652710584,3.023937422583232,3430.6915840718734
alpha,0.3757757757757758,denseweight,2.279284249460514,2.9583857149415604,2592.781303549885,3.037853720600609,3438.1378289049967
alpha,0.37867867867867866,relevance,2.298552709059347,2.9220009711259682,2529.482249760255,3.017960202825166,3457.814282909415
alpha,0.37867867867867866,denseweight,2.296112805481647,2.9737329809680606,2620.261216982812,3.0537972390944077,3484.9550754924317
alpha,0.3815815815815816,relevance,2.3024160948116457,2.94958687781395,2577.9622485320942,3.0349821963212795,3490.0253782353743
alpha,0.3815815815815816,denseweight,2.2813701802788153,2.965189344022745,2605.620666909214,3.0367121612478245,3466.390976712918
alpha,0.38448448448448447,relevance,2.2939130626128263,2.942681348578877,2565.5723132409094,3.016882036603234,3398.604907667769
alpha,0.38448448448448447,denseweight,2.2654827232301575,2.9212658886004914,2528.6095806487056,3.0031557930529513,3371.6364032368697
alpha,0.3873873873873874,relevance,2.283588347237321,2.9152970485973757,2517.9231288937444,3.007762514261785,3423.8494463270818
alpha,0.3873873873873874,denseweight,2.2921882548514896,3.0150124742357893,2693.2329579470634,3.08394289732071,3539.800107056902
alpha,0.3902902902902903,relevance,2.2678818024735117,2.871476643816687,2442.8797910066887,2.9656569376437996,3324.367893150374
alpha,0.3902902902902903,denseweight,2.260750657229486,2.956452463278582,2589.7490002842237,3.0363675033139472,3432.161613557039
alpha,0.39319319319319324,relevance,2.2541460275233636,2.9023698851983744,2496.16326524861,2.9828163056802897,3327.578250358346
alpha,0.39319319319319324,denseweight,2.2640977186621445,2.9475816295114976,2574.5457814668853,3.015183294577286,3420.3172129426634
alpha,0.3960960960960961,relevance,2.290949955929326,2.9195980057465194,2525.832554666934,3.008996033397848,3415.5154519168727
alpha,0.3960960960960961,denseweight,2.287487520617268,2.9777348038190405,2627.1505828876147,3.048553397511688,3466.0799073034145
alpha,0.39899899899899904,relevance,2.2587823887419507,2.8949982328948223,2483.17913756386,2.9786615045937963,3334.71892556986
alpha,0.39899899899899904,denseweight,2.2648152218045836,2.961564753878237,2598.556130486675,3.0471458941732337,3443.6747547510226
alpha,0.4019019019019019,relevance,2.2781709662993475,2.9493937773086296,2577.1133897927543,3.0175535286535005,3382.5122137241974
alpha,0.4019019019019019,denseweight,2.273180405732801,2.9601067653056115,2596.2183024516453,3.033999797378746,3438.1276740889925
alpha,0.40480480480480485,relevance,2.2934715092404243,2.916614088869979,2520.143677242602,2.9997487114533383,3385.470124522669
alpha,0.40480480480480485,denseweight,2.294993542653021,2.997582794620269,2662.198009234818,3.0679949197554977,3496.185294258239
alpha,0.4077077077077077,relevance,2.2999665547662573,2.910752279952431,2510.290920128034,3.0146215009476376,3441.040940079189
alpha,0.4077077077077077,denseweight,2.2896373616030288,2.9863109003904977,2642.262968019932,3.0583390157855286,3481.4497013349596
alpha,0.41061061061061055,relevance,2.2702501196994,2.885591146495278,2467.180843362963,2.9812564606432934,3358.373677707561
alpha,0.41061061061061055,denseweight,2.2737211184451946,2.9636110895234364,2602.3429044347763,3.0243836948654486,3433.50345538223
alpha,0.4135135135135135,relevance,2.2516057542248697,2.8609428400096584,2425.2872505640144,2.9445161949332372,3272.9931133443015
alpha,0.4135135135135135,denseweight,2.260470300117733,2.9266308951376634,2537.9759413226484,3.005406194502677,3385.1991760671503
alpha,0.41641641641641636,relevance,2.271623666498629,2.92116266640805,2528.1014979837987,2.9937583177386213,3373.382337227151
alpha,0.41641641641641636,denseweight,2.2469398352154073,2.9368206518941586,2555.7691004291155,3.0130127274371494,3393.9585489761635
alpha,0.4193193193193193,relevance,2.2615504648893174,2.8947083810539396,2482.860854653229,2.9829392550681817,3339.994968600552
alpha,0.4193193193193193,denseweight,2.264606515504469,2.9049507860576753,2500.394409331959,2.9814303039957872,3378.8008305218123
alpha,0.42222222222222217,relevance,2.2479242912440514,2.8595766757319554,2422.860717879723,2.9352454326066155,3270.5452549932
alpha,0.42222222222222217,denseweight,2.273701697583659,2.956655363568784,2589.949621117915,3.026597482477485,3409.0874576344268
alpha,0.4251251251251251,relevance,2.2493322663384854,2.881320527003203,2459.5994823968144,2.959774087680096,3279.0993440996867
alpha,0.4251251251251251,denseweight,2.2605353039848635,2.918911101326228,2524.6897176840444,2.9887715720830563,3361.5418852593903
alpha,0.428028028028028,relevance,2.276498407101753,2.923046696708076,2531.2818723761334,3.001586957257089,3384.6734255318443
alpha,0.428028028028028,denseweight,2.2739825925057175,2.95285468141534,2583.4150440425524,3.0275640875067946,3429.8295352962537
alpha,0.43093093093093093,relevance,2.257060406775032,2.8648026627814347,2431.849445284406,2.938255976722072,3296.3557803198046
alpha,0.43093093093093093,denseweight,2.2424836924161444,2.921946624602635,2529.583828270007,2.9922823022970975,3338.206661766445
alpha,0.4338338338338338,relevance,2.2713679497680395,2.9395326017964445,2560.165838950837,3.011201964673197,3389.2293621809054
alpha,0.4338338338338338,denseweight,2.2789812702499916,2.9408603091399375,2562.5408918652183,3.0056878376681158,3404.3037942470296
alpha,0.43673673673673674,relevance,2.286124265229497,2.9534495210236082,2584.655898765767,3.023822655584167,3429.1971998248678
alpha,0.43673673673673674,denseweight,2.279310082636736,2.92884877291908,2541.806966340009,3.0174626593837295,3420.3085412757937
alpha,0.4396396396396396,relevance,2.3116661999715946,2.9591406935733153,2594.512993980284,3.036257382041874,3467.91217235396
alpha,0.4396396396396396,denseweight,2.2950617012523042,2.963533751938863,2602.6483990030533,3.0467120140713324,3495.7745029507605
alpha,0.44254254254254255,relevance,2.2942501272302005,2.9938463557710864,2655.446788731704,3.0591857113676215,3452.679256740393
alpha,0.44254254254254255,denseweight,2.255600185936727,2.9339703427298254,2550.5238235089496,3.00688456447107,3366.114298898498
alpha,0.4454454454454454,relevance,2.2841555380255762,2.9377304004319322,2557.409338195663,3.0199301038052897,3433.316038021978
alpha,0.4454454454454454,denseweight,2.2667014380529444,2.9520792407993497,2582.492204653531,3.015813499316105,3406.7647765180004
alpha,0.44834834834834836,relevance,2.2537492681695688,2.9141346507935917,2516.1224671564737,2.982284538353412,3320.347652691952
alpha,0.44834834834834836,denseweight,2.2497142309742513,2.9388095626486934,2558.766262997727,3.014785509906045,3373.048939758719
alpha,0.4512512512512512,relevance,2.241872595389732,2.89984820027739,2491.5043230641295,2.975616269114351,3298.2473408301616
alpha,0.4512512512512512,denseweight,2.2761832826129083,2.9687522652321743,2611.6006361533487,3.038976538906572,3452.8961638433466
alpha,0.45415415415415417,relevance,2.2792834752234707,2.926303047830599,2536.9296435510378,3.0139736624083335,3419.0495676177193
alpha,0.45415415415415417,denseweight,2.2819236220721493,2.9530757746254723,2583.6313268434014,3.030134282558353,3422.8995657265327
alpha,0.457057057057057,relevance,2.2517301887789274,2.922214214413729,2530.1922946252485,2.9998138544821815,3329.6286615879208
alpha,0.457057057057057,denseweight,2.2488519717669027,2.9230757637160076,2531.744222086005,2.9898019446702757,3336.5229342908615
alpha,0.45995995995996,relevance,2.2500263577394755,2.8977181453954612,2487.659954170954,2.9702693686233443,3323.3359519751857
alpha,0.45995995995996,denseweight,2.271501234450065,2.938296677323797,2557.898191528431,3.0123691007694187,3412.9150579763714
alpha,0.4628628628628628,relevance,2.250115903766631,2.92137410425218,2528.8264470238496,2.992031607068971,3319.803065783722
alpha,0.4628628628628628,denseweight,2.2757679454691275,2.971413995236029,2615.6995317904502,3.044330195794004,3424.934423724752
alpha,0.4657657657657658,relevance,2.226783273931864,2.858449738011486,2420.7606484527887,2.935774214171266,3228.8063052446796
alpha,0.4657657657657658,denseweight,2.249196063814213,2.932501568465011,2547.81052514579,3.0122324841844406,3367.585212045871
alpha,0.46866866866866863,relevance,2.2873394238774485,2.8797561245108847,2457.1093055297915,2.9709906265889536,3317.286000830927
alpha,0.46866866866866863,denseweight,2.287182457755548,2.9852663072057752,2640.4684780711573,3.0509903185338603,3498.137613266402
alpha,0.4715715715715716,relevance,2.255249103809653,2.9205124831516778,2527.227852027584,2.99474410574849,3337.105809609483
alpha,0.4715715715715716,denseweight,2.2920143987575172,2.9613907190582385,2598.094470444996,3.029271813454468,3430.536189463181
alpha,0.47447447447447444,relevance,2.2577005370025987,2.884210017024782,2464.9728046307223,2.971592773322287,3317.87075649765
alpha,0.47447447447447444,denseweight,2.2628101782593,2.903217878234586,2497.3220824428263,2.973413197673327,3344.2606093548893
alpha,0.4773773773773774,relevance,2.2802477971255497,2.912834188577141,2514.110127492768,2.994472037584977,3382.5337198201223
alpha,0.4773773773773774,denseweight,2.263985297275522,2.916927318834017,2521.26220580237,2.988802647315553,3343.9125871395077
alpha,0.48028028028028025,relevance,2.2726716372620057,2.93741850783438,2556.645864896146,3.006832687186748,3368.484328631076
alpha,0.48028028028028025,denseweight,2.2593571758441158,2.951355042997469,2581.0271558953114,3.021577030779436,3401.362487790608
alpha,0.4831831831831832,relevance,2.2609119954774575,2.9292933691961136,2542.4988811124836,3.0011873488784175,3371.1085361812557
alpha,0.4831831831831832,denseweight,2.250911242353723,2.9281172990521878,2540.203987291575,2.9848573481991036,3355.364678068639
alpha,0.48608608608608606,relevance,2.2416071707460894,2.877901218224542,2453.913288889463,2.957087310405042,3294.81703784382
alpha,0.48608608608608606,denseweight,2.3005852779033193,2.9918421529649866,2651.9900376900864,3.0622674623189394,3499.309172608377
alpha,0.488988988988989,relevance,2.2716067829150606,2.9167379607169948,2520.7055869460355,2.991922637695125,3359.086049484555
alpha,0.488988988988989,denseweight,2.2480288226655807,2.941895301620958,2564.304765541645,3.0087254208466914,3352.1269901414325
alpha,0.49189189189189186,relevance,2.249563644797233,2.9082209369632377,2506.0153359129617,2.9923027077691136,3328.850792212927
alpha,0.49189189189189186,denseweight,2.3005076369891593,2.998279670947822,2663.8021801887053,3.0539735829838914,3497.4442942520154
alpha,0.4947947947947948,relevance,2.288336913524634,2.9618276429574784,2599.404546586507,3.0410480848991974,3454.0697334725533
alpha,0.4947947947947948,denseweight,2.2949995560114633,2.9917267340476146,2651.9622919412045,3.05872702567219,3523.2686787644507
alpha,0.49769769769769767,relevance,2.245175825340113,2.8625006625568226,2428.073340965382,2.943996254454277,3266.661593783775
alpha,0.49769769769769767,denseweight,2.25791071816214,2.8905117422532074,2475.6075127759623,2.9741222738061595,3322.796427539203
alpha,0.5006006006006006,relevance,2.2718258565590492,2.8741155523049664,2447.467286265915,2.970918293835683,3327.365189701342
alpha,0.5006006006006006,denseweight,2.247521340208922,2.9238378942021175,2532.8358288063605,2.993686808007654,3323.2868650864184
alpha,0.5035035035035035,relevance,2.2636142555079504,2.8805984520601715,2458.7541984867257,2.965301076973886,3322.374604198127
alpha,0.5035035035035035,denseweight,2.2612952029057505,2.965972126911142,2606.913889848942,3.0412145525255614,3431.050500030595
alpha,0.5064064064064064,relevance,2.239872390682203,2.8357514097104652,2382.566769456697,2.9205695188772687,3231.687309143376
alpha,0.5064064064064064,denseweight,2.2883086389872145,2.9803016534240445,2631.7159656879585,3.0363857979052273,3464.2076933289513
alpha,0.5093093093093093,relevance,2.227697766406535,2.879302206742184,2456.579666573698,2.9530199646928117,3235.19868449163
alpha,0.5093093093093093,denseweight,2.2255071895692824,2.898784886867021,2489.727282808666,2.958562676674447,3278.1760205772907
alpha,0.5122122122122122,relevance,2.286168502472192,2.935463867753023,2553.083680200821,3.0144969127921737,3383.119635946605
alpha,0.5122122122122122,denseweight,2.2929181445892715,2.9701076645124576,2613.686335833518,3.043355559293777,3478.4780367512612
alpha,0.5151151151151151,relevance,2.269530029590872,2.922945717444309,2531.3072184333655,2.985490120475332,3329.4749120600427
alpha,0.5151151151151151,denseweight,2.2421695256305303,2.856543516235932,2417.635815427449,2.9356904387404983,3244.0217369885563
alpha,0.5180180180180181,relevance,2.273432029222659,2.9096713371729193,2508.3372536819284,2.9931947043889915,3350.0318647919
alpha,0.5180180180180181,denseweight,2.2747041655232634,2.936942131338168,2555.470242319677,3.008416052997112,3380.29467863731
alpha,0.5209209209209209,relevance,2.265168296012357,2.903776713249379,2498.3719192510994,2.989179304751966,3364.4817785299124
alpha,0.5209209209209209,denseweight,2.265601949686776,2.926741402608324,2537.983778326727,3.0059029777474353,3359.990207192151
alpha,0.5238238238238239,relevance,2.2889828331222923,2.916538635237336,2520.4009637025765,3.0068544639224744,3383.5775891754934
alpha,0.5238238238238239,denseweight,2.2528008248030824,2.9104669871030047,2509.7702466428495,2.983499953394839,3311.0356184431116
alpha,0.5267267267267267,relevance,2.2530955357198423,2.884498253406009,2465.2090779151827,2.9610485655309997,3301.191589859705
alpha,0.5267267267267267,denseweight,2.251069256451987,2.916714837832965,2520.60141238503,2.9782169447162348,3336.650871435121
alpha,0.5296296296296297,relevance,2.281810134316901,2.92890533207156,2541.9770202982704,3.003596864317031,3405.4686430323304
alpha,0.5296296296296297,denseweight,2.3062760450397506,2.9706044438318755,2614.5515415063796,3.0442210970802597,3473.7138359497094
alpha,0.5325325325325325,relevance,2.251486031458353,2.885739999983082,2467.680782961012,2.9530512946710505,3301.1749423040546
alpha,0.5325325325325325,denseweight,2.282660850209578,2.9672526814071656,2608.6875567105344,3.041876333196634,3449.827528416158
alpha,0.5354354354354354,relevance,2.287343837862261,2.906887901584228,2503.655974922843,2.9884395608550487,3381.795962903555
alpha,0.5354354354354354,denseweight,2.295000390725623,2.977318000887349,2626.6410111701584,3.0522517385135846,3473.7091596930522
alpha,0.5383383383383383,relevance,2.3067589881259125,2.9683171512229984,2610.850217255347,3.0417886623700228,3487.6180141935765
alpha,0.5383383383383383,denseweight,2.2591863047078036,2.92385642294707,2532.8889413597376,2.9918744635571484,3343.6327893142284
alpha,0.5412412412412412,relevance,2.25988739671154,2.898970470999489,2489.965706866096,2.9805417908722114,3335.9701868464285
alpha,0.5412412412412412,denseweight,2.2740544608689253,2.9406969281727813,2562.511556865026,3.012142649065566,3428.847442754668
alpha,0.5441441441441441,relevance,2.246088526256813,2.872634360206432,2445.029652622778,2.9460947938877444,3262.6681777817903
alpha,0.5441441441441441,denseweight,2.2424848679885088,2.9037414135979094,2498.2086401953197,2.9711320773620886,3300.8695972225914
alpha,0.547047047047047,relevance,2.2422742111418343,2.8946168739860276,2482.8502946537137,2.963810907944182,3302.0413957432625
alpha,0.547047047047047,denseweight,2.26023062453357,2.93595725606055,2553.8384014399044,3.0129411482775486,3375.5277742695603
alpha,0.54994994994995,relevance,2.2691463776990126,2.9198083700942594,2525.6627872742574,2.988623207573896,3350.373397357057
alpha,0.54994994994995,denseweight,2.2857966491679633,2.949160466296805,2576.7492495064175,3.0323614921715163,3450.9866460775806
alpha,0.5528528528528528,relevance,2.260367230702673,2.8622289598463904,2427.024660682912,2.946305138480331,3280.3278527166144
alpha,0.5528528528528528,denseweight,2.244344005413059,2.9109659316314644,2510.5414573830703,2.9806299216921146,3311.188124815336
alpha,0.5557557557557558,relevance,2.2766287956042737,2.9046694638829087,2499.828260674393,2.987214017391092,3380.1926326622056
alpha,0.5557557557557558,denseweight,2.264955158766498,2.966801552200152,2607.9325134517458,3.030311196136535,3406.6682745591897
alpha,0.5586586586586586,relevance,2.242534283851899,2.8413405932249347,2391.7476095373486,2.9226993870296103,3229.142533161394
alpha,0.5586586586586586,denseweight,2.228345829392515,2.919530426970017,2525.3951732549767,2.978392107366854,3287.907209397882
alpha,0.5615615615615616,relevance,2.291420116401215,2.9500934255628084,2578.6741546882677,3.0222100763915276,3442.4117559411643
alpha,0.5615615615615616,denseweight,2.262071510792129,2.9666907141125773,2607.8231485189654,3.0213429631280926,3399.506667189798
alpha,0.5644644644644644,relevance,2.295138101159302,2.9040314515699626,2498.892550531625,2.9815215405902964,3396.4625635135585
alpha,0.5644644644644644,denseweight,2.287674764673054,2.9937491441686723,2655.542944425737,3.059080036449543,3479.945443058947
alpha,0.5673673673673674,relevance,2.26184097064331,2.8766573546067176,2451.87858060244,2.963033675888151,3317.4284232457803
alpha,0.5673673673673674,denseweight,2.261597237707217,2.935161383067358,2552.7318949897713,3.004238598544966,3397.71339660926
alpha,0.5702702702702702,relevance,2.2740774015255956,2.866997093409511,2435.518239265428,2.93874012931769,3287.2692858888963
alpha,0.5702702702702702,denseweight,2.3144501813849074,3.0459059076800883,2748.5501765675963,3.115761598213176,3605.748676632741
alpha,0.5731731731731732,relevance,2.3067777453737768,2.893286294867248,2480.315113715529,2.9712426069948425,3368.322435941167
alpha,0.5731731731731732,denseweight,2.289686389342869,3.0034622624923335,2672.8138087316033,3.063921243042507,3507.4928562053524
alpha,0.576076076076076,relevance,2.252835300390298,2.884980192991957,2465.929928691159,2.9665557875289443,3274.6822491622866
alpha,0.576076076076076,denseweight,2.295058497030449,2.9795019245899943,2630.1288076404835,3.049605188630801,3475.7676688723295
alpha,0.578978978978979,relevance,2.264809523395546,2.888431599916683,2471.885859404273,2.9713543529838637,3305.2777841015786
alpha,0.578978978978979,denseweight,2.2545850632666813,2.8961155903153046,2485.1325684176563,2.9583265238483656,3309.173085835032
alpha,0.5818818818818818,relevance,2.2696572047777357,2.910252435822089,2509.45432125644,2.9997243564581386,3383.8357966996855
alpha,0.5818818818818818,denseweight,2.2734997132690804,2.9101208191001398,2509.1382440296147,2.982922915946016,3359.8115290056967
alpha,0.5847847847847848,relevance,2.2433843307210113,2.8631297818535257,2428.9292540300094,2.9436232219678193,3261.682658468964
alpha,0.5847847847847848,denseweight,2.2729546000013463,2.9226198223658417,2531.1582454403115,2.9907856142102593,3377.195136512025
alpha,0.5876876876876876,relevance,2.2536768507170395,2.8921195163293363,2478.29007291112,2.9675726141882004,3301.838829782259
alpha,0.5876876876876876,denseweight,2.2672351562963504,2.9501054380516956,2578.741417301628,3.017782519353677,3412.747737566971
alpha,0.5905905905905906,relevance,2.2865882146013554,2.8674097738480726,2436.37000694035,2.957789573248982,3329.060200701142
alpha,0.5905905905905906,denseweight,2.2823013971197166,2.9297387729371613,2543.2558424417703,3.005080771911377,3415.6633428570426
alpha,0.5934934934934935,relevance,2.264616658713872,2.8752440024379404,2449.1905951392546,2.9508603519741166,3273.4338971489196
alpha,0.5934934934934935,denseweight,2.2447191955893198,2.9106575542222903,2510.2015060513977,2.9859760704979994,3320.8827635260504
alpha,0.5963963963963964,relevance,2.2504072652921616,2.872662451603389,2444.9015484266174,2.959783259341693,3282.698157030285
alpha,0.5963963963963964,denseweight,2.2534243148911948,2.8887213404401826,2472.4499863758037,2.9591138454843127,3309.1258641508475
alpha,0.5992992992992993,relevance,2.253213808706028,2.908870115929433,2506.8386983718883,2.985317169926118,3326.7231187711945
alpha,0.5992992992992993,denseweight,2.232666226293695,2.871612445593659,2442.777065381905,2.936233877908824,3231.1024866934745
alpha,0.6022022022022021,relevance,2.269050619517025,2.8783709368461454,2454.552383808417,2.96995236500565,3315.588107981438
alpha,0.6022022022022021,denseweight,2.2438618255118143,2.9120747380076355,2512.626702266322,2.9828115244754714,3338.4414944759274
alpha,0.6051051051051051,relevance,2.2657555888845358,2.935104085492512,2552.570652853787,3.0116313082944965,3375.965560457193
alpha,0.6051051051051051,denseweight,2.2723039739172863,2.9539150068483764,2585.3601083459976,3.030848949495027,3431.4374064430567
alpha,0.6080080080080079,relevance,2.234557052718703,2.8615312897545078,2425.9413710282242,2.9390196904761305,3251.4206604800515
alpha,0.6080080080080079,denseweight,2.2872829964911134,2.9513933527507614,2580.8051479307705,3.018188188830347,3426.9345369192274
alpha,0.6109109109109109,relevance,2.294991371213857,2.939313010373085,2559.669845727276,3.0243362157395657,3439.5583258316947
alpha,0.6109109109109109,denseweight,2.2806653081494623,3.007739866309813,2680.248172986565,3.0610569307209503,3478.4111619152204
alpha,0.6138138138138137,relevance,2.2495454555965315,2.8773150632248266,2453.0413063287065,2.954676493296078,3289.7521826940497
alpha,0.6138138138138137,denseweight,2.2522358561884945,2.9403055010163124,2561.475621359744,2.9967011882943937,3337.2018442140347
alpha,0.6167167167167167,relevance,2.2606740910645544,2.877703098484781,2453.438832317057,2.9624538812771823,3310.1525936349913
alpha,0.6167167167167167,denseweight,2.285295561568985,2.9639229298108907,2602.648290555216,3.0250436117506667,3442.969909598138
alpha,0.6196196196196195,relevance,2.289815042415673,2.919675012222384,2526.1246118969384,3.002751757470153,3389.2065762886546
alpha,0.6196196196196195,denseweight,2.2455684050176803,2.90591752454444,2502.1042391715864,2.9602669404043382,3307.5691870701453
alpha,0.6225225225225225,relevance,2.275247724583917,2.9004465860520914,2492.597196956875,2.986226088804117,3377.559565556193
alpha,0.6225225225225225,denseweight,2.230018602125388,2.8855980615257564,2467.110070590421,2.933090568781806,3256.1519934804087
alpha,0.6254254254254253,relevance,2.2996995566676763,2.909592794170714,2508.189225522532,2.9897703422409587,3390.0905339632236
alpha,0.6254254254254253,denseweight,2.2481562709805147,2.8916065690172927,2477.663420741677,2.9548437549097004,3297.0091397074625
alpha,0.6283283283283283,relevance,2.209536351216428,2.820918153107169,2357.73220119293,2.902641501979719,3163.2752743925416
alpha,0.6283283283283283,denseweight,2.281156321660488,2.9488559701906905,2576.622918004475,3.013154843141859,3418.528204791671
alpha,0.6312312312312311,relevance,2.3150633888423777,2.9144803809145956,2516.7932715303305,3.021275610359658,3474.6512845467714
alpha,0.6312312312312311,denseweight,2.237959251052403,2.885728121736306,2467.424930186014,2.9588022363129043,3285.3661996333485
alpha,0.6341341341341341,relevance,2.2897748589633937,2.918227149203948,2523.0954685914917,3.010657530458561,3408.828894078875
alpha,0.6341341341341341,denseweight,2.2604014893076427,2.912019831796537,2513.1119838289924,2.984935020685619,3344.735501000098
alpha,0.637037037037037,relevance,2.2949140788208355,2.902429251580424,2495.876460532783,2.993709238725702,3403.319813884975
alpha,0.637037037037037,denseweight,2.2528312080067767,2.9098346473828767,2509.0005448067473,2.988613171575393,3350.4458577005753
alpha,0.6399399399399399,relevance,2.280339614999518,2.8901184562900615,2475.462027012489,2.9704174551166176,3352.0299486041044
alpha,0.6399399399399399,denseweight,2.280693379287243,2.9542557416905337,2585.8275467425565,3.0202514910069933,3427.245394889693
alpha,0.6428428428428428,relevance,2.266896796472267,2.90450688229768,2499.638466034464,2.9796490805940303,3344.9868526653772
alpha,0.6428428428428428,denseweight,2.280699146464335,2.945588154413914,2570.7044429226394,3.008727500755112,3405.4956446762526
alpha,0.6457457457457457,relevance,2.228939287780056,2.850840781572462,2407.903657842034,2.942851208083183,3265.124800077463
alpha,0.6457457457457457,denseweight,2.232090113525325,2.8663297989167194,2434.3094961052234,2.9430068239209732,3258.0129368108555
alpha,0.6486486486486486,relevance,2.27405150699453,2.8468400409990844,2401.305751533325,2.9382084070817056,3305.7738725025565
alpha,0.6486486486486486,denseweight,2.2541095847934804,2.8994360298344266,2491.055737204967,2.971484294683583,3316.823927839544
alpha,0.6515515515515515,relevance,2.2856694867128895,2.902319479952122,2495.8445466627113,2.993469839063306,3373.0628252648157
alpha,0.6515515515515515,denseweight,2.291373368977848,2.9805229505239397,2632.0367124768527,3.0492332792962658,3461.946067157789
alpha,0.6544544544544544,relevance,2.258719831825672,2.8453834953056125,2398.6438153001436,2.9296054161731666,3267.4982840717566
alpha,0.6544544544544544,denseweight,2.222492194354303,2.8419747182718074,2393.4466330291452,2.905566367096701,3204.036771360208
alpha,0.6573573573573573,relevance,2.2197945754719997,2.8077686631127925,2335.8624073580486,2.8924334517316446,3162.8776566689544
alpha,0.6573573573573573,denseweight,2.2868807600887586,2.943896786621368,2567.812893435895,3.007008821380658,3394.783497924919
alpha,0.6602602602602602,relevance,2.278646014743168,2.8724528475603686,2444.58090536887,2.9600483387814918,3342.0639260635767
alpha,0.6602602602602602,denseweight,2.252048153992086,2.8692492534287717,2439.1669677098553,2.938750497765162,3308.0925634511827
alpha,0.6631631631631631,relevance,2.26771476476553,2.8779252316058033,2453.754797205698,2.9653867882875997,3330.1799547563005
alpha,0.6631631631631631,denseweight,2.2510988413730124,2.8777592228249,2454.120186290619,2.9530666463024877,3288.0236058928504
alpha,0.666066066066066,relevance,2.256589274270781,2.849454488336138,2405.7340831291053,2.9437433347273094,3280.058319876517
alpha,0.666066066066066,denseweight,2.2486651476938624,2.8862217146232165,2468.072152838527,2.964261131851988,3307.5264991965723
alpha,0.668968968968969,relevance,2.2474605749455123,2.878580027207878,2455.0874954678275,2.964992436722781,3304.3810167959296
alpha,0.668968968968969,denseweight,2.2585683339331566,2.9289852722084473,2541.514679416024,2.99490236884701,3351.692972002849
alpha,0.6718718718718718,relevance,2.2796527551910697,2.915395132677781,2518.189862944534,2.9930110325862733,3366.8990411594077
alpha,0.6718718718718718,denseweight,2.2714094467283457,2.9535510468633817,2584.6020538244506,3.0266994112499326,3418.55375362621
alpha,0.6747747747747748,relevance,2.259331108523199,2.8981236666483796,2488.4971028380696,2.981510046180918,3329.4261843223812
alpha,0.6747747747747748,denseweight,2.2772393024217537,2.9489510042716054,2576.7825913457305,3.0136522813920763,3424.9753747664768
alpha,0.6776776776776776,relevance,2.233240015030762,2.8306367589627546,2373.860333049361,2.922481940663089,3228.3413247456074
alpha,0.6776776776776776,denseweight,2.257860104977087,2.905945999459971,2502.1520579922767,2.9786558983981766,3338.048321329649
alpha,0.6805805805805806,relevance,2.2761382568945248,2.9196506655179717,2525.5177126014823,2.99373146358675,3346.945856749495
alpha,0.6805805805805806,denseweight,2.2498266724401232,2.9153652200666924,2518.4087094207594,2.9859346325693386,3326.016269710394
alpha,0.6834834834834834,relevance,2.2580468552209014,2.876629443621258,2451.842727990818,2.958155456363572,3303.247733056921
alpha,0.6834834834834834,denseweight,2.264979055305975,2.947115860284506,2573.2119463505364,3.0045908082162502,3382.214475973551
alpha,0.6863863863863864,relevance,2.271038258818618,2.8759500547019727,2450.669862991424,2.9512871284714772,3316.9596622656186
alpha,0.6863863863863864,denseweight,2.2803891451578004,2.966086820245148,2606.808870498262,3.0277496547394125,3460.0329184042726
alpha,0.6892892892892892,relevance,2.2364252608856754,2.8442819714837677,2396.5149089383617,2.91891048763496,3243.180982941742
alpha,0.6892892892892892,denseweight,2.257292555764887,2.884636380739263,2465.6656581325683,2.958537511671055,3267.7610291370884
alpha,0.6921921921921922,relevance,2.3003732516184474,2.91540734901155,2517.9067852524004,3.003841626670886,3402.8275518829278
alpha,0.6921921921921922,denseweight,2.287456650960266,2.948070611674558,2574.9932246135304,3.0219258863938867,3438.8682679851636
alpha,0.695095095095095,relevance,2.289323822018032,2.891142774776107,2476.581673113867,2.9839429699502733,3383.409594670393
alpha,0.695095095095095,denseweight,2.2913895783641074,2.9400628016777146,2561.093862934031,3.007428033478754,3403.920371107732
alpha,0.697997997997998,relevance,2.304942586255412,2.9222981678744144,2529.997711462913,3.013097924951529,3440.5972625294403
alpha,0.697997997997998,denseweight,2.2636042020821874,2.9216359228291338,2529.315137017677,2.9932759691280864,3352.02614921553
alpha,0.7009009009009008,relevance,2.270524930050502,2.8868556115971753,2469.52126186125,2.977061643697182,3353.764894227511
alpha,0.7009009009009008,denseweight,2.2680598893114428,2.946522882529611,2572.100336953009,3.011833875193083,3402.834979278138
alpha,0.7038038038038038,relevance,2.3086694247932065,2.9244460818593314,2533.7346303039194,3.0037268114739497,3433.369060025661
alpha,0.7038038038038038,denseweight,2.2939323278079655,2.958398134428731,2593.2186298856655,3.0315732956399284,3463.367136197084
alpha,0.7067067067067067,relevance,2.2743756630833847,2.8790169963216354,2455.52471294104,2.951383185456728,3297.0830397017517
alpha,0.7067067067067067,denseweight,2.2734981940923373,2.9238063772504503,2532.954070740263,2.984804843729787,3381.81657078243
alpha,0.7096096096096096,relevance,2.263663976300266,2.9230810582888322,2531.556163717318,3.0056940720468175,3370.2003505614216
alpha,0.7096096096096096,denseweight,2.259349783591242,2.8696805517965633,2439.9492741855656,2.942218786531227,3301.6758692117255
alpha,0.7125125125125125,relevance,2.288732294130202,2.91899198605203,2524.122799168623,2.9919181100301273,3373.2788296077365
alpha,0.7125125125125125,denseweight,2.252901182228072,2.8684290367635925,2438.306065541751,2.931128909515161,3282.991945372465
alpha,0.7154154154154154,relevance,2.26283303527189,2.918647722043245,2523.719657646556,2.990925141115849,3354.745887174001
alpha,0.7154154154154154,denseweight,2.311813476714965,2.9708297791388927,2614.8284724474793,3.038347119523749,3473.600770137389
alpha,0.7183183183183183,relevance,2.285426529568638,2.92996784936328,2543.5787314442873,2.9986659535538966,3371.591818257387
alpha,0.7183183183183183,denseweight,2.2876536728862775,2.9480370069194275,2574.734120984987,3.009407998918396,3377.177044314681
alpha,0.7212212212212211,relevance,2.2588429451463754,2.903229645847047,2497.0045500645065,2.9683536389278373,3306.595357912705
alpha,0.7212212212212211,denseweight,2.3033049508203125,2.9802087411501788,2631.583864049237,3.041210040690684,3471.0041597523805
alpha,0.7241241241241241,relevance,2.2684741045415358,2.8903919345667406,2475.01578721145,2.973103583249166,3337.7673743995297
alpha,0.7241241241241241,denseweight,2.2949690361404307,2.9875182078083555,2644.3373697760244,3.0471818234186268,3466.941135423195
alpha,0.7270270270270269,relevance,2.261461318366601,2.892935972238106,2479.545181930344,2.968381028729149,3326.0856561203036
alpha,0.7270270270270269,denseweight,2.2662274149408463,2.915422155061106,2518.640470079255,2.9797656089882416,3350.2269226574526
alpha,0.7299299299299299,relevance,2.2633748602972545,2.9011785787734503,2493.6327045121384,2.964740740822591,3312.101391014803
alpha,0.7299299299299299,denseweight,2.221896938031041,2.8972869071481746,2487.279038665421,2.9526933970792943,3265.985204922937
alpha,0.7328328328328327,relevance,2.2358659119964135,2.8349101215429027,2381.354534225305,2.9100918055617364,3194.3624786481023
alpha,0.7328328328328327,denseweight,2.2612829876546843,2.931181368861567,2545.8960783273524,3.001673122145601,3376.8853980216495
alpha,0.7357357357357357,relevance,2.2577649366311485,2.907282865348418,2504.280642335619,2.9823329339295475,3330.3839339296483
alpha,0.7357357357357357,denseweight,2.251014003602203,2.8830720537850016,2462.735139666251,2.9568575615671038,3302.4892766038456
alpha,0.7386386386386385,relevance,2.2793023127043366,2.9220339851812938,2529.6662818447057,2.9987139475403835,3373.717876219728
alpha,0.7386386386386385,denseweight,2.2660355863004606,2.949915700486052,2578.4543410055335,3.0154822150366787,3387.900223121507
alpha,0.7415415415415415,relevance,2.2701781017597304,2.9179380279684075,2522.837735672791,3.001248239873296,3367.658928346882
alpha,0.7415415415415415,denseweight,2.287785169701701,2.922122150451801,2530.562170341619,2.993350194474849,3381.4550575822177
alpha,0.7444444444444444,relevance,2.2581851682593697,2.9013444764391987,2494.131098035058,2.9835733443789128,3346.7689626787696
alpha,0.7444444444444444,denseweight,2.262221250285108,2.9202781283451236,2526.67122349951,2.9832126929822715,3333.571315566657
alpha,0.7473473473473473,relevance,2.246256044517521,2.9136192163587875,2515.186900930294,3.0001691523805487,3353.039494194311
alpha,0.7473473473473473,denseweight,2.267594160301832,2.918008602670398,2523.178526890306,2.979781604240865,3350.285090727536
alpha,0.7502502502502502,relevance,2.2942806573980166,2.9211808076345944,2528.364684477549,3.0193804220211393,3423.0525646766046
alpha,0.7502502502502502,denseweight,2.284243993607186,2.9280196544023323,2540.24305426954,2.9983150979435775,3392.0856007489383
alpha,0.7531531531531531,relevance,2.2606920668545323,2.8975127067156192,2487.5128301126024,2.9825724278449925,3321.7074325496656
alpha,0.7531531531531531,denseweight,2.2496006395054473,2.92233967970539,2530.126926573931,2.988121764825937,3346.1310517585216
alpha,0.756056056056056,relevance,2.273058875390421,2.8647576823708496,2431.4921012719565,2.9602665470417153,3322.2881971548563
alpha,0.756056056056056,denseweight,2.2303445664565653,2.8762012514078994,2451.014428003874,2.93203110453831,3241.4046698660654
alpha,0.7589589589589589,relevance,2.27682301125009,2.92745883757014,2538.9739799424797,3.017192734597649,3422.1681626277564
alpha,0.7589589589589589,denseweight,2.267074745325857,2.9328176079043957,2548.5919715516916,2.9890960716656747,3368.9464094996606
alpha,0.7618618618618618,relevance,2.251776505373104,2.885934425278123,2467.954800396256,2.96689056873011,3294.7325532198897
alpha,0.7618618618618618,denseweight,2.253778804786851,2.8902913082654687,2475.1924688225176,2.962659959345024,3306.917873062663
alpha,0.7647647647647647,relevance,2.283052022499932,2.908143640497275,2506.0846591941654,2.997909026106801,3384.1442220183803
alpha,0.7647647647647647,denseweight,2.2854730510066044,2.9320560814606798,2547.3386423934894,3.0064938388721454,3391.9401745404903
alpha,0.7676676676676676,relevance,2.2592522784096207,2.9088157800879677,2507.0536507632455,2.9819194592730347,3343.34388283178
alpha,0.7676676676676676,denseweight,2.2712048459110528,2.9158832305555866,2519.682838323583,2.984685292337119,3363.9199031422872
alpha,0.7705705705705705,relevance,2.2671204169982917,2.883319546149614,2463.152467663851,2.9861578852958033,3364.585259834748
alpha,0.7705705705705705,denseweight,2.2681421174180123,2.9208084033530892,2527.9390709641757,2.998010536120734,3403.4751944396567
alpha,0.7734734734734734,relevance,2.2588847977339994,2.869421009619441,2439.38910527308,2.944451360698282,3272.994625401609
alpha,0.7734734734734734,denseweight,2.275804976296166,2.934395388907959,2551.058670758577,3.0159386647029303,3392.3104404111846
alpha,0.7763763763763764,relevance,2.255736999157507,2.8611396407153205,2425.469754997634,2.957572627793877,3292.518122131083
alpha,0.7763763763763764,denseweight,2.266894916474477,2.9593223988070316,2594.7868927388163,3.025516238393122,3428.1939136466476
alpha,0.7792792792792792,relevance,2.2776069557202545,2.9011797833073363,2494.023256297325,2.993148965802591,3363.873326530993
alpha,0.7792792792792792,denseweight,2.3013802118973103,2.9751722451104956,2622.52286787578,3.034224483669726,3463.083540869847
alpha,0.7821821821821822,relevance,2.2560360376083564,2.9014311325898934,2494.4840153386854,2.9849251615862733,3323.8983164309634
alpha,0.7821821821821822,denseweight,2.2841833867751973,2.949330600605066,2577.685510080771,3.017077334147485,3406.65756449563
alpha,0.785085085085085,relevance,2.249064354200098,2.871988233105268,2443.7965296482425,2.9528877799548074,3281.087648636467
alpha,0.785085085085085,denseweight,2.2630718557827443,2.8738007997897577,2446.8998869282877,2.9416938315902685,3283.8163991461424
alpha,0.787987987987988,relevance,2.274503649983338,2.925287296917429,2535.606532743967,3.0048315921476036,3383.5860112498863
alpha,0.787987987987988,denseweight,2.2725269472092897,2.8913212128324597,2477.120900443937,2.966959620476737,3339.4157884780248
alpha,0.7908908908908908,relevance,2.293547801102939,2.9255577196050657,2536.0287447546234,2.996240562212209,3411.4515722092747
alpha,0.7908908908908908,denseweight,2.273955347128714,2.912225015821076,2512.9875774137936,2.9950249485733256,3371.5815445317216
alpha,0.7937937937937938,relevance,2.250135956960974,2.8484167859274963,2403.6237730498706,2.920095543164444,3239.1075793662517
alpha,0.7937937937937938,denseweight,2.265679801304841,2.909669047159493,2508.154509571347,2.9821857387422503,3353.053125430154
alpha,0.7966966966966966,relevance,2.259127754393724,2.8827876811019055,2462.2866992257404,2.97503467093465,3335.327510404113
alpha,0.7966966966966966,denseweight,2.271330654956297,2.9271304376570098,2538.799102837642,2.99636962460011,3372.352105057752
alpha,0.7995995995995996,relevance,2.2438358448504236,2.8757716203695143,2450.6233064506923,2.942598367691974,3255.327830342051
alpha,0.7995995995995996,denseweight,2.2774030336603417,2.9161458281274086,2519.751064933819,2.9816745554336235,3400.5244483383944
alpha,0.8025025025025024,relevance,2.2164025616855385,2.827983626115856,2369.6745068891523,2.913126433732028,3187.8032969157957
alpha,0.8025025025025024,denseweight,2.266789140002652,2.9316660218625588,2546.589497154279,2.9952723536819508,3416.112534151574
alpha,0.8054054054054054,relevance,2.2563566602069955,2.8881717396006583,2471.5929843535337,2.968757728365211,3314.6592880018757
alpha,0.8054054054054054,denseweight,2.2847691073881435,2.8945961548826076,2482.699162296551,2.973001944632556,3376.7963499107814
alpha,0.8083083083083082,relevance,2.278412712437869,2.907213811403001,2504.3620524025705,2.9959452922600325,3398.7033541464666
alpha,0.8083083083083082,denseweight,2.3180046745044236,2.999556058795032,2665.922178457995,3.0648722507581847,3535.6744329233766
alpha,0.8112112112112112,relevance,2.258578436326924,2.8848930928956458,2465.6706511480643,2.961149541580006,3331.27128379445
alpha,0.8112112112112112,denseweight,2.2799186570451435,2.9073288567478093,2504.558267235593,2.980013423479994,3403.309466539364
alpha,0.814114114114114,relevance,2.249706824505054,2.855084891485683,2415.4337671421185,2.9342861889492426,3243.764634650143
alpha,0.814114114114114,denseweight,2.256335848548932,2.921376415838152,2528.704291367206,2.9867089351136937,3377.8620067358706
alpha,0.817017017017017,relevance,2.300216000006759,2.9380006609452693,2557.868373609796,3.023047659572924,3456.3310383152298
alpha,0.817017017017017,denseweight,2.2895728014474535,2.9165948671927056,2520.19265745781,2.983161530914076,3399.1718537479605
alpha,0.8199199199199199,relevance,2.2648302914032334,2.8937338578979825,2480.833562765711,2.9736432902106213,3341.803832620059
alpha,0.8199199199199199,denseweight,2.2925426081375115,2.927212381651799,2538.737836326169,2.999160810591176,3417.2958990223387
alpha,0.8228228228228228,relevance,2.2742646266462643,2.91899580313729,2524.682716991083,3.0027949589556346,3360.162502783794
alpha,0.8228228228228228,denseweight,2.2881907282373914,2.9421999622236514,2564.924003071635,3.02548973523102,3449.8532735640956
alpha,0.8257257257257257,relevance,2.2658090263112456,2.8970645269131046,2486.8813796291215,2.977521580679236,3330.507327414226
alpha,0.8257257257257257,denseweight,2.2854779188010292,2.9665557428423073,2607.47363788077,3.038697062502119,3468.209489067813
alpha,0.8286286286286286,relevance,2.2773922664930053,2.883369377752131,2463.4461875957486,2.9675583640128966,3303.2522980082726
alpha,0.8286286286286286,denseweight,2.2746661999683977,2.9425161088208607,2565.578227736282,2.9976288578528996,3386.0845919499047
alpha,0.8315315315315315,relevance,2.274134224876255,2.913713310911449,2515.4463989121214,2.9936968829669923,3346.1044526422434
alpha,0.8315315315315315,denseweight,2.272460658533318,2.9312031377611136,2545.7514753303794,3.0063970583643553,3373.4987641155253
alpha,0.8344344344344344,relevance,2.234581166639063,2.839625795912189,2389.019848912562,2.917058880722256,3199.473662958572
alpha,0.8344344344344344,denseweight,2.2293176819844835,2.864519537649873,2431.3269463779875,2.926085494130596,3224.9032618196725
alpha,0.8373373373373373,relevance,2.2416399387048234,2.851191270131301,2408.8275045010914,2.929536957380622,3236.8051126449127
alpha,0.8373373373373373,denseweight,2.2632911730117224,2.904223901518128,2498.9651776529477,2.9833102183913334,3347.8045070772605
alpha,0.8402402402402402,relevance,2.234004240570999,2.8356998804470472,2382.6589526305925,2.9210166870815595,3220.894187733698
alpha,0.8402402402402402,denseweight,2.2413266016676054,2.9027196849247394,2496.5442646535707,2.977070043069365,3315.7185886468665
alpha,0.8431431431431431,relevance,2.2343454125088336,2.8245002869596014,2363.9602791528573,2.913500080253208,3235.5125433965036
alpha,0.8431431431431431,denseweight,2.2889357046318275,2.9485321072987203,2575.723371760463,3.0322930796821432,3440.61841986149
alpha,0.8460460460460459,relevance,2.2557617761305306,2.8433264177710362,2395.529178003266,2.922364725045161,3274.2807384251187
alpha,0.8460460460460459,denseweight,2.264249038275743,2.923845868728313,2533.0810097480844,2.983707899037379,3321.536956182938
alpha,0.8489489489489489,relevance,2.252462331950985,2.877944597793341,2454.362816596286,2.948544397715907,3279.0398098967166
alpha,0.8489489489489489,denseweight,2.284801922816333,2.9003137081376313,2492.233616657683,2.9883303674072996,3360.409985188954
alpha,0.8518518518518517,relevance,2.2715894983059477,2.9194811967678493,2525.7607885542006,3.003371995053907,3385.7865191396936
alpha,0.8518518518518517,denseweight,2.2497465651541986,2.862334985679301,2427.585698832589,2.9335307688458485,3254.35789098403
alpha,0.8547547547547547,relevance,2.2539594666476437,2.861020700876105,2425.5360753085383,2.9460573105162875,3291.855394206752
alpha,0.8547547547547547,denseweight,2.2702968149261924,2.903940090568841,2498.850538331398,2.9865875623428186,3355.556374831502
alpha,0.8576576576576576,relevance,2.2605172753178575,2.8785774239326876,2454.960456195099,2.9570750309513834,3283.544484892496
alpha,0.8576576576576576,denseweight,2.272511244789425,2.941049870463537,2563.020853020897,3.0156384891144494,3406.7763420890847
alpha,0.8605605605605605,relevance,2.284274459429167,2.8802669145203725,2458.394532720535,2.9717620044266564,3356.5423671215967
alpha,0.8605605605605605,denseweight,2.2703295797439798,2.9046817941876304,2499.7792827046896,2.982362896542368,3343.836148394089
alpha,0.8634634634634634,relevance,2.257008433358427,2.881773307526882,2460.4152392025458,2.957768098030402,3271.3621336946458
alpha,0.8634634634634634,denseweight,2.2354306436963767,2.8652042573982768,2432.307779110918,2.937377284987969,3250.9007454216617
alpha,0.8663663663663663,relevance,2.265539720738246,2.861189583042923,2425.742205919687,2.9370071099118245,3278.358774891064
alpha,0.8663663663663663,denseweight,2.2672839940459255,2.9032068312928705,2497.1522160347185,2.980810882342372,3313.11383145616
alpha,0.8692692692692692,relevance,2.282961733864049,2.9151471351310105,2518.0505911267683,2.990253469792377,3376.060558934644
alpha,0.8692692692692692,denseweight,2.2652592767936497,2.910583879358867,2509.944361343983,2.9774986392476737,3340.975323992465
alpha,0.8721721721721721,relevance,2.2572460479817194,2.857547293229098,2419.4122622155496,2.936949629802889,3273.292518639185
alpha,0.8721721721721721,denseweight,2.2334075094280603,2.8502838685851533,2406.9878979149526,2.9303063279691313,3243.6636780302715
alpha,0.875075075075075,relevance,2.2790434357786133,2.90318166954952,2497.5878429605427,2.981105430095903,3344.1752765640676
alpha,0.875075075075075,denseweight,2.2765060699210733,2.896863792092706,2486.104490659959,2.9818088137870804,3370.0133463829757
alpha,0.8779779779779779,relevance,2.2695240775484895,2.933655526563783,2549.868383722771,3.001870711567672,3384.1881712768213
alpha,0.8779779779779779,denseweight,2.2758474260886734,2.9426155653844512,2565.5708381047707,3.022196130413863,3429.3484655400384
alpha,0.8808808808808808,relevance,2.251593323645617,2.8812743272711088,2459.880387215642,2.9566517037338773,3292.8830864669517
alpha,0.8808808808808808,denseweight,2.2805786017252303,2.95668974072444,2590.0372022651954,3.0240579706063273,3404.7940759675053
alpha,0.8837837837837837,relevance,2.2552295778624227,2.875311606940233,2449.8801650918913,2.957460266959439,3314.282792625008
alpha,0.8837837837837837,denseweight,2.2673096228510383,2.8869332540373995,2469.32558600902,2.9647973605275215,3336.1346575907587
alpha,0.8866866866866866,relevance,2.265480840799475,2.9341643928806063,2550.8944080957112,3.0062984227772542,3366.6979774422184
alpha,0.8866866866866866,denseweight,2.278219770880143,2.903931323321171,2498.443607941132,2.98150112287731,3360.1409012516797
alpha,0.8895895895895896,relevance,2.2645886950198113,2.8949807250556554,2483.0817355058716,2.9734497593767872,3325.926690284367
alpha,0.8895895895895896,denseweight,2.267347416723589,2.8626990812523907,2428.4898109097735,2.9441173803455434,3294.613812890352
alpha,0.8924924924924924,relevance,2.2793253061556453,2.9246887124687837,2534.5124244668477,3.001173600364305,3399.118291091603
alpha,0.8924924924924924,denseweight,2.2580570564156086,2.883731395376418,2464.3766953572976,2.963603424884226,3325.504183878607
alpha,0.8953953953953954,relevance,2.2721364491724523,2.9373934987882886,2556.401075291628,3.018026343765625,3411.596831733162
alpha,0.8953953953953954,denseweight,2.2983397073162286,2.9428187344830894,2566.1857343637053,3.009632382675677,3429.173137765757
alpha,0.8982982982982982,relevance,2.2942007805808915,2.9588566355792336,2594.0971549791116,3.050885165581296,3491.656334945857
alpha,0.8982982982982982,denseweight,2.2590377584584087,2.9014588110628425,2494.3893378142907,2.9665518836854763,3309.4001975900455
alpha,0.9012012012012012,relevance,2.2912188076040176,2.8829987543340136,2462.532080588438,2.9638207365303613,3341.225870335855
alpha,0.9012012012012012,denseweight,2.2630329747447053,2.882269665493865,2461.593071619708,2.963720704814459,3321.8415692080616
alpha,0.904104104104104,relevance,2.276586997372418,2.8869787887354033,2469.7257478857564,2.982417749294254,3375.504099651214
alpha,0.904104104104104,denseweight,2.28832772039107,2.970368620583403,2614.08788901002,3.024213815477985,3429.1811472870986
alpha,0.907007007007007,relevance,2.2698188521237146,2.9056526774133995,2501.613990765957,2.982744470312,3355.673209660567
alpha,0.907007007007007,denseweight,2.2685295790752296,2.928066610083535,2540.3279808847938,2.9909938366858078,3364.7440403154687
alpha,0.9099099099099098,relevance,2.265783242966604,2.88152177535235,2460.011896134412,2.9545616846234326,3321.916530272505
alpha,0.9099099099099098,denseweight,2.2584245022650387,2.8921965193888357,2478.229091594177,2.9490185949103225,3270.6534461267615
alpha,0.9128128128128128,relevance,2.285503840450857,2.936135913353612,2554.1876722837474,3.0197840596275216,3438.8106477877145
alpha,0.9128128128128128,denseweight,2.293376592441525,2.966628582233637,2607.806792835245,3.029661130753704,3449.8254301852453
alpha,0.9157157157157156,relevance,2.265835523428648,2.911970193242704,2512.492208270216,2.9756540973551644,3361.315613452708
alpha,0.9157157157157156,denseweight,2.2919098325833493,2.9346310122799024,2552.178747205259,3.004956111121704,3442.5141815474603
alpha,0.9186186186186186,relevance,2.2622765408605865,2.903706697618227,2498.357285131669,2.976692382576793,3352.403609334121
alpha,0.9186186186186186,denseweight,2.261851267068917,2.9047486248679424,2499.856008638372,2.9648481388718717,3327.654086026186
alpha,0.9215215215215214,relevance,2.28265376087255,2.907749462612284,2505.4532069269403,2.989641412715604,3387.673990887778
alpha,0.9215215215215214,denseweight,2.2970421255730873,2.9013811404651237,2494.2964028832257,2.9802597680629255,3401.3552363075682
alpha,0.9244244244244244,relevance,2.2828942204305993,2.935712552386334,2553.4915252377436,3.020018918849091,3422.7579771796904
alpha,0.9244244244244244,denseweight,2.288045428376335,2.9027942645148603,2496.726266127456,2.974338158147363,3343.323639908077
alpha,0.9273273273273273,relevance,2.2592786956548085,2.899189219418651,2490.425943047386,2.971793513472697,3341.5482311234355
alpha,0.9273273273273273,denseweight,2.306563814742432,2.8944136010477806,2482.2706147373865,2.981937218392555,3409.7480783071005
alpha,0.9302302302302302,relevance,2.275017881710809,2.9193845203851985,2525.4018358507706,2.996735009624451,3389.576704370524
alpha,0.9302302302302302,denseweight,2.2671867754341433,2.9132793036960005,2515.0801415589385,2.979963192358402,3355.273541159167
alpha,0.9331331331331331,relevance,2.2684691337391665,2.8841587274320237,2464.773479187089,2.972376717054128,3328.747466188881
alpha,0.9331331331331331,denseweight,2.301578188827168,2.952608470947558,2583.427436719388,3.0327142321349796,3473.9221948273052
alpha,0.936036036036036,relevance,2.268092237912485,2.892738164063839,2479.1490009199856,2.9738756264746855,3330.6177876902843
alpha,0.936036036036036,denseweight,2.2623338409613476,2.919199857931446,2525.0686926170215,2.9712142064650036,3339.8172264173486
alpha,0.9389389389389389,relevance,2.2771103046835255,2.9210955009332107,2528.0850419679427,3.006645922645449,3387.176129391552
alpha,0.9389389389389389,denseweight,2.265751553967931,2.913390844239901,2514.827811091255,2.979623766527201,3349.7827191469137
alpha,0.9418418418418418,relevance,2.273052044275794,2.929640676670788,2543.2321211738326,3.0003680014626046,3418.8358199785825
alpha,0.9418418418418418,denseweight,2.278755979108577,2.942214808224002,2565.3281931156484,3.0083980663180974,3399.078405661735
alpha,0.9447447447447447,relevance,2.2552673451076397,2.863175448177937,2429.253260655421,2.9466202724048416,3305.9982701636036
alpha,0.9447447447447447,denseweight,2.3111330037108084,3.0093582553314318,2683.711769960732,3.063966295396312,3514.9592394142255
alpha,0.9476476476476476,relevance,2.271555697116603,2.8827438383339277,2462.287840238729,2.9720125337512404,3337.797862863326
alpha,0.9476476476476476,denseweight,2.29210643529816,2.9397490050749826,2560.701657228868,3.003147739324277,3414.0731916543486
alpha,0.9505505505505505,relevance,2.2832107375014994,2.9008245363412075,2493.3003416202487,2.9809836321830128,3373.090336509316
alpha,0.9505505505505505,denseweight,2.2810723617719817,2.900984760346307,2493.643682013379,2.968664306691158,3330.0092698448007
alpha,0.9534534534534534,relevance,2.286165553164401,2.901794609319749,2495.270770287445,2.9964853172009085,3431.802810290597
alpha,0.9534534534534534,denseweight,2.2708142612188227,2.8588325464037756,2421.6597961983352,2.9324524272173154,3284.0071369371813
alpha,0.9563563563563563,relevance,2.237701981915005,2.8491454633653737,2405.5370193249964,2.9411631802607543,3264.504331860282
alpha,0.9563563563563563,denseweight,2.322342320568359,2.95632819005516,2589.5086046621013,3.028303203243192,3491.994263653495
alpha,0.9592592592592593,relevance,2.3297992754445738,2.9457558198331504,2571.406914574164,3.033910456698091,3511.656168781933
alpha,0.9592592592592593,denseweight,2.2603087168903095,2.881489258470187,2460.271897103624,2.942759989227134,3289.3359970006054
alpha,0.9621621621621621,relevance,2.272096407202454,2.8692144497551944,2439.3317220643016,2.952721208364289,3343.359338105309
alpha,0.9621621621621621,denseweight,2.323457851371004,2.944700905267506,2568.9039514148594,3.0224613265019755,3493.6307507989495
alpha,0.9650650650650651,relevance,2.2628783144744933,2.9097581450337553,2508.793824075956,2.985541517487005,3349.615776502367
alpha,0.9650650650650651,denseweight,2.3007670142889727,2.9122396512854296,2513.0902242957027,2.9834855693080167,3394.2289673408227
alpha,0.9679679679679679,relevance,2.2910464452529227,2.9579855936675514,2592.670931163274,3.045669657323229,3469.662452313469
alpha,0.9679679679679679,denseweight,2.277113857707827,2.9048920023728533,2500.081513006141,2.9739036849284766,3329.8696066780067
alpha,0.9708708708708708,relevance,2.284733917079082,2.9361642811256194,2554.7542267070107,3.008590769583076,3433.088253518065
alpha,0.9708708708708708,denseweight,2.275557284480711,2.911808091611412,2512.355077057417,2.98182592896666,3359.6043611561777
alpha,0.9737737737737737,relevance,2.2848358320211926,2.9700939925266643,2613.7482028054087,3.0383936978703074,3449.3488742469303
alpha,0.9737737737737737,denseweight,2.2585909614267576,2.879135149120479,2456.2688923763853,2.948905342602735,3295.860130852104
alpha,0.9766766766766766,relevance,2.2841385971970585,2.885920077756743,2467.849079288259,2.979211874754934,3380.8792370426795
alpha,0.9766766766766766,denseweight,2.3073143469421677,2.9284150272232834,2540.7209100086952,3.008917180627826,3412.808906048042
alpha,0.9795795795795795,relevance,2.275366402718853,2.889981109741424,2474.599144102031,2.985675945362034,3362.778676544634
alpha,0.9795795795795795,denseweight,2.2639779614915647,2.8513655808268443,2408.9022258427303,2.91276962122958,3228.270132835424
alpha,0.9824824824824824,relevance,2.260854458859554,2.917105760342712,2521.4700083038297,2.9997761069300344,3383.4516737365943
alpha,0.9824824824824824,denseweight,2.2730816370904843,2.89829964470222,2488.6789807452315,2.959471101454382,3297.454294017969
alpha,0.9853853853853853,relevance,2.2657144523946875,2.88826527286512,2471.709814827109,2.977566294451684,3346.2463390709445
alpha,0.9853853853853853,denseweight,2.2668175830186668,2.8927194995639933,2479.3354487445495,2.9485962804454906,3279.781268030283
alpha,0.9882882882882882,relevance,2.2469037746852223,2.8354599755017653,2382.8439615952834,2.9235172790995514,3239.02157473616
alpha,0.9882882882882882,denseweight,2.260828486063662,2.876112671307551,2450.6168650861723,2.9344495248803453,3261.392912155377
alpha,0.9911911911911911,relevance,2.2653029058108776,2.923076750725996,2531.805100622555,2.997362619642985,3350.4274061778433
alpha,0.9911911911911911,denseweight,2.2818653218349523,2.891542254460508,2477.344343087723,2.967942363210097,3363.569558282775
alpha,0.994094094094094,relevance,2.25339684201245,2.9179109811995607,2522.6309840073427,2.997716879075105,3340.7148864068427
alpha,0.994094094094094,denseweight,2.2659229358259507,2.879559012393822,2456.857610624339,2.9433179355229346,3301.5346946515037
alpha,0.996996996996997,relevance,2.2703285467881393,2.9346889665393494,2551.626604476519,3.0167377118540286,3429.465090426139
alpha,0.996996996996997,denseweight,2.2719565018831447,2.8736677351893682,2446.8855696582514,2.9360730605989342,3281.892372009491
alpha,0.9998998998998998,relevance,2.281988384861912,2.923832749312985,2533.0747904053746,3.0137062913096324,3419.27093066605
alpha,0.9998998998998998,denseweight,2.2959172517892874,2.940523529261874,2562.2326681155014,3.0097796102780405,3418.373856921555
alpha,1.0028028028028029,relevance,2.3134828458862993,2.948037320293862,2575.3740078261817,3.0370443726840675,3493.995679012481
alpha,1.0028028028028029,denseweight,2.2859987579657215,2.926525855134959,2537.4030571884978,3.0051104225507284,3373.6008886769137
alpha,1.0057057057057057,relevance,2.248247661077409,2.878985778302037,2455.6931625189422,2.9628227959402045,3301.202452713127
alpha,1.0057057057057057,denseweight,2.3112846717919235,2.977233965021199,2626.4535952991023,3.032061512134931,3460.052842267285
alpha,1.0086086086086086,relevance,2.2497740494349756,2.8826695405969134,2461.985013301571,2.9689259206453515,3319.8131576897345
alpha,1.0086086086086086,denseweight,2.255287545542675,2.86539855329338,2432.2016225050365,2.944725292965183,3293.147210665955
alpha,1.0115115115115114,relevance,2.2896216698695757,2.8952549848057565,2483.8907401084152,2.983356769413831,3338.7284363582753
alpha,1.0115115115115114,denseweight,2.268717439619369,2.8788183516575847,2455.314701936629,2.946030481533049,3301.1687300759427
alpha,1.0144144144144145,relevance,2.2450796892080804,2.846176631258309,2400.3834595899375,2.9333370857161247,3269.6319467980366
alpha,1.0144144144144145,denseweight,2.3080943300448165,2.940947888114588,2562.6365704961686,3.009449427947988,3445.0863048656474
alpha,1.0173173173173173,relevance,2.2796057687679534,2.9133872612992406,2514.886686485002,3.001291779694852,3385.843065685559
alpha,1.0173173173173173,denseweight,2.2647115088592904,2.8708665571854626,2441.861794160053,2.9435500645213133,3280.8034152836635
alpha,1.0202202202202202,relevance,2.276237443747974,2.8907015013764186,2475.3852347836632,2.9624383174963578,3293.8335491348907
alpha,1.0202202202202202,denseweight,2.282295288658985,2.8908335192006795,2476.291325561798,2.9590570916784493,3351.557868935544
alpha,1.023123123123123,relevance,2.3083863182354447,2.9527877876017143,2583.580257987856,3.042407172265294,3472.6641326614645
alpha,1.023123123123123,denseweight,2.290034497662101,2.8929288303168597,2479.2248265374365,2.9577801396668613,3359.366684699494
alpha,1.026026026026026,relevance,2.294353184213832,2.8858112974475327,2467.549603914624,2.9749796143393152,3355.7588484844605
alpha,1.026026026026026,denseweight,2.2726292231727547,2.9501677726084226,2578.57045260243,3.0017109990302524,3388.880776905884
alpha,1.028928928928929,relevance,2.278934353744486,2.8773245289400364,2452.835798574765,2.9662849398704365,3327.809358188983
alpha,1.028928928928929,denseweight,2.2687779746686845,2.877716056398651,2453.5790788970958,2.9583947805164685,3339.1439702674575
alpha,1.0318318318318318,relevance,2.2680793521614264,2.867522657891269,2436.2871354830363,2.953881514013856,3315.0838925261683
alpha,1.0318318318318318,denseweight,2.298617568526688,2.9237124458438295,2532.612700915384,3.002155759068123,3437.9027122715333
alpha,1.0347347347347347,relevance,2.2487508076754703,2.8677068450093275,2436.6844110649554,2.946140091505128,3253.5109604180166
alpha,1.0347347347347347,denseweight,2.266890505843251,2.888454343381541,2472.0391550055942,2.9565696731400846,3319.5852747125555
alpha,1.0376376376376377,relevance,2.295029760339238,2.9351650803940763,2552.6191129980857,3.0274997860693245,3451.540248663164
alpha,1.0376376376376377,denseweight,2.267591491738988,2.880370304299277,2457.7774620939354,2.9507256040231287,3291.1133048680463
alpha,1.0405405405405406,relevance,2.2562597664470436,2.861426147907124,2425.982922765078,2.947437352979241,3276.454560437132
alpha,1.0405405405405406,denseweight,2.262036216406296,2.8720499961329202,2443.6574033001316,2.9459669833948774,3290.225173433758
alpha,1.0434434434434434,relevance,2.283595619999834,2.929690210763435,2543.0667557821325,3.0030208843158084,3384.5260332268363
alpha,1.0434434434434434,denseweight,2.2978660836446587,2.8990819187701358,2489.6986892092764,2.9772934060428917,3399.55029179098
alpha,1.0463463463463463,relevance,2.2594893822685154,2.9026572360529066,2496.5836631805164,2.9823258454502697,3323.7337473609646
alpha,1.0463463463463463,denseweight,2.307732059591145,2.8883060234308706,2472.143722585633,2.9766356346724105,3396.8003388656775
alpha,1.0492492492492493,relevance,2.2344500381224903,2.84976564038681,2406.1499013303674,2.9363743313561748,3234.0231206747685
alpha,1.0492492492492493,denseweight,2.2973558326042083,2.9334946875987433,2549.885290873435,3.0142087322878757,3450.86765560731
alpha,1.0521521521521522,relevance,2.2708466817395903,2.885386827986197,2466.7620122872886,2.984535032491893,3354.2053685827987
alpha,1.0521521521521522,denseweight,2.282555640946401,2.8820675835827423,2460.9623102137725,2.9474068599524466,3346.9774987705773
alpha,1.055055055055055,relevance,2.2871353919152226,2.9190755791996597,2524.7255108137074,3.007063453148705,3411.6033054040804
alpha,1.055055055055055,denseweight,2.2529551251474476,2.858054528262575,2420.510046146153,2.931184973792872,3274.574073244112
alpha,1.0579579579579579,relevance,2.275614370226291,2.879247447846099,2456.181905249077,2.9694939913228655,3340.5736022345236
alpha,1.0579579579579579,denseweight,2.2699331597433074,2.887322965595149,2470.150584613601,2.97183598764153,3351.649497936849
alpha,1.060860860860861,relevance,2.2495246918199254,2.8715734670868813,2443.0598337641036,2.9636304720426714,3304.888798427916
alpha,1.060860860860861,denseweight,2.27768335232817,2.897366028987572,2487.153595122654,2.9575928302932564,3360.3575879817686
alpha,1.0637637637637638,relevance,2.266568325679265,2.8974983181950793,2487.4878980600347,2.976348521518845,3329.9713006887787
alpha,1.0637637637637638,denseweight,2.297916307915219,2.922811945041051,2531.056842015852,2.9805514916048104,3397.8818758673415
alpha,1.0666666666666667,relevance,2.28074060505249,2.92088354933897,2527.508920519003,3.0082497686597227,3388.7924152029805
alpha,1.0666666666666667,denseweight,2.261100403555854,2.8849997814334043,2465.9323922618955,2.9512674544886734,3307.020708121016
alpha,1.0695695695695695,relevance,2.271897689605277,2.897414875423801,2487.3630729808133,2.9814449959807146,3339.9926686938993
alpha,1.0695695695695695,denseweight,2.2666126905992012,2.8805598465770768,2458.6188505896303,2.940478988095021,3280.534883671501
alpha,1.0724724724724726,relevance,2.2944043052651715,2.9155714003864084,2519.0532946439016,3.0199198929309428,3419.741224359719
alpha,1.0724724724724726,denseweight,2.3122227823046195,2.9470892370596307,2573.11826863095,3.0116497621018543,3460.19882103622
alpha,1.0753753753753754,relevance,2.2740455064296228,2.9046590576639644,2499.6818090977927,2.9824457213304347,3345.3869185129247
alpha,1.0753753753753754,denseweight,2.282587888347797,2.8971888206332186,2486.550451723036,2.9746815779502387,3368.1590515821867
alpha,1.0782782782782783,relevance,2.2821852997604366,2.9134413772595904,2514.328164170171,3.005784097420341,3399.2622040348847
alpha,1.0782782782782783,denseweight,2.284297429961764,2.9106105738150196,2509.9215236052487,2.9721815602957267,3370.438880922892
alpha,1.0811811811811811,relevance,2.2793023214576045,2.9222854613624634,2530.4875734736556,3.018464315132621,3414.6979061868456
alpha,1.0811811811811811,denseweight,2.2853810991317594,2.89928322171291,2490.5455134119024,2.96611285808378,3344.622830184897
alpha,1.0840840840840842,relevance,2.253475686773135,2.873443574637937,2446.4908821117206,2.963715226037573,3312.4940121464265
alpha,1.0840840840840842,denseweight,2.2738702583377397,2.9333938847400405,2549.5170873235616,3.004886022359273,3383.8364762374677
alpha,1.086986986986987,relevance,2.2416053617126903,2.8156069046242624,2348.776683834715,2.9025918452818282,3206.820944361053
alpha,1.086986986986987,denseweight,2.278134166000383,2.8976285711069907,2487.8194136918014,2.966251305969103,3336.1713256732523
alpha,1.0898898898898899,relevance,2.27353279172433,2.8625897521073207,2427.6042947219253,2.9562441516636393,3326.7863007262035
alpha,1.0898898898898899,denseweight,2.2883114891334304,2.9396532783058937,2560.5175309371143,2.9879242532006276,3396.3376732353872
alpha,1.0927927927927927,relevance,2.2605364965801535,2.88681545160135,2469.008331964662,2.9750329262497157,3319.961288222179
alpha,1.0927927927927927,denseweight,2.294204554237334,2.9217479025290776,2529.4613429971223,2.994588008015372,3413.1833259487435
alpha,1.0956956956956956,relevance,2.27733274760389,2.883121223182576,2462.831689842208,2.978405772547782,3361.988633436624
alpha,1.0956956956956956,denseweight,2.297707592273952,2.94084711850558,2562.237399199512,3.0127846235308984,3436.120618972018
alpha,1.0985985985985987,relevance,2.3377549690187704,2.945016498035651,2569.8149658925836,3.041488896948131,3514.360004627302
alpha,1.0985985985985987,denseweight,2.274807465989936,2.886798531817176,2469.285798270742,2.9624928453960986,3363.6471894285255
alpha,1.1015015015015015,relevance,2.257815821032199,2.8768204168438296,2452.029527553917,2.94972144801937,3299.685023427488
alpha,1.1015015015015015,denseweight,2.301369716025863,2.908544019181075,2506.741358344431,2.9802952852170765,3427.601160779038
alpha,1.1044044044044043,relevance,2.2800007963622124,2.9135663496830464,2514.85474649067,2.998079175367736,3383.858516897756
alpha,1.1044044044044043,denseweight,2.3019660424430555,2.9458521378768654,2570.9017954897795,3.0178188662933785,3464.166406237857
alpha,1.1073073073073074,relevance,2.291503413485203,2.897748777094551,2487.915873429777,2.9854113335997363,3360.90210495379
alpha,1.1073073073073074,denseweight,2.2988960793186966,2.941414313791552,2563.343619777308,2.996776562621898,3417.602549854579
alpha,1.1102102102102103,relevance,2.2972555045384,2.8977651414405274,2488.0779419745445,2.993281023784983,3420.0172470478383
alpha,1.1102102102102103,denseweight,2.286962703473319,2.9182790234749287,2523.397430768374,2.9862934655952293,3388.4942278332333
alpha,1.1131131131131131,relevance,2.284525146492331,2.9138484292555744,2515.643588076174,2.9824657949251576,3391.0961370103723
alpha,1.1131131131131131,denseweight,2.302248599680855,2.922948415649481,2531.2720953732296,2.9921539981012804,3418.0480958065573
alpha,1.116016016016016,relevance,2.2660421301019125,2.8726950652434122,2445.0112593814606,2.950996845087632,3292.708825234777
alpha,1.116016016016016,denseweight,2.3175969772381584,2.9370379679512544,2555.4570068048633,3.0090665448163176,3460.3780314199157
alpha,1.118918918918919,relevance,2.2503283401761665,2.843423433676509,2395.6586139416427,2.940794569775017,3269.7167094243964
alpha,1.118918918918919,denseweight,2.2937509391863307,2.908064528226766,2505.3583399805716,2.976121544623456,3383.7675580013506
alpha,1.1218218218218219,relevance,2.268190628535271,2.9213256739596596,2528.378589331557,3.006244102355954,3374.132299949138
alpha,1.1218218218218219,denseweight,2.2850811871720973,2.927073553633835,2538.5694217472405,2.989699321373696,3388.5651934087127
alpha,1.1247247247247247,relevance,2.3042418609714943,2.9376908602518514,2556.8581752463324,3.013969131777376,3422.20781459075
alpha,1.1247247247247247,denseweight,2.295210692268088,2.90904442595523,2507.417883644942,2.9755373923130684,3397.1842365806124
alpha,1.1276276276276276,relevance,2.2424875543061966,2.8651240772118234,2432.37344767144,2.9508089449736494,3272.8376573830337
alpha,1.1276276276276276,denseweight,2.2857021280580745,2.9034998572454573,2497.70868479937,2.9702942244611483,3348.1777760274995
alpha,1.1305305305305307,relevance,2.276322546196504,2.9030524222362395,2497.167911384612,2.985381461185651,3365.075144471925
alpha,1.1305305305305307,denseweight,2.2786967177785282,2.933117744319745,2549.1941353072657,2.9926360505702068,3387.5994139823115
alpha,1.1334334334334335,relevance,2.2547789838412005,2.8580388451166723,2420.2230242119986,2.944317782594094,3247.1251760907185
alpha,1.1334334334334335,denseweight,2.3001399322909553,2.9046334096615305,2499.748723820773,2.9829881130349993,3415.037319955329
alpha,1.1363363363363364,relevance,2.2519298324284485,2.8706865707480813,2441.6902789564147,2.9632529913878543,3323.2467528321818
alpha,1.1363363363363364,denseweight,2.2747518513014855,2.9002854706169274,2492.199247110019,2.9679511326856893,3333.893224728827
alpha,1.1392392392392392,relevance,2.2656036875761436,2.8831439188698975,2463.1364776943174,2.9734173285887064,3350.811791704397
alpha,1.1392392392392392,denseweight,2.3176758125111063,2.9355186528842894,2553.419795279378,3.00936101025057,3478.3765698273332
alpha,1.1421421421421423,relevance,2.2528218101437254,2.8397126147471186,2389.157142577519,2.9310741926933157,3229.443908010633
alpha,1.1421421421421423,denseweight,2.292615935029756,2.887053532635033,2469.670032585002,2.9584232897972793,3352.315786588446
alpha,1.1450450450450451,relevance,2.2961287136657824,2.8941467676246986,2481.7940774162585,2.995675414098786,3410.4869087061065
alpha,1.1450450450450451,denseweight,2.260523419948836,2.8949282055359884,2483.0778784331947,2.9646588596899144,3321.2809969622394
alpha,1.147947947947948,relevance,2.279878356949107,2.9150686249052904,2517.6699133812494,3.0022128413060525,3388.956879233908
alpha,1.147947947947948,denseweight,2.270025773506142,2.881620868735142,2460.5800712461983,2.9614565505521933,3338.7702344267277
alpha,1.1508508508508508,relevance,2.2601451450755903,2.87075085070532,2441.9544961154324,2.9539284874620284,3282.559595641533
alpha,1.1508508508508508,denseweight,2.2963914813121478,2.9157161923810695,2519.038196320325,2.9885423699409475,3387.1048418927676
alpha,1.1537537537537539,relevance,2.2936287218852005,2.9147359753963626,2517.625337594289,3.010870053486836,3389.0837687425123
alpha,1.1537537537537539,denseweight,2.275409518917657,2.891280874444828,2477.0682512673366,2.966832288587616,3350.960816573625
alpha,1.1566566566566567,relevance,2.294349253729893,2.9415490243024403,2563.851425097829,3.0302371084096063,3457.681398075926
alpha,1.1566566566566567,denseweight,2.2902756254798624,2.93120607993572,2545.73062084623,2.99509352285398,3415.050632226803
alpha,1.1595595595595596,relevance,2.265235514798749,2.8722602707731664,2444.4392794455707,2.960771224429198,3327.947436843536
alpha,1.1595595595595596,denseweight,2.3082953183896606,2.926901894129868,2538.0483990235125,2.9995504940740285,3459.5344312790817
alpha,1.1624624624624624,relevance,2.2645940201190586,2.867704623300323,2436.608460849541,2.962749915654172,3293.3363469566616
alpha,1.1624624624624624,denseweight,2.304846708613495,2.95931047100733,2594.7380693789123,3.0276733656855233,3483.536429910026
alpha,1.1653653653653655,relevance,2.2798930178857124,2.8625528102694386,2427.8303617161882,2.942246066356088,3296.9168486930776
alpha,1.1653653653653655,denseweight,2.2677077922648503,2.9049334086824854,2500.4295490821723,2.9756718385929903,3353.565608811812
alpha,1.1682682682682684,relevance,2.2516408047827765,2.842306515455501,2393.427058435921,2.9338861888469623,3245.234090240222
alpha,1.1682682682682684,denseweight,2.305617402486337,2.922736331914152,2530.675229407998,2.995952683615926,3411.357082987266
alpha,1.1711711711711712,relevance,2.2776135574220326,2.880554856959566,2459.0162962674885,2.9601055177893745,3383.2834356461162
alpha,1.1711711711711712,denseweight,2.284298275360469,2.90185801735614,2494.8969396579473,2.9779096436353014,3398.637797048793
alpha,1.174074074074074,relevance,2.287582929917066,2.9048744325585267,2500.4092312925713,2.9902491757079304,3409.5049689970756
alpha,1.174074074074074,denseweight,2.2837793737223158,2.9024466028929523,2496.0346577124697,2.975083296625116,3365.9818689060103
alpha,1.1769769769769771,relevance,2.2542952377464687,2.841251020599834,2391.8827434466725,2.9313341815515455,3262.268142900499
alpha,1.1769769769769771,denseweight,2.289426081412801,2.9173340843466127,2521.4540502927493,2.990213463353809,3382.726688559269
alpha,1.17987987987988,relevance,2.2630848952489977,2.8933671274334953,2480.6901719764073,2.970683998122918,3314.1119106163787
alpha,1.17987987987988,denseweight,2.2763252595323977,2.8868816730461706,2469.4214978798896,2.9472202519405766,3335.3777599965615
alpha,1.1827827827827828,relevance,2.2452467187784224,2.8298867260713743,2372.857301831568,2.9105145860584614,3218.8264381743716
alpha,1.1827827827827828,denseweight,2.293673911277334,2.9017801603330104,2494.6655978635563,2.968020956830297,3371.045897701433
alpha,1.1856856856856857,relevance,2.2599981198749246,2.8837367009072543,2464.1453190422167,2.96395961835913,3304.9372385825363
alpha,1.1856856856856857,denseweight,2.2888433230915397,2.9212386660553697,2528.5269002906925,2.991038873735723,3411.943046340093
alpha,1.1885885885885887,relevance,2.2649694309019557,2.883148430802566,2463.1916579120516,2.957861417054378,3321.2180179181273
alpha,1.1885885885885887,denseweight,2.27055458705975,2.8806159359654355,2458.259960297989,2.948564017010951,3343.992442841103
alpha,1.1914914914914916,relevance,2.2855598935291614,2.8587770701022275,2421.6574552759753,2.9534505362258003,3361.878935458753
alpha,1.1914914914914916,denseweight,2.2746045493599145,2.9067147091897088,2503.101713519656,2.9786095802461903,3371.5905630865
alpha,1.1943943943943944,relevance,2.2570445801706076,2.887717155562908,2470.7018528440076,2.9676462627270723,3310.1028645500546
alpha,1.1943943943943944,denseweight,2.28138328612958,2.9216508120640197,2529.282523530276,2.994182108200481,3388.9732246992317
alpha,1.1972972972972973,relevance,2.292885058756417,2.929859127620687,2543.139867953505,3.006284061673451,3411.601098934308
alpha,1.1972972972972973,denseweight,2.2654859685512982,2.8896416188945455,2474.289087195209,2.9579806851996797,3326.840150620738
alpha,1.2002002002002004,relevance,2.2856568110098614,2.883654803823248,2463.674180696651,2.9632485596962503,3344.318673053576
alpha,1.2002002002002004,denseweight,2.2804462105558954,2.8891911450005483,2473.333123212374,2.9475018624583975,3349.273276176721
alpha,1.2031031031031032,relevance,2.263685164349432,2.872136538581506,2443.941723337122,2.9673369296041754,3309.3628959205043
alpha,1.2031031031031032,denseweight,2.281905227685827,2.924365036058342,2533.630984345543,2.989034831085333,3370.0845444334764
alpha,1.206006006006006,relevance,2.2794442694544466,2.8631971542273886,2429.021475812849,2.9456749036619767,3327.043640400264
alpha,1.206006006006006,denseweight,2.2834122945965962,2.9224026987357368,2530.3187995384824,2.9854325870463807,3407.3070717506985
alpha,1.208908908908909,relevance,2.2642180624021915,2.87530538290654,2449.6930022354754,2.967308485728935,3337.1695546200235
alpha,1.208908908908909,denseweight,2.2863720765607023,2.8995028806342167,2491.051019381841,2.958234901563009,3362.0651025015313
alpha,1.211811811811812,relevance,2.290819544347635,2.92507135715448,2535.415015584087,2.996366408610866,3427.6705342170653
alpha,1.211811811811812,denseweight,2.314679625222992,2.9359936102715487,2554.173205533646,3.004169603448517,3466.7559130051136
alpha,1.2147147147147148,relevance,2.299858531834858,2.9058763602453292,2502.0876744193074,3.000286749811925,3441.80940847991
alpha,1.2147147147147148,denseweight,2.31316446840042,2.956837071036553,2590.9344214688,3.0169019244722146,3529.8625063838726
alpha,1.2176176176176177,relevance,2.2533612379115087,2.833665689935736,2379.4689340830937,2.9328444567194736,3272.7399873475056
alpha,1.2176176176176177,denseweight,2.3110743271605525,2.9457435899489677,2571.198707273473,3.0000790401002195,3444.959304738374
alpha,1.2205205205205205,relevance,2.276606916799824,2.8594476088485314,2422.4362120955407,2.970561852789887,3346.949462180713
alpha,1.2205205205205205,denseweight,2.313811205516066,2.9283456196359734,2540.683880927776,2.9967682469094035,3461.4411023182593
alpha,1.2234234234234234,relevance,2.28421958789846,2.9027705143268117,2496.389952759436,2.994145320154949,3366.3984789785777
alpha,1.2234234234234234,denseweight,2.3115383821231013,2.9133580802002714,2514.6402439970975,2.974222198147486,3420.727181980273
alpha,1.2263263263263264,relevance,2.2885470619509967,2.8739258287059517,2447.127308613878,2.9708285686930207,3357.344804954345
alpha,1.2263263263263264,denseweight,2.268763826622723,2.8773974050228817,2453.181456685759,2.9472396412875894,3308.146289694307
alpha,1.2292292292292293,relevance,2.2952289549692066,2.8808525768472952,2458.8424647478823,2.9567920350119397,3367.436913696875
alpha,1.2292292292292293,denseweight,2.2713074571849465,2.8922792558250965,2478.408474608393,2.9711044230790473,3362.3918403901102
alpha,1.2321321321321321,relevance,2.256878333398482,2.8938801056300543,2481.190574995166,2.9773484459923885,3324.8065313072366
alpha,1.2321321321321321,denseweight,2.3003984808818134,2.9641865709666777,2603.170054660876,3.0083272975881785,3470.5150801920704
alpha,1.235035035035035,relevance,2.272959676205894,2.8991007611177593,2490.2981433695218,2.996909951046032,3368.180564129733
alpha,1.235035035035035,denseweight,2.303797123747777,2.9412988495332795,2562.9765386640224,3.007947237084853,3447.790777919738
alpha,1.237937937937938,relevance,2.273873406421465,2.888778662873863,2472.873096747357,2.978351584251156,3352.8434213448268
alpha,1.237937937937938,denseweight,2.29978670889802,2.938876326027737,2558.66594974781,3.0077774389815586,3438.9000946183655
alpha,1.240840840840841,relevance,2.2819439545559272,2.9036195705768875,2497.8065389198937,2.9952073884804795,3387.8740314003066
alpha,1.240840840840841,denseweight,2.2805555314444046,2.9063138136041085,2502.5000243766017,2.9704850317256266,3379.2404130090326
alpha,1.2437437437437437,relevance,2.267784426745483,2.9036815764048414,2497.914084402658,2.9928034055389166,3345.9096463578253
alpha,1.2437437437437437,denseweight,2.280501640272802,2.899699197457366,2491.170577784797,2.965764099012599,3345.5538904751547
alpha,1.2466466466466466,relevance,2.293509911859556,2.8935418394438797,2480.777873399498,2.9867294467044445,3390.4699798791617
alpha,1.2466466466466466,denseweight,2.3257390772051996,2.9579363008281314,2592.0112206699773,3.021632707960292,3481.4045401488847
alpha,1.2495495495495497,relevance,2.274482160223489,2.8901745309918465,2474.9903566969006,2.9843869954303304,3355.7174795992382
alpha,1.2495495495495497,denseweight,2.3136040203948594,2.9354080405985044,2553.1769195510933,3.000868686592497,3460.293460146425
alpha,1.2524524524524525,relevance,2.27910567994599,2.8648794211690833,2431.3038970573275,2.9506848207441383,3321.1657356982173
alpha,1.2524524524524525,denseweight,2.3041607786667946,2.928707260076701,2541.0655073044104,3.009687582438968,3438.1910908925906
alpha,1.2553553553553554,relevance,2.2733515103446864,2.884406884459081,2464.8470790836736,2.9716316314236564,3320.9220720604017
alpha,1.2553553553553554,denseweight,2.2996342798953813,2.9049759605435366,2500.369162119701,2.9817548444949056,3413.963825744965
alpha,1.2582582582582582,relevance,2.275309426456784,2.9401304703962206,2561.21327115909,3.0067234864177914,3370.255874907594
alpha,1.2582582582582582,denseweight,2.2724051813770783,2.8845670004723036,2465.4345887384934,2.953138813184584,3343.6982978248966
alpha,1.2611611611611613,relevance,2.276972030561334,2.8841911816261163,2464.6315721950173,2.9739668806076587,3355.7489117286273
alpha,1.2611611611611613,denseweight,2.281948165436725,2.8860702142111103,2467.6430830631084,2.956243046771401,3325.9339350545565
alpha,1.2640640640640641,relevance,2.249153653218068,2.8578988047699028,2419.8481665762174,2.9497977259894936,3280.839618816945
alpha,1.2640640640640641,denseweight,2.295458040480807,2.9290817821479322,2542.0771342634903,2.9951890323342028,3448.9724811736887
alpha,1.266966966966967,relevance,2.2585847930480503,2.866018485869819,2433.4562404083235,2.9452635225484998,3262.7352864844565
alpha,1.266966966966967,denseweight,2.2975140336023507,2.939662324605861,2560.1645181610006,3.007403849717549,3431.154111870538
alpha,1.2698698698698698,relevance,2.2623783400405815,2.8953117127602495,2483.69914139126,2.9815913244318573,3321.4760971804394
alpha,1.2698698698698698,denseweight,2.296892539310079,2.9255369114635945,2535.6254237264006,3.0001684698861926,3434.3661835482667
alpha,1.272772772772773,relevance,2.2645270069717944,2.9139255122886705,2515.866625857976,2.9991173687637276,3359.3157127083905
alpha,1.272772772772773,denseweight,2.262519989948962,2.854498921204992,2414.197886755075,2.926405100245339,3286.0229559661593
alpha,1.2756756756756757,relevance,2.2657420529890655,2.9004161744549712,2492.4932817292683,2.9929981241291275,3378.2267653660624
alpha,1.2756756756756757,denseweight,2.303622009931503,2.906786437868808,2503.1482970589664,2.9749155121081094,3415.259887672725
alpha,1.2785785785785786,relevance,2.237906545731179,2.8921817867580915,2478.2192600870076,2.9703253267853125,3304.1046398508715
alpha,1.2785785785785786,denseweight,2.290552277071714,2.914646159337588,2516.954057788852,2.9897852379969394,3400.7904776747764
alpha,1.2814814814814814,relevance,2.250593995318801,2.8544314858096764,2414.267906159637,2.939847459429985,3293.7676113368466
alpha,1.2814814814814814,denseweight,2.2856625101468233,2.9115998855378407,2511.529190540303,2.9756601424405895,3391.412425398362
alpha,1.2843843843843845,relevance,2.2470520813221393,2.8850814919499954,2466.1709755770244,2.9728644083613482,3317.132023446464
alpha,1.2843843843843845,denseweight,2.274768471397657,2.904225090054885,2498.836841099908,2.966321982679375,3339.921741977698
alpha,1.2872872872872874,relevance,2.2431743219980924,2.848001819289955,2403.553060045179,2.9334555562803337,3252.6261373857124
alpha,1.2872872872872874,denseweight,2.295578220672158,2.9263098028752674,2537.3443531031025,3.0003318537548367,3413.9663406995405
alpha,1.2901901901901902,relevance,2.2593470181656645,2.851402902685955,2408.9813041246007,2.9485586988266252,3285.7145716860737
alpha,1.2901901901901902,denseweight,2.3140794474628996,2.945796942009055,2570.9017519434137,3.003900028079363,3459.5593910626467
alpha,1.293093093093093,relevance,2.272897050915519,2.886637818455388,2468.852673987179,2.9787885681119195,3363.6218236701106
alpha,1.293093093093093,denseweight,2.28537675070886,2.910948919475424,2510.1438436806843,2.979534389921183,3370.07126951759
alpha,1.2959959959959961,relevance,2.270652354532647,2.9084616427064995,2506.3640955930864,2.9898025995715214,3353.777353266582
alpha,1.2959959959959961,denseweight,2.290978481860214,2.9092694753439488,2507.517932814037,2.9814668822177866,3376.4759453509196
alpha,1.298898898898899,relevance,2.263836190678374,2.856034787955026,2416.691641918248,2.960723685096665,3314.432772318897
alpha,1.298898898898899,denseweight,2.2813936957999816,2.903922489120442,2498.6092235751667,2.9810994537412037,3378.9690686359295
alpha,1.3018018018018018,relevance,2.254988723715756,2.8456511348126394,2399.143843226728,2.933161132932077,3249.5044882981706
alpha,1.3018018018018018,denseweight,2.2882135268369446,2.9091087658478716,2507.185494063264,2.9839154797257517,3400.486226676061
alpha,1.3047047047047047,relevance,2.2579164078016793,2.8547704274723316,2414.94005313872,2.938582465512167,3268.7188873014948
alpha,1.3047047047047047,denseweight,2.3233072577005456,2.955105106764923,2587.362713126006,3.0304322788580604,3520.0228510699753
alpha,1.3076076076076077,relevance,2.2744256369721145,2.897576360939299,2487.8271067101646,2.9798975456355916,3337.9782125733623
alpha,1.3076076076076077,denseweight,2.2790238929987323,2.8928671578053105,2479.1860213278887,2.9552135777472106,3336.253017724875
alpha,1.3105105105105106,relevance,2.2628029843769264,2.887596423029089,2470.3992633544435,2.9773811247814743,3334.8681713462006
alpha,1.3105105105105106,denseweight,2.327896457987989,2.932940401960148,2548.5681985851775,2.9945134246391847,3461.766420086239
alpha,1.3134134134134134,relevance,2.2659634913376845,2.901276784296318,2493.998973716725,2.9721576322725096,3322.8657713044877
alpha,1.3134134134134134,denseweight,2.299380329802814,2.91791725347996,2522.0422469271125,2.986208433321829,3379.242839446579
alpha,1.3163163163163163,relevance,2.256962407003233,2.8892606551884903,2473.1010203817264,2.968757110179478,3312.1998913226003
alpha,1.3163163163163163,denseweight,2.3140437701256635,2.912274323642427,2512.462759788153,2.9682285040197085,3420.6211537892477
alpha,1.3192192192192194,relevance,2.2862379302847002,2.896000434571505,2484.752006240869,2.986878372940029,3371.81056485815
alpha,1.3192192192192194,denseweight,2.2673295775138795,2.9077142141294687,2504.653132338754,2.9646292397005847,3328.601697973897
alpha,1.3221221221221222,relevance,2.244398270570725,2.8670899299312347,2435.6782991479504,2.9428934866504624,3274.868144791509
alpha,1.3221221221221222,denseweight,2.3041036028897386,2.9228109078464177,2531.0204919635207,2.98918070892463,3414.131687365626
alpha,1.325025025025025,relevance,2.316183079260849,2.902965385154644,2496.7781975238513,2.9960989144484116,3382.6943365791244
alpha,1.325025025025025,denseweight,2.2979841673159003,2.9025291411756617,2495.8597584065424,2.9756519245370954,3396.7955587259335
alpha,1.327927927927928,relevance,2.2812056507965774,2.878424827511901,2455.161543785446,2.9601572535548706,3331.7000894445778
alpha,1.327927927927928,denseweight,2.296494468170825,2.9327956809796376,2547.953933421511,3.002989065492201,3424.9315015477996
alpha,1.330830830830831,relevance,2.2512691253883803,2.88390598498734,2464.3073628424377,2.96702139424709,3318.5794744179293
alpha,1.330830830830831,denseweight,2.319737009112423,2.9569234022297426,2590.378400747874,3.004252303200238,3478.8355477761056
alpha,1.3337337337337338,relevance,2.256608861391852,2.8784365932070513,2454.8702406065745,2.957323899872,3294.3186072844933
alpha,1.3337337337337338,denseweight,2.288718726542149,2.916783965297238,2520.395841550494,2.9762004216477322,3374.884964784246
alpha,1.3366366366366367,relevance,2.3084636465276707,2.9301705268882303,2543.667016758769,3.0067833500626424,3430.297853276168
alpha,1.3366366366366367,denseweight,2.2922498126024085,2.893373508894036,2480.182160960215,2.9873598276345463,3402.869256155264
alpha,1.3395395395395395,relevance,2.25013333371595,2.849870173700099,2406.200630861763,2.9347605629196907,3257.3490176922396
alpha,1.3395395395395395,denseweight,2.2930241823382893,2.8906881502826303,2476.0288487895727,2.962746076157966,3387.9555578679747
alpha,1.3424424424424424,relevance,2.2925506998162084,2.8950674704452473,2482.93439146727,2.987425875849365,3368.587983864148
alpha,1.3424424424424424,denseweight,2.3040497204443597,2.919300027856934,2524.7683363091933,2.9893425332177723,3426.7967702514206
alpha,1.3453453453453454,relevance,2.2855843388996204,2.8912641071895417,2476.4475329055394,2.9628303419576527,3340.3023212818903
alpha,1.3453453453453454,denseweight,2.2926440950307425,2.9162013581011363,2519.2875816420083,2.9916846161802573,3387.5369527819907
alpha,1.3482482482482483,relevance,2.2705696996494384,2.8910755231549135,2476.0045687685524,2.969387813198489,3336.981579364104
alpha,1.3482482482482483,denseweight,2.2993606324248512,2.9304285409057993,2543.942162008479,2.997477533426977,3412.6386765258108
alpha,1.3511511511511511,relevance,2.294473310671834,2.9142436291440648,2516.073524520305,2.989350929705304,3407.106334031935
alpha,1.3511511511511511,denseweight,2.30448102416003,2.915399509875519,2517.954203117968,2.9907555056588957,3401.768265572241
alpha,1.354054054054054,relevance,2.2649325857047278,2.8411702102093637,2391.7204650956664,2.9362617749120505,3285.851757347254
alpha,1.354054054054054,denseweight,2.3109053614449517,2.9350259295422245,2552.056930828056,3.0088484545694367,3468.6596926791267
alpha,1.356956956956957,relevance,2.2635694850473023,2.881995747315657,2460.8695364772966,2.9517017975077566,3328.5050661690207
alpha,1.356956956956957,denseweight,2.3237066045948147,2.946945232173437,2573.1174939030693,3.0258592463761285,3490.989485924329
alpha,1.35985985985986,relevance,2.2745431215079988,2.879335624796967,2456.2462966204253,2.9697324118368598,3338.7439676501954
alpha,1.35985985985986,denseweight,2.312436275640652,2.915727258814945,2518.4728561017937,2.9870179758914337,3438.5735852809457
alpha,1.3627627627627628,relevance,2.2418790602809224,2.845661561986255,2398.9491284890823,2.9362016705000773,3258.7036288778304
alpha,1.3627627627627628,denseweight,2.3067784204114927,2.9147479631508717,2516.671702738748,2.9774785481286288,3394.42853918372
alpha,1.3656656656656656,relevance,2.2660786037635803,2.8708387302843157,2441.3366016331365,2.9600180543873007,3325.2361499776925
alpha,1.3656656656656656,denseweight,2.3208411310371133,2.9370541315626237,2555.7458141930797,2.9988181845858346,3433.9150629112264
alpha,1.3685685685685687,relevance,2.273515114239605,2.911891916952757,2512.0254712004426,3.002874329679316,3400.5179460617596
alpha,1.3685685685685687,denseweight,2.3185383955825825,2.91647081095241,2519.567231714279,2.9905287274500743,3425.769373745744
alpha,1.3714714714714715,relevance,2.255630055173216,2.870691449629041,2441.7293242171036,2.9549013465291556,3301.6245994465608
alpha,1.3714714714714715,denseweight,2.3372476352176985,2.938022689169729,2557.1928483965244,3.0255277502981164,3498.2687036432403
alpha,1.3743743743743744,relevance,2.2530690949460777,2.8543159641631157,2413.980719780022,2.945381266788811,3274.15827852516
alpha,1.3743743743743744,denseweight,2.2938641228445737,2.891043983161357,2475.847059735075,2.9672271384283655,3355.1747614148953
alpha,1.3772772772772772,relevance,2.27340330331452,2.914261473043752,2516.221365899277,3.0011684562614374,3378.041062254853
alpha,1.3772772772772772,denseweight,2.26496413351902,2.8653448731474223,2432.036767138488,2.9372495225403688,3274.927670468191
alpha,1.3801801801801803,relevance,2.26209046083171,2.861889182671696,2426.541380356559,2.9484067263606892,3303.280764851543
alpha,1.3801801801801803,denseweight,2.3366574061374368,2.94913205301541,2576.842071957114,3.012800345594764,3509.0222053818434
alpha,1.3830830830830831,relevance,2.2887190959438524,2.9006509703654597,2493.1704725250197,2.9852280012065275,3365.773183381127
alpha,1.3830830830830831,denseweight,2.2908899720545826,2.913838982921014,2515.3124971538305,2.9732744584482185,3356.764587371616
alpha,1.385985985985986,relevance,2.295461247048074,2.9028917810679964,2496.46680544238,2.9999402680127147,3426.6655283043815
alpha,1.385985985985986,denseweight,2.3134062262955224,2.9408681292196666,2562.0441963500516,3.009490086814888,3472.563528708765
alpha,1.3888888888888888,relevance,2.2450533851417234,2.8427072057791682,2394.4237105429597,2.9333682710316697,3286.5035482182657
alpha,1.3888888888888888,denseweight,2.316682412701248,2.9470506369982368,2572.635920243629,3.0143689657105015,3461.4002351861236
alpha,1.391791791791792,relevance,2.2881232898030284,2.872390664260973,2444.583797445008,2.9575023124240043,3333.2434780505796
alpha,1.391791791791792,denseweight,2.342785293665103,2.954822892043651,2586.4898833860702,3.0351165410193928,3527.098696265023
alpha,1.3946946946946948,relevance,2.277437629537799,2.8923861359308987,2478.7652731505596,2.9825082773647065,3391.9855386300683
alpha,1.3946946946946948,denseweight,2.307818217988355,2.9212420744911505,2527.914155419914,2.9951467912201553,3403.0306639292385
alpha,1.3975975975975976,relevance,2.265476125014694,2.8623681529611016,2427.215716610674,2.943892334042914,3282.477736185164
alpha,1.3975975975975976,denseweight,2.318711452573612,2.9276811129806135,2539.207548958925,3.0076560730619066,3464.10486794073
alpha,1.4005005005005005,relevance,2.26724626382773,2.8577577701358523,2419.39692154842,2.9511724424594945,3317.2855310479254
alpha,1.4005005005005005,denseweight,2.3011378366163604,2.896079692992129,2484.5472114716445,2.973180358826137,3365.6137557158013
alpha,1.4034034034034035,relevance,2.241227892308742,2.852907689934322,2411.345019161831,2.9313510541485854,3223.567134658193
alpha,1.4034034034034035,denseweight,2.296731469968916,2.909989504667398,2508.747789616384,2.9798012472580004,3400.989209252252
alpha,1.4063063063063064,relevance,2.2643152445302586,2.850135699961367,2406.708737453174,2.9280019483455177,3262.575832836911
alpha,1.4063063063063064,denseweight,2.2933675552155166,2.9119976510591177,2512.1535686557904,2.9846353013561657,3400.1353217867336
alpha,1.4092092092092092,relevance,2.2694737348789156,2.8725788280038165,2444.960772192792,2.9554164502104627,3304.886874822302
alpha,1.4092092092092092,denseweight,2.3069354051890993,2.9221446994734297,2529.860077172185,2.996329403548805,3415.912686818779
alpha,1.412112112112112,relevance,2.2990302221601326,2.9216634171573053,2529.3413675899724,3.0023236426393765,3406.0985123759474
alpha,1.412112112112112,denseweight,2.3061782336623953,2.9220071793756723,2529.529611540943,2.9815959709822426,3417.6315567046936
alpha,1.4150150150150151,relevance,2.268911766407256,2.8852246682381106,2466.376924074472,2.9682795013472973,3324.7443293562387
alpha,1.4150150150150151,denseweight,2.2909399455459956,2.908112663175846,2505.1820017286595,2.9747751108600364,3379.0642867864863
alpha,1.417917917917918,relevance,2.252239389657744,2.861168893410522,2426.0660217081067,2.941932946996275,3273.689461032477
alpha,1.417917917917918,denseweight,2.3026297088911476,2.931380499040926,2545.703179017768,2.9970217107375428,3442.9586001042558
alpha,1.4208208208208208,relevance,2.24723612090847,2.877369004724824,2453.244100189042,2.960455492339586,3279.990519976487
alpha,1.4208208208208208,denseweight,2.3026845282175374,2.9268569315143123,2537.746315247919,2.9959900968406235,3459.3359063692606
alpha,1.4237237237237237,relevance,2.2255612172014305,2.84561121020645,2399.257730749527,2.92369444071529,3226.146831745199
alpha,1.4237237237237237,denseweight,2.3028634268447945,2.9080695356741875,2505.3048104287377,2.97677722998928,3407.741371794758
alpha,1.4266266266266268,relevance,2.269982943023721,2.93316451050359,2549.2103420459975,3.01715377290231,3422.629110215307
alpha,1.4266266266266268,denseweight,2.3340487503110214,2.9557573306838965,2588.376145799943,3.018269132095091,3495.4835516383796
alpha,1.4295295295295296,relevance,2.2560374799514435,2.8620407085566253,2426.9881376963613,2.9535329449255507,3292.305355688586
alpha,1.4295295295295296,denseweight,2.303589678893911,2.926135001252758,2536.6734523875516,3.0003939952668435,3424.091103458027
alpha,1.4324324324324325,relevance,2.2949465627527936,2.8977261416203426,2487.756700365458,2.9889493006552423,3389.7842257199227
alpha,1.4324324324324325,denseweight,2.2904427382222043,2.911807589491018,2512.146023491502,2.978408388092333,3385.4510216940103
alpha,1.4353353353353353,relevance,2.274637165896088,2.878036085812737,2453.9590233197937,2.9752930543465532,3382.602043578082
alpha,1.4353353353353353,denseweight,2.3233866628393205,2.961017703237496,2597.309229624334,3.0233486246119012,3490.647937602183
alpha,1.4382382382382384,relevance,2.2652214671226827,2.916885581991827,2521.093595350791,3.0064680948465927,3382.553811402476
alpha,1.4382382382382384,denseweight,2.3215214920884217,2.958418834310485,2592.641879991039,3.019401124741352,3489.734592447121
alpha,1.4411411411411412,relevance,2.2782605410212833,2.8606265787865985,2424.515044281706,2.9546578742947256,3317.281917555243
alpha,1.4411411411411412,denseweight,2.3039234846179966,2.9318334737116962,2546.30658120819,2.9944620614229494,3416.8349482824033
alpha,1.444044044044044,relevance,2.2635802495747805,2.8778151515348918,2453.8840080873224,2.9579488698845577,3304.1450459349894
alpha,1.444044044044044,denseweight,2.340368954078576,2.955541409894662,2587.347399308727,3.0139905189203593,3498.8109024036303
alpha,1.446946946946947,relevance,2.2749919609504765,2.8671373183152777,2435.4470738180894,2.961381903352463,3351.593411566894
alpha,1.446946946946947,denseweight,2.303024324877302,2.918255524881203,2522.9632984399996,2.984673795266123,3429.0300011745567
alpha,1.44984984984985,relevance,2.2754434401109056,2.886771018255489,2469.208352082964,2.9668996862776775,3309.941634817578
alpha,1.44984984984985,denseweight,2.30223290241371,2.9366322341121602,2554.748847440863,2.998847851246652,3433.1264364103686
alpha,1.4527527527527528,relevance,2.270156028425219,2.8516173166606777,2408.940636340395,2.9388567404624206,3286.020506544244
alpha,1.4527527527527528,denseweight,2.318121439211757,2.9295428869118645,2542.5339298241997,2.9908687753387144,3447.1190073996327
alpha,1.4556556556556557,relevance,2.2786756547096703,2.868629370511072,2438.000236078675,2.9626011479062746,3339.65597800825
alpha,1.4556556556556557,denseweight,2.3124868749452525,2.922442849860206,2530.166796231836,2.989158222653459,3425.101019541481
alpha,1.4585585585585585,relevance,2.2700196148619773,2.856464381982131,2417.5035376583223,2.9273707304643426,3266.9651075968263
alpha,1.4585585585585585,denseweight,2.3179091406442036,2.9430402745721,2566.2211159886133,3.003220310569687,3458.9526091355615
alpha,1.4614614614614616,relevance,2.2481084110219696,2.8558734049550942,2416.4635800769797,2.941866597420924,3245.2052496069114
alpha,1.4614614614614616,denseweight,2.3402437892214714,2.9570874875158295,2590.760923522895,3.033757847444285,3533.9662083308617
alpha,1.4643643643643645,relevance,2.2579092731833335,2.843862546318775,2396.2920971357976,2.9379493214504335,3266.25608443911
alpha,1.4643643643643645,denseweight,2.3168220262013537,2.9355972924495006,2553.1760019373187,2.99916389023966,3473.0498268378083
alpha,1.4672672672672673,relevance,2.2703278817689516,2.8781729495991226,2454.2991845384627,2.9658909730900103,3335.5342359230735
alpha,1.4672672672672673,denseweight,2.3134149139862323,2.939475180171131,2559.8861551015943,3.0128027698336366,3480.152505142828
alpha,1.4701701701701702,relevance,2.305410628953086,2.9030407173562676,2496.9867347138784,3.002505039753358,3457.2287209393107
alpha,1.4701701701701702,denseweight,2.3248361333816434,2.9547228375055443,2586.331391685544,3.0137279252249787,3467.31968178997
alpha,1.473073073073073,relevance,2.248908531302899,2.866199119879555,2434.3533164601477,2.944276783890224,3298.123818681328
alpha,1.473073073073073,denseweight,2.3217038374805887,2.9468045221085486,2572.4954742456057,3.0084385236348177,3468.5722243683626
alpha,1.475975975975976,relevance,2.243606078112911,2.850080507028332,2406.6382167211978,2.9427599001760365,3258.1876495218676
alpha,1.475975975975976,denseweight,2.3022845488017127,2.9099187743817505,2508.472088127954,2.9717030228786094,3399.8832643198725
alpha,1.478878878878879,relevance,2.2510424748609323,2.8922093322422344,2478.4001024515155,2.9769351147733523,3321.9576736407994
alpha,1.478878878878879,denseweight,2.330979586986043,2.9303586312283603,2544.263822751275,3.0072183744000354,3481.200782966709
alpha,1.4817817817817818,relevance,2.2567624715909047,2.9087797860845264,2506.8888097437007,2.991379746408605,3356.228957858405
alpha,1.4817817817817818,denseweight,2.31713804222824,2.9296348772336236,2542.6070322472815,2.9992713416212493,3446.916378293967
alpha,1.4846846846846846,relevance,2.2696701717568653,2.875925364878372,2450.5889779285358,2.9702483059705953,3339.876424567095
alpha,1.4846846846846846,denseweight,2.3432818909674102,2.973207345332975,2619.2282581734653,3.0263454200566056,3528.0680695628766
alpha,1.4875875875875877,relevance,2.2476099690238027,2.8690294909187393,2438.800768218217,2.9505303380855,3264.073768477547
alpha,1.4875875875875877,denseweight,2.3160416121308085,2.9485769326957807,2575.91909416053,3.018202400370757,3480.006959294805
alpha,1.4904904904904905,relevance,2.245984580733224,2.8635101550596223,2429.279665472326,2.9460815632301287,3272.4632456332965
alpha,1.4904904904904905,denseweight,2.3098030444720554,2.955435457098113,2587.8169507297603,3.023296001064757,3475.054920490562
alpha,1.4933933933933934,relevance,2.3000997705378654,2.9158632972318275,2519.03147311684,2.997049856713654,3411.0524539844355
alpha,1.4933933933933934,denseweight,2.293066778589397,2.9174857236361778,2521.696185541339,2.9794520411908545,3394.2062591948097
alpha,1.4962962962962962,relevance,2.254836588041531,2.8712788969599123,2442.6217216872533,2.952128378870661,3287.9702198005293
alpha,1.4962962962962962,denseweight,2.3082902349389807,2.92445802439132,2533.635830525847,2.9892094598167196,3415.755272078774
alpha,1.4991991991991993,relevance,2.2617771899421557,2.8847504545903515,2465.656692667793,2.9652801494506456,3318.024822088262
alpha,1.4991991991991993,denseweight,2.32416894403767,2.959934106920751,2595.268377382751,3.024020755311852,3493.379064677298
alpha,1.5021021021021022,relevance,2.284167012728388,2.8897640836318628,2474.193694517014,2.9811632205014833,3350.6371528703175
alpha,1.5021021021021022,denseweight,2.3057163099245885,2.939929244684923,2560.739032111581,2.998326570864887,3440.2170596617393
alpha,1.505005005005005,relevance,2.263797681730287,2.8975902843600894,2487.961177715256,2.970546606784358,3307.241414330627
alpha,1.505005005005005,denseweight,2.338130401051293,2.953750726002057,2584.912400125245,3.0184648806289354,3513.959058187271
alpha,1.5079079079079079,relevance,2.2856401965868183,2.9210731228782465,2527.818785348871,2.9996950297898057,3385.347408680468
alpha,1.5079079079079079,denseweight,2.327009762577807,2.9356180733077943,2552.9102716801085,3.004718342440717,3462.1399396456836
alpha,1.510810810810811,relevance,2.2614560222578284,2.8862521896179816,2468.1863829291738,2.9618614574277253,3321.425168695319
alpha,1.510810810810811,denseweight,2.3134131283462187,2.933237780134072,2548.9818207448025,3.005583012374964,3456.3714721179954
alpha,1.5137137137137138,relevance,2.282664733034808,2.91080953488896,2510.1244349783165,2.997010706968276,3369.0724106299763
alpha,1.5137137137137138,denseweight,2.3357154859641462,2.957939929519349,2591.9700505839346,3.0271052591727226,3509.10413026448
alpha,1.5166166166166166,relevance,2.27846221563274,2.902545495001574,2496.350038068684,2.9820418078137014,3356.2697919742054
alpha,1.5166166166166166,denseweight,2.3250069893496317,2.93638244207995,2554.3175711742447,3.003234749662438,3483.664158645968
alpha,1.5195195195195195,relevance,2.2597975837161566,2.8574605462384426,2419.026801017146,2.943627077535863,3281.8652025275424
alpha,1.5195195195195195,denseweight,2.2978197460272427,2.935459160085585,2552.6774888713417,2.9984557028455066,3423.384277968033
alpha,1.5224224224224225,relevance,2.266408032481524,2.8682433526153157,2437.460882098629,2.945422407119634,3301.253336033068
alpha,1.5224224224224225,denseweight,2.3110473179715263,2.930022019651496,2543.317426127838,3.0052236251228246,3455.156201549949
alpha,1.5253253253253254,relevance,2.2552497035089445,2.8701539142777857,2440.6678359101466,2.955471490231658,3298.8342907462725
alpha,1.5253253253253254,denseweight,2.327627896962055,2.9378657638221313,2556.9885275977836,3.007829731892195,3479.4974170877567
alpha,1.5282282282282282,relevance,2.2503334114823264,2.835887526878054,2382.8335328845355,2.934391992112657,3265.6582251863815
alpha,1.5282282282282282,denseweight,2.3088188946848223,2.935673588356391,2553.1163390516454,3.0017515187994466,3447.585585262756
alpha,1.531131131131131,relevance,2.2387303325580823,2.837887444362776,2386.34269764783,2.926713165948219,3238.1451373878203
alpha,1.531131131131131,denseweight,2.345779422849497,2.9491984649475347,2576.827414746653,3.0158144158533116,3526.742317181513
alpha,1.5340340340340342,relevance,2.3023448273434273,2.887564003119939,2470.308253206345,2.982092084448724,3394.3614880966143
alpha,1.5340340340340342,denseweight,2.319236691305511,2.9500410448515844,2578.0801299298832,3.014364574718862,3492.583283100646
alpha,1.536936936936937,relevance,2.2419406043829437,2.868241007762643,2437.7436743003664,2.9438482870015683,3268.058661494188
alpha,1.536936936936937,denseweight,2.320334276256487,2.9547184287602803,2586.45859089995,3.0298411944033794,3498.069749134376
alpha,1.5398398398398399,relevance,2.2676046609679172,2.889841546401545,2474.1914713235515,2.969558640617779,3338.9648736677946
alpha,1.5398398398398399,denseweight,2.300728225320308,2.929079404897169,2541.8000196212956,2.9890376531439915,3431.2567190026375
alpha,1.5427427427427427,relevance,2.241324050052086,2.8348592146344322,2380.782557340495,2.927214844251194,3256.962571049481
alpha,1.5427427427427427,denseweight,2.3026362198506507,2.889359539155919,2473.140834198234,2.9660646439903804,3385.8104462297397
alpha,1.5456456456456458,relevance,2.2717747629406397,2.859911614724891,2423.0676416642345,2.951151013460295,3325.7581437976437
alpha,1.5456456456456458,denseweight,2.3257135299645184,2.9629391444735753,2600.5663413633065,3.025166631477338,3506.003024168547
alpha,1.5485485485485486,relevance,2.2695556679442808,2.921828327093827,2529.521917070645,3.000212108118416,3373.0873493521094
alpha,1.5485485485485486,denseweight,2.32893684575611,2.969371265569204,2611.9060681702067,3.0230622675268393,3524.841651384099
alpha,1.5514514514514515,relevance,2.2654731738587524,2.8819118797646226,2460.949067240458,2.966175701422273,3330.0591907494927
alpha,1.5514514514514515,denseweight,2.3478698591875973,2.956480112635237,2589.7538413706657,3.04330427980045,3585.5522695370296
alpha,1.5543543543543543,relevance,2.272857379659749,2.910998515016111,2510.668981467139,2.99106936307772,3378.1566334672425
alpha,1.5543543543543543,denseweight,2.2946375795132017,2.9389040699308993,2558.842746532733,3.0021811879504687,3435.106239212295
alpha,1.5572572572572574,relevance,2.2591685198308022,2.8799354531808077,2457.473056404175,2.9621715569364895,3314.731938889468
alpha,1.5572572572572574,denseweight,2.3095826534838824,2.9462447522686794,2571.751024715456,3.012038596127214,3443.9052833773007
alpha,1.5601601601601602,relevance,2.261209421340396,2.856628089485724,2418.0305954372857,2.9452245311994205,3313.1114482443027
alpha,1.5601601601601602,denseweight,2.3084103443408814,2.963129098847131,2601.3634232761333,3.0229969470553453,3471.2846478191445
alpha,1.563063063063063,relevance,2.2633564084692397,2.8821469915645803,2461.089972368469,2.968561261874949,3340.3284521978358
alpha,1.563063063063063,denseweight,2.3144110805968845,2.9431808234399974,2566.4282379125166,3.0013336560646517,3470.6351309693637
alpha,1.565965965965966,relevance,2.2452261929321566,2.8713279686356152,2442.7388210456643,2.946817217900021,3268.7890987796095
alpha,1.565965965965966,denseweight,2.317546484103484,2.941597606201067,2563.5866932783197,3.010218350272856,3466.101833746999
alpha,1.568868868868869,relevance,2.2638523086272753,2.8769053868913805,2452.1480390663023,2.9583468131654573,3321.1955274714255
alpha,1.568868868868869,denseweight,2.339143711520575,2.9915830519032145,2651.3719339558224,3.0472284688674747,3555.44748081497
alpha,1.5717717717717719,relevance,2.2849239601656115,2.935971635180046,2553.980904382287,3.0114908261545645,3428.4249632921064
alpha,1.5717717717717719,denseweight,2.3117382990855813,2.9424077734924077,2564.7875525233894,3.0092293531809373,3474.4741226160754
alpha,1.5746746746746747,relevance,2.2690703655596596,2.929839757395672,2543.3427042130206,3.0129531218638177,3411.637384865339
alpha,1.5746746746746747,denseweight,2.3169376413957017,2.9351659973556954,2552.2060678304892,2.9960983698692383,3454.8950008165048
alpha,1.5775775775775776,relevance,2.266845956843848,2.9195205331278498,2525.279147528114,3.000153941917388,3359.9233582770844
alpha,1.5775775775775776,denseweight,2.31012616575994,2.9474732108476105,2573.702412909511,3.0061679469262264,3459.1800192116234
alpha,1.5804804804804806,relevance,2.2759498393241473,2.8921810876536154,2478.4669440492526,2.9671578959867277,3315.4887625149736
alpha,1.5804804804804806,denseweight,2.3103074835875805,2.940374473199506,2561.313880717449,3.0060996877373376,3448.0609544172094
alpha,1.5833833833833835,relevance,2.2805133693321302,2.8954481794828393,2483.8711046344197,2.9865054036906646,3371.0753960507946
alpha,1.5833833833833835,denseweight,2.2846942797291407,2.9103374985672654,2509.344025578558,2.9700738638086093,3357.3262865914867
alpha,1.5862862862862863,relevance,2.2912250111235246,2.901433138983789,2494.4303461748596,2.9937169797665297,3373.8349232962883
alpha,1.5862862862862863,denseweight,2.313092991620841,2.9372394019067367,2555.935794169559,2.998343154484111,3460.86740460465
alpha,1.5891891891891892,relevance,2.2797903096286443,2.858834795680018,2421.7881610285267,2.952393721247993,3317.222190634398
alpha,1.5891891891891892,denseweight,2.303765085207519,2.9346679688554986,2551.0471825683953,2.9991441452021044,3432.617675052367
alpha,1.592092092092092,relevance,2.254569621525763,2.866893981112668,2435.3893309883497,2.945161840793436,3301.6181917320782
alpha,1.592092092092092,denseweight,2.325406155621572,2.944525268206942,2568.7012797616694,3.006455523424988,3485.049076783486
alpha,1.594994994994995,relevance,2.2656597942521572,2.8849229571103945,2465.9967809981886,2.9629759520906056,3333.6060999062033
alpha,1.594994994994995,denseweight,2.33776545997862,2.9562929604079176,2589.458335892748,3.022513447551848,3514.9412545284335
alpha,1.597897897897898,relevance,2.2561919691161916,2.855615510751149,2416.1817389336934,2.9454757656013015,3295.219435606547
alpha,1.597897897897898,denseweight,2.309390136593184,2.9202605437714966,2526.301981359332,2.9941070804707985,3449.1025640801086
alpha,1.6008008008008008,relevance,2.2712281317608833,2.895116566624852,2483.082367088551,2.9876735846294165,3363.629157871795
alpha,1.6008008008008008,denseweight,2.3212366944638956,2.9716761701788568,2616.212410970862,3.0208885093632567,3514.3894157270815
alpha,1.6037037037037036,relevance,2.2911689154065824,2.906343894281165,2502.7798030516146,2.998191934090766,3396.2805750083594
alpha,1.6037037037037036,denseweight,2.344810720341509,2.9856119436828874,2640.567369547041,3.055436010077992,3554.8483035933045
alpha,1.6066066066066067,relevance,2.2850065419618115,2.894902435092316,2482.7836392811682,2.9732995109981575,3363.1525563859354
alpha,1.6066066066066067,denseweight,2.321478263842026,2.956028870683515,2588.8763807255427,3.024881179966267,3501.942793806422
alpha,1.6095095095095096,relevance,2.2662827771419805,2.866456286763542,2434.307303283699,2.9561352838652684,3354.369892702985
alpha,1.6095095095095096,denseweight,2.3028325482310787,2.9275833320607028,2539.1535925720746,2.9968552329053093,3424.7711577067757
alpha,1.6124124124124124,relevance,2.26731327316301,2.907437689665303,2504.8514617207193,2.9904674795026454,3397.4412547486763
alpha,1.6124124124124124,denseweight,2.3074851909571343,2.9379655855230555,2556.957934533303,2.9954303478172477,3439.3190061378464
alpha,1.6153153153153152,relevance,2.2615053108002505,2.9048354496283073,2500.1006877190275,2.9894360912071667,3347.03773935976
alpha,1.6153153153153152,denseweight,2.3243169126886176,2.9505504991355354,2578.984891874915,3.011010704446707,3468.8469037005707
alpha,1.6182182182182183,relevance,2.2611315513056938,2.8860235022286544,2468.288849907129,2.965453245765605,3317.514101572287
alpha,1.6182182182182183,denseweight,2.3095976125318027,2.9414830094059616,2563.2232901089665,3.004928185855521,3443.894590769894
alpha,1.6211211211211212,relevance,2.251703086880347,2.8584584792711314,2420.8025089557163,2.9370907330410696,3254.7055428452986
alpha,1.6211211211211212,denseweight,2.316885918570546,2.9510114117953026,2579.8487732829453,3.0096729734979353,3465.619724632905
alpha,1.624024024024024,relevance,2.2496699574800085,2.863646470686308,2429.6997090561845,2.9385175817947347,3273.946892950664
alpha,1.624024024024024,denseweight,2.3154726064521918,2.9527064063971027,2582.721522681231,3.006484544107147,3482.828502379589
alpha,1.6269269269269269,relevance,2.286866773676189,2.8949574441091794,2483.306108581354,2.978447706164478,3386.5713377260563
alpha,1.6269269269269269,denseweight,2.328508023770261,2.9534977155934357,2584.280014871325,3.0178112471471086,3488.1890939318837
alpha,1.62982982982983,relevance,2.275631782315623,2.87982593593731,2457.5907304754114,2.9666243798322993,3325.7977309698003
alpha,1.62982982982983,denseweight,2.324943983511072,2.962193322368765,2599.657034884262,3.0205409416062166,3495.33692218542
alpha,1.6327327327327328,relevance,2.2655678475725525,2.890128679378724,2474.6528850650743,2.97417501275331,3324.100133496773
alpha,1.6327327327327328,denseweight,2.306748481322038,2.950109508747966,2578.276325458035,3.000937736891262,3446.7827013987844
alpha,1.6356356356356356,relevance,2.2487044810961967,2.866003015112208,2433.6394930153624,2.951476081396357,3275.8624141226996
alpha,1.6356356356356356,denseweight,2.333782984784388,2.966214764474306,2606.7177602426646,3.01464160466588,3505.2709631073203
alpha,1.6385385385385385,relevance,2.2533904086225154,2.8781945403423337,2454.667767438779,2.959791720970826,3304.476632245309
alpha,1.6385385385385385,denseweight,2.3126970780040152,2.939827241725131,2560.208770068577,3.001551679978031,3460.709951661425
alpha,1.6414414414414416,relevance,2.2701279224460786,2.8939368318870815,2481.4513295331103,2.9765318806055205,3344.6503890702575
alpha,1.6414414414414416,denseweight,2.312734958023964,2.9389297756588877,2558.8793204693343,3.003282191684546,3458.272053848721
alpha,1.6443443443443444,relevance,2.291259331087686,2.9068139928010805,2503.4035895645343,2.9817432956824335,3396.9897436978213
alpha,1.6443443443443444,denseweight,2.304723358956612,2.9459880691960345,2571.0502303910475,3.0008463661687603,3436.2097903299004
alpha,1.6472472472472472,relevance,2.2513308390686717,2.862230667121436,2427.055161143215,2.9469058898089555,3271.7638890857884
alpha,1.6472472472472472,denseweight,2.3006675403015104,2.9282818100954033,2540.045803695881,2.9852510257451903,3414.1311439042715
alpha,1.65015015015015,relevance,2.28787542751831,2.909003101786459,2507.1746502087353,2.9877420240805725,3374.1861170160496
alpha,1.65015015015015,denseweight,2.3280767752886455,2.958964106789247,2593.7885008314533,3.0226336519041825,3503.3451314578547
alpha,1.6530530530530532,relevance,2.2740919671291313,2.888111663383891,2471.4332816814285,2.970456643801216,3338.075799684618
alpha,1.6530530530530532,denseweight,2.3080826613800363,2.956693365676983,2589.868572026756,3.012698480516778,3460.7053353589035
alpha,1.655955955955956,relevance,2.261894992886659,2.8509102191565434,2408.0200730279726,2.9393168150512166,3284.4901287883813
alpha,1.655955955955956,denseweight,2.3248988395608006,2.930577141163744,2543.9665687134407,2.9973015940705627,3469.01644748798
alpha,1.6588588588588589,relevance,2.2464350638623225,2.822631809964961,2360.732870632967,2.911859656114871,3226.0117447190446
alpha,1.6588588588588589,denseweight,2.310480690602803,2.956057258540025,2588.7964089812067,3.018168907394523,3461.649328433189
alpha,1.6617617617617617,relevance,2.2818841921332447,2.911923536933308,2512.412430532482,2.9969861240920808,3401.6708052036342
alpha,1.6617617617617617,denseweight,2.291473129759866,2.932422216289766,2547.3837353975746,3.0000040072809804,3402.742962610579
alpha,1.6646646646646648,relevance,2.263126370311312,2.88825083676574,2471.3824808835157,2.9730789787188128,3341.7609699845257
alpha,1.6646646646646648,denseweight,2.31422444360435,2.913546821192288,2514.7221261997006,2.9774834875934215,3410.825126796644
alpha,1.6675675675675676,relevance,2.2980505407731013,2.9245561002292577,2534.1678923368136,3.0091735022042663,3437.3721111859522
alpha,1.6675675675675676,denseweight,2.3127012939015517,2.954254750435393,2585.6321830685897,3.015189737041378,3464.340891327625
alpha,1.6704704704704705,relevance,2.260988180029972,2.8525504370924883,2411.001279169979,2.9376777731124317,3280.418897512184
alpha,1.6704704704704705,denseweight,2.3218879380879303,2.9476794805324973,2573.8447880135395,3.0087448967143975,3463.763469919202
alpha,1.6733733733733733,relevance,2.2587014580170104,2.8602117977299986,2424.100112210456,2.942886259251029,3288.3599133013786
alpha,1.6733733733733733,denseweight,2.3284337991147104,2.9633636354974686,2601.6121316514964,3.039302267043608,3534.0653350939415
alpha,1.6762762762762764,relevance,2.2828010759855606,2.8978822427620106,2487.9711113803164,2.9846304081226225,3368.733305790214
alpha,1.6762762762762764,denseweight,2.313813777592736,2.9344027909825843,2550.9525737216245,2.9890323775462844,3442.687788230528
alpha,1.6791791791791792,relevance,2.2845396612442324,2.907439430037524,2504.432970341109,2.994983081347626,3380.876522500569
alpha,1.6791791791791792,denseweight,2.3181606684540794,2.9567969726242103,2590.0424875831764,3.0128084647925717,3488.362924314281
alpha,1.682082082082082,relevance,2.27738620879094,2.9208222464776106,2527.622698763168,2.9920518796348334,3380.321748124611
alpha,1.682082082082082,denseweight,2.3112805282319124,2.953308959343519,2584.086958446124,3.009277381001691,3458.5407690961665
alpha,1.684984984984985,relevance,2.2672434214786565,2.879044269811491,2455.618302872114,2.959208289821501,3335.36915194554
alpha,1.684984984984985,denseweight,2.3074512691974416,2.948198365543914,2574.823500398081,3.0048227676173926,3461.8932884650426
alpha,1.687887887887888,relevance,2.2540402232048558,2.869100506758596,2438.742801167537,2.95235005956161,3278.0665629738255
alpha,1.687887887887888,denseweight,2.2856477545136675,2.9186842298280604,2523.7934062774325,2.980822560510427,3382.90378207689
alpha,1.6907907907907909,relevance,2.2641674034903048,2.8766170728486236,2451.866288722893,2.961333075128769,3316.723844162566
alpha,1.6907907907907909,denseweight,2.318209233271952,2.94007913472965,2560.6381128259977,3.001247820433083,3456.006737167192
alpha,1.6936936936936937,relevance,2.286911680501977,2.8772464557815,2452.7415628638487,2.9493050102895295,3321.163886682522
alpha,1.6936936936936937,denseweight,2.3169102578833485,2.9400004834888107,2560.6623411714863,3.000075752285094,3454.948808820796
alpha,1.6965965965965966,relevance,2.2847729808344086,2.9237974451839124,2532.776108735118,3.008771882841245,3423.2327624102854
alpha,1.6965965965965966,denseweight,2.288439204290577,2.9391630011354097,2559.318557822401,2.993190539730973,3393.4662435570544
alpha,1.6994994994994996,relevance,2.271703538155424,2.9249406155577535,2534.617706855779,3.008950856954921,3390.520990513014
alpha,1.6994994994994996,denseweight,2.3229129899323735,2.9643035576807146,2603.171369464766,3.0229050906365815,3485.5592519992474
alpha,1.7024024024024025,relevance,2.272304869763868,2.9085380492503634,2506.6607452004046,2.9883093831684038,3380.6875776239253
alpha,1.7024024024024025,denseweight,2.299564253847753,2.9518239336215055,2581.182062509409,3.0197856098643343,3445.6142054951997
alpha,1.7053053053053053,relevance,2.251841227743878,2.872993944561297,2445.584900789211,2.9524708487804436,3300.493437858048
alpha,1.7053053053053053,denseweight,2.3331274428618585,2.9825924732432703,2635.566774077057,3.0422780187561482,3537.958979466011
alpha,1.7082082082082082,relevance,2.2874113932023916,2.8858825731706546,2467.5750612827387,2.978379902013378,3370.2568518936787
alpha,1.7082082082082082,denseweight,2.2959166057732823,2.935230800905645,2552.649811906069,2.9848126267848683,3388.4155476461215
alpha,1.711111111111111,relevance,2.258222404484432,2.8886082566744213,2472.380936950372,2.975567239880396,3327.198690913141
alpha,1.711111111111111,denseweight,2.313636812718169,2.9499046967337086,2577.9958450474464,3.0051419631707414,3458.5010176488017
alpha,1.714014014014014,relevance,2.290855023561831,2.8914377682018237,2477.043112269445,2.9878074255133416,3382.865139168039
alpha,1.714014014014014,denseweight,2.30011806763721,2.9386075118541264,2558.2598774921257,2.9921305775546556,3412.14907181916
alpha,1.716916916916917,relevance,2.275448374177351,2.879297708603217,2456.0204638922696,2.9680638597595164,3347.9030387735033
alpha,1.716916916916917,denseweight,2.321040734386834,2.957301093496053,2590.6960331666864,3.008942298446972,3465.731276124629
alpha,1.7198198198198198,relevance,2.2607345729640635,2.836704781419697,2383.818252345772,2.9243861064237433,3251.2543249058276
alpha,1.7198198198198198,denseweight,2.3086203394208833,2.9343574776645784,2550.773392527133,3.004565948947839,3444.593029506533
alpha,1.7227227227227226,relevance,2.2742212745318793,2.889449190981304,2473.514755705267,2.978507102913641,3359.872349588677
alpha,1.7227227227227226,denseweight,2.2903283913589134,2.920121429051002,2526.0861974247705,2.983806392983282,3413.728002217764
alpha,1.7256256256256257,relevance,2.250135521445779,2.871337486005182,2442.733103074029,2.9574731855888996,3310.8128991235358
alpha,1.7256256256256257,denseweight,2.308760541778388,2.9595679534218213,2594.818595320849,3.021721967634681,3459.6559747782258
alpha,1.7285285285285286,relevance,2.2501833041073063,2.8731959199027717,2446.0828835299626,2.9497335883810263,3279.7388440347218
alpha,1.7285285285285286,denseweight,2.3038854564214577,2.9411183571761534,2562.6059739928933,3.0001067756125193,3431.2682495881277
alpha,1.7314314314314314,relevance,2.235462060022522,2.8398324886665542,2389.575066072089,2.926751821100342,3237.6099819594597
alpha,1.7314314314314314,denseweight,2.3191338398619568,2.966259591584353,2606.517324093735,3.0218712938307797,3481.2812921458353
alpha,1.7343343343343343,relevance,2.2511881236725544,2.881582976932516,2460.028784624444,2.9717528477284207,3328.400756985586
alpha,1.7343343343343343,denseweight,2.344400508423896,2.992434131227641,2652.532918405508,3.0410266349890653,3561.9501896285446
alpha,1.7372372372372373,relevance,2.261579644118149,2.9017493794281424,2494.72235819447,2.9867433597699153,3332.918802994621
alpha,1.7372372372372373,denseweight,2.3251317624355545,2.9645696795055945,2603.740473251164,3.0234172806982342,3508.9835501585617
alpha,1.7401401401401402,relevance,2.254757599514335,2.8822257146279746,2461.0331752385177,2.9680021408655715,3327.7619320617946
alpha,1.7401401401401402,denseweight,2.3087679112615676,2.9685534603705803,2610.634590744585,3.0213496045603616,3461.7530678895737
alpha,1.743043043043043,relevance,2.2680063318646235,2.840884109374258,2391.2985608988306,2.937298770287311,3268.900301362986
alpha,1.743043043043043,denseweight,2.290839445599579,2.9201917401057687,2526.33481299279,2.987739712122663,3382.3252480978113
alpha,1.7459459459459459,relevance,2.25568136908476,2.8619185987557296,2426.348209726117,2.9446672989186933,3264.676155110688
alpha,1.7459459459459459,denseweight,2.315644905999933,2.9626194150456513,2600.164484336089,3.0223526335187176,3483.824002983193
alpha,1.748848848848849,relevance,2.281275220341657,2.875132649968407,2449.104038812974,2.9632439987593915,3339.96545615145
alpha,1.748848848848849,denseweight,2.290124076340262,2.924950803518085,2534.4461560634018,2.982420486925885,3390.234226799703
alpha,1.7517517517517518,relevance,2.2949526339710196,2.8819652433914507,2460.2566496797035,2.954157445926413,3343.1737069795845
alpha,1.7517517517517518,denseweight,2.3232576485749115,2.9502343422646202,2578.3905384222458,3.011395828576951,3479.617062320362
alpha,1.7546546546546546,relevance,2.2449217011312173,2.851116483173534,2408.29011843065,2.936790274783618,3264.009035111746
alpha,1.7546546546546546,denseweight,2.30522884655463,2.942894610713004,2565.576478341072,3.00691356193783,3448.617020279518
alpha,1.7575575575575575,relevance,2.258985707525684,2.8397340245603497,2389.0937196491195,2.9349002648619584,3255.6469017017703
alpha,1.7575575575575575,denseweight,2.3178367592990696,2.9436404054820935,2566.81291212767,2.998764651567992,3466.180487213124
alpha,1.7604604604604606,relevance,2.2538163769672925,2.875572198811511,2449.932253947022,2.952579708871567,3293.191809625844
alpha,1.7604604604604606,denseweight,2.3099401039384904,2.9565706019140108,2589.5919778299567,3.013526669953514,3459.967830612815
alpha,1.7633633633633634,relevance,2.2811028808206752,2.900297064406635,2492.395117146142,2.9947409605265216,3408.5311252630013
alpha,1.7633633633633634,denseweight,2.340006418368725,2.9624771043319758,2599.956891943641,3.009648568874815,3502.4673600897645
alpha,1.7662662662662663,relevance,2.273502269353313,2.9094788416289026,2507.9484392511963,2.992833236256377,3363.1600617877416
alpha,1.7662662662662663,denseweight,2.324474711667786,2.9785661525532166,2628.1432268170747,3.033040018237183,3507.1340654246665
alpha,1.769169169169169,relevance,2.2947925656575983,2.9326547554341587,2547.9950180816745,3.008300682507965,3423.5353977163763
alpha,1.769169169169169,denseweight,2.302319642759144,2.932899989482232,2548.162696047639,2.985523089052246,3425.9733778919963
alpha,1.7720720720720722,relevance,2.293734020237354,2.9366463912423852,2555.2654237002,3.027013069405581,3452.5481293221906
alpha,1.7720720720720722,denseweight,2.3256240616565425,2.9570301304807702,2590.2934695069807,3.019975239155353,3489.0805361730777
alpha,1.774974974974975,relevance,2.293519111726626,2.91381459572466,2515.4196456535956,2.9998025302224307,3398.1380942190967
alpha,1.774974974974975,denseweight,2.31175694356627,2.939554726622702,2559.756009625616,3.0007627780876813,3449.1385959780077
alpha,1.7778778778778779,relevance,2.268256814311636,2.8606131870696183,2424.4116737658333,2.9523361520994156,3307.6106097000993
alpha,1.7778778778778779,denseweight,2.3349949824172502,2.981891334300353,2634.1997624954693,3.0420173203729544,3533.059477437758
alpha,1.7807807807807807,relevance,2.282959540471621,2.85152568511992,2408.999266212898,2.957435050221226,3358.3409505110017
alpha,1.7807807807807807,denseweight,2.2921828470026355,2.9333324926404765,2549.112347226313,2.988407356511444,3400.258308296486
alpha,1.7836836836836838,relevance,2.2987600163619795,2.9300154339842024,2543.421429680737,3.009543650555543,3409.556549922266
alpha,1.7836836836836838,denseweight,2.310632499347673,2.9420334549328824,2564.1516742373856,3.002957547166862,3448.2714295616365
alpha,1.7865865865865866,relevance,2.270332366939594,2.8747392738635944,2448.5688587709883,2.9532214047585135,3315.6352760883315
alpha,1.7865865865865866,denseweight,2.319799584018317,2.9691024810917286,2611.643477528565,3.0185486639637054,3483.6845153008267
alpha,1.7894894894894895,relevance,2.261699830774369,2.8713943541681015,2442.818985070604,2.9552443411963334,3307.2546971963443
alpha,1.7894894894894895,denseweight,2.3030657656978764,2.9413574467005636,2563.3185790816187,3.002935641678151,3446.1380676324793
alpha,1.7923923923923923,relevance,2.292430415935097,2.940277147976551,2561.0257701513706,3.0150088553566614,3427.749424955088
alpha,1.7923923923923923,denseweight,2.3141753673079966,2.93380798120767,2549.918294743537,2.9950850255568557,3441.798421137863
alpha,1.7952952952952954,relevance,2.2695736085232143,2.870762439117239,2441.6802731154244,2.9608859580718954,3322.174716932409
alpha,1.7952952952952954,denseweight,2.3194200457186454,2.9538698259175655,2584.9061139863775,3.0124537012483836,3467.692763322605
alpha,1.7981981981981983,relevance,2.2570460171415756,2.8450359825458986,2397.9264221346575,2.937725847029903,3305.9803394562236
alpha,1.7981981981981983,denseweight,2.306928037332743,2.9349686079933273,2551.911799511528,2.990484364867903,3401.1188442614184
alpha,1.801101101101101,relevance,2.238206637753155,2.86811896725211,2437.126487493673,2.936514389897188,3264.129055728712
alpha,1.801101101101101,denseweight,2.305556174076845,2.9428474055366656,2565.6575361557407,3.003898951330424,3439.1958346579286
alpha,1.804004004004004,relevance,2.2505545977778176,2.8514119722450717,2408.405498991668,2.9365602151847674,3273.677559790558
alpha,1.804004004004004,denseweight,2.340380837395896,2.9800809689533208,2630.792477033292,3.0346891099780335,3540.244197476581
alpha,1.806906906906907,relevance,2.2545544595884457,2.816801534109201,2350.535772752024,2.9116085824122253,3226.974092154974
alpha,1.806906906906907,denseweight,2.3203730823125905,2.9699365501063664,2613.1120434274258,3.0341683313708283,3503.023190545024
alpha,1.8098098098098099,relevance,2.272289161112817,2.9033041982346917,2497.0901040728595,2.989783206446541,3360.6292347929893
alpha,1.8098098098098099,denseweight,2.330153339439701,2.971038154763016,2615.1563768659958,3.0248828944885933,3500.704776285077
alpha,1.8127127127127127,relevance,2.2642665485783273,2.8960129049354153,2484.9085376254334,2.972427086176322,3345.344119163768
alpha,1.8127127127127127,denseweight,2.3115385802035924,2.937557106769702,2556.448949930378,2.9992543087275023,3446.837854992703
alpha,1.8156156156156156,relevance,2.302726270291931,2.9324588192164542,2547.7029957815384,3.0196891073217444,3442.372754363278
alpha,1.8156156156156156,denseweight,2.304207772681953,2.9399151913397836,2560.5375003045024,2.9954207390015646,3426.614883712292
alpha,1.8185185185185186,relevance,2.2425278923220446,2.8418726235988694,2392.5352599073467,2.9344747368310786,3259.3634522685084
alpha,1.8185185185185186,denseweight,2.299151193791237,2.92038063743686,2526.6994456434686,2.9897204233334387,3404.033672760994
alpha,1.8214214214214215,relevance,2.256666098516185,2.8679802294353003,2436.6808003777246,2.9544979524443464,3288.074988838947
alpha,1.8214214214214215,denseweight,2.313700632021966,2.935268469162472,2552.360704113602,2.9888040649457315,3434.4537892197864
alpha,1.8243243243243243,relevance,2.2609926337574677,2.8779337621704855,2453.9894114593467,2.9643449503791457,3322.1503132780763
alpha,1.8243243243243243,denseweight,2.307314321030803,2.924128251341767,2532.857571645218,2.991404725092775,3412.640998153496
alpha,1.8272272272272272,relevance,2.2801529133868494,2.9194549891448958,2525.105690880785,3.004013868806828,3401.6702822701673
alpha,1.8272272272272272,denseweight,2.300216064962597,2.912599907088929,2513.167081190948,2.972079449232879,3392.626471419507
alpha,1.8301301301301303,relevance,2.3114344222414402,2.9125263120974503,2512.8961114826025,3.003075090312969,3417.2186470734064
alpha,1.8301301301301303,denseweight,2.323806452461275,2.9514443036533904,2580.708528018327,3.0112371710392076,3480.427127708178
alpha,1.833033033033033,relevance,2.2532152349036063,2.839814550989438,2389.1249298722223,2.9296647106117213,3256.280856931883
alpha,1.833033033033033,denseweight,2.30956063356645,2.9420016478946605,2564.113732468742,2.999048780143853,3442.278115761536
alpha,1.835935935935936,relevance,2.242483750514926,2.8824984117906887,2461.465439246512,2.967360741658637,3298.3104444650917
alpha,1.835935935935936,denseweight,2.3368414512958813,2.9606138397161503,2596.735421135234,3.0205511818187527,3505.3000803850573
alpha,1.8388388388388388,relevance,2.27142210167242,2.8942817198820836,2481.4741606852685,2.981466194597108,3364.975847841493
alpha,1.8388388388388388,denseweight,2.3395063145659005,2.9820862096780423,2634.3336616468346,3.0430102104439984,3545.0239541656238
alpha,1.8417417417417417,relevance,2.2534497493000822,2.8760837548368157,2450.6245720764036,2.9469992414596358,3296.819097208136
alpha,1.8417417417417417,denseweight,2.3202957543646807,2.945512987790547,2570.3615848024224,3.0065313541644674,3459.8952719070635
alpha,1.8446446446446447,relevance,2.2646058906286655,2.875707799620119,2449.9907742227538,2.9551706710781835,3305.5410126107517
alpha,1.8446446446446447,denseweight,2.3374998624708034,2.966110658452476,2606.2949085186806,3.0226343789421914,3510.4935973584234
alpha,1.8475475475475476,relevance,2.279419876949324,2.888682716434021,2471.8301008113417,2.9699184470836877,3335.9344811380715
alpha,1.8475475475475476,denseweight,2.3145087000875333,2.938674711485584,2558.5141941488505,3.000819257101146,3448.611618670496
alpha,1.8504504504504504,relevance,2.264991349926336,2.888991934624047,2472.7457817116137,2.9721180265056195,3326.6369584383187
alpha,1.8504504504504504,denseweight,2.303369447051124,2.9579461249678647,2591.9833005053674,3.012092865202917,3455.14154668853
alpha,1.8533533533533533,relevance,2.284074462902116,2.87918895806004,2455.999413045663,2.9670438812108624,3347.6937636121083
alpha,1.8533533533533533,denseweight,2.32129460200137,2.9451571196121673,2569.6825385973675,3.0072940156684123,3485.9084462208466
alpha,1.8562562562562563,relevance,2.269722125857976,2.9039311919972817,2498.4538131957675,2.9725382532000393,3347.9884580496378
alpha,1.8562562562562563,denseweight,2.3238357087715236,2.9468376611555347,2572.7353246424277,2.993260874524789,3461.842045752044
alpha,1.8591591591591592,relevance,2.281294487427312,2.876881494643854,2451.85136622416,2.9553568952582236,3318.1492006895405
alpha,1.8591591591591592,denseweight,2.323411865549938,2.9381099627484355,2557.1245196745895,3.006624510489946,3455.8128702749045
alpha,1.862062062062062,relevance,2.295684980576462,2.907408753086409,2504.1780442742943,2.984330119304117,3402.0672180653337
alpha,1.862062062062062,denseweight,2.3174288492675528,2.949820222418466,2578.067107996036,3.0112106262047127,3483.17454253153
alpha,1.8649649649649649,relevance,2.246950001326732,2.852543050932465,2410.7967147092118,2.9332186298936436,3271.2175185202764
alpha,1.8649649649649649,denseweight,2.294819677995641,2.93195524574437,2546.8453570088896,2.991070572232218,3402.5770657443413
alpha,1.867867867867868,relevance,2.2720652291207397,2.9219591696173657,2529.47975622311,2.9919874369187274,3369.0745774606653
alpha,1.867867867867868,denseweight,2.316476790435055,2.941174157949345,2562.611214724993,2.9994512523309345,3430.983607591809
alpha,1.8707707707707708,relevance,2.2760011344974296,2.91225007444097,2512.9843606542277,2.988184195317007,3371.101080490944
alpha,1.8707707707707708,denseweight,2.3228877364334894,2.9726929956174177,2617.8009943596294,3.03849963805712,3522.687403408129
alpha,1.8736736736736737,relevance,2.2674582646322317,2.8774918877268307,2452.7521377334338,2.9544743208433806,3323.569666956334
alpha,1.8736736736736737,denseweight,2.3151699561583543,2.9553534431217683,2587.650827037314,3.0129338279542917,3473.8356640192164
alpha,1.8765765765765765,relevance,2.238027274980519,2.827268289879563,2368.2402035729933,2.904380033468102,3206.107118311008
alpha,1.8765765765765765,denseweight,2.302694706963664,2.942211055142278,2564.566874314249,3.00389487750495,3449.817234892106
alpha,1.8794794794794796,relevance,2.2710072459722213,2.8872223636925884,2469.6517243406743,2.965964467745583,3326.504277369581
alpha,1.8794794794794796,denseweight,2.311362848541064,2.965200760856341,2604.938485962143,3.0223633964112304,3491.516402064538
alpha,1.8823823823823824,relevance,2.279712402817346,2.877010900097156,2452.118183431668,2.9607784245333124,3321.2343126973137
alpha,1.8823823823823824,denseweight,2.308839137892797,2.9369573452282545,2555.4613636409654,2.994164755791217,3448.8847814012415
alpha,1.8852852852852853,relevance,2.29584255741321,2.8991238343373538,2490.3394093390775,2.9817250455509225,3373.105510161097
alpha,1.8852852852852853,denseweight,2.305715926327733,2.9346634572901045,2551.2741219302234,2.990679397470277,3434.815156430495
alpha,1.8881881881881881,relevance,2.265322157518971,2.8686651916866155,2438.2021900460254,2.958824296208134,3282.410482836206
alpha,1.8881881881881881,denseweight,2.3109005839686336,2.966193861749754,2606.3705063022844,3.022296160039253,3487.0012208010526
alpha,1.8910910910910912,relevance,2.277116927811461,2.8938071626539688,2480.65489181729,2.9766809167965427,3340.2314438426833
alpha,1.8910910910910912,denseweight,2.316114107017872,2.963645400423234,2601.8686593251286,3.030339374195545,3492.399909914504
alpha,1.893993993993994,relevance,2.285556643065087,2.906330421228942,2502.336713730914,2.99147147811519,3370.014421264986
alpha,1.893993993993994,denseweight,2.3177252724819133,2.974801133510326,2621.5946978297643,3.026193955374981,3493.5918911894846
alpha,1.896896896896897,relevance,2.279474611931304,2.919214622587715,2524.7087497752013,3.001317867895775,3382.9678561123715
alpha,1.896896896896897,denseweight,2.3189493905422367,2.956037170421309,2588.7460344078577,3.0160888765455214,3494.051397963431
alpha,1.8997997997997997,relevance,2.29352255616373,2.933995882384749,2550.2246442954347,3.0180373289132985,3436.949204379518
alpha,1.8997997997997997,denseweight,2.3222640729326414,2.9403580868487547,2561.2995351822697,3.001501595053151,3462.490494589337
alpha,1.9027027027027028,relevance,2.2868231520722335,2.922832426808581,2530.875348228656,3.0079353954957946,3403.461248921925
alpha,1.9027027027027028,denseweight,2.3130528331628613,2.9415816253820375,2563.173714197228,3.0059824016489003,3454.1006529851265
alpha,1.9056056056056057,relevance,2.275510809425078,2.907354244857164,2504.0940509251327,2.9840133204930734,3325.8081700520042
alpha,1.9056056056056057,denseweight,2.3352321469099593,2.970644957783384,2614.324685025532,3.033918935264112,3546.0919123913823
alpha,1.9085085085085085,relevance,2.2697376336886714,2.9045007840579378,2499.162428582896,2.9793359051802275,3360.702770964593
alpha,1.9085085085085085,denseweight,2.3115705576785963,2.938778098124832,2558.6288030683627,2.992882451515482,3443.1884300102997
alpha,1.9114114114114114,relevance,2.227739808639723,2.831421814309183,2375.21209925369,2.910874080258928,3204.728758871489
alpha,1.9114114114114114,denseweight,2.314485428260989,2.9461159903426357,2571.358866053446,3.005402163910815,3462.076834392439
alpha,1.9143143143143144,relevance,2.302682488794943,2.9438769503318367,2567.6478462760156,3.018930667364992,3432.7685389096737
alpha,1.9143143143143144,denseweight,2.3143797199083083,2.9475391320519546,2573.7597783084493,3.0097437695444595,3448.086302369703
alpha,1.9172172172172173,relevance,2.268884092479246,2.887624463648297,2470.279963430008,2.971318392611334,3326.8301402612633
alpha,1.9172172172172173,denseweight,2.3075926860369305,2.938013994937857,2557.1519487229352,2.995156972822054,3423.0924594704597
alpha,1.9201201201201201,relevance,2.2939119107158925,2.9099586601115486,2508.779844595212,2.9927640074705124,3362.430624528086
alpha,1.9201201201201201,denseweight,2.312525579072799,2.945838883883837,2570.953867036737,3.0111848399342476,3467.0331257062167
alpha,1.923023023023023,relevance,2.2586064113047177,2.885512170563056,2467.1986136247665,2.970002519103841,3334.4169915382486
alpha,1.923023023023023,denseweight,2.321809411634353,2.9595652005495685,2594.9345293586666,3.020534478009702,3504.2875250739594
alpha,1.925925925925926,relevance,2.2818089159219803,2.915833707212871,2518.7721119182743,2.9920544968995517,3362.7103989345082
alpha,1.925925925925926,denseweight,2.316894148719627,2.9514268380534316,2580.318449680149,3.0145266992073467,3484.7046710972127
alpha,1.928828828828829,relevance,2.244474777655943,2.874531644756548,2448.1050669210967,2.9402227416390945,3261.6970005627695
alpha,1.928828828828829,denseweight,2.3189642284898615,2.942599731174182,2565.3444463076316,2.999340190818864,3447.055098764706
alpha,1.9317317317317317,relevance,2.226865783489806,2.8336424067256547,2378.6954700185775,2.9101602380231237,3184.017334455929
alpha,1.9317317317317317,denseweight,2.3071844692073977,2.966103574663395,2606.40198550053,3.0247692975410785,3474.0439868706408
alpha,1.9346346346346346,relevance,2.270689995960364,2.8987168410156077,2489.3128595980356,2.9747719521763094,3329.628235478076
alpha,1.9346346346346346,denseweight,2.334573381875792,2.986227552756117,2641.972495502751,3.0505134182050524,3544.5947513697874
alpha,1.9375375375375377,relevance,2.24947320698116,2.874945790321274,2448.4144831580466,2.9453492487655293,3259.7172656977195
alpha,1.9375375375375377,denseweight,2.3448035800173517,2.9852316658927758,2639.8693065451243,3.0376137500388687,3555.772164333707
alpha,1.9404404404404405,relevance,2.2805081266223897,2.9063478267487284,2502.71802302553,2.9884121573607394,3343.2779193151277
alpha,1.9404404404404405,denseweight,2.3229349936894526,2.9661786577377036,2606.6883465170386,3.024222817588142,3493.6484525381047
alpha,1.9433433433433434,relevance,2.2670600965262113,2.8878385619292493,2470.8803483393986,2.9661364236590546,3330.052634597058
alpha,1.9433433433433434,denseweight,2.3352065840422984,2.9681688595261497,2609.96494584298,3.0263743243489247,3504.893332268966
alpha,1.9462462462462462,relevance,2.2603612728182867,2.8796491310276733,2456.798738481868,2.9509885524407156,3304.2948743025754
alpha,1.9462462462462462,denseweight,2.310041623985827,2.944360167623078,2568.2103374742037,3.0080318268963917,3457.121607508518
alpha,1.9491491491491493,relevance,2.3024364117478786,2.9554517320824814,2587.714939902176,3.045495306693735,3482.220721054634
alpha,1.9491491491491493,denseweight,2.3167173183902836,2.9748496635798927,2621.7492295214815,3.0239910862392367,3503.3670374486455
alpha,1.9520520520520521,relevance,2.2649657762963886,2.8946329468983323,2482.234796413055,2.968725721800197,3313.3314941337057
alpha,1.9520520520520521,denseweight,2.3302804804231054,2.9481157591675213,2574.7706808230746,3.0040335540016017,3484.6616246705735
alpha,1.954954954954955,relevance,2.258240387065216,2.881741850806461,2460.430302551334,2.973808949204044,3321.3636186415933
alpha,1.954954954954955,denseweight,2.299478743006902,2.9339129310556125,2549.832447980046,2.9894175466621866,3431.0095011565463
alpha,1.9578578578578578,relevance,2.2610170187267347,2.873414237611117,2446.2575287145096,2.961950401097794,3302.6876899789727
alpha,1.9578578578578578,denseweight,2.3068896076691434,2.9353775854649196,2552.637849009605,2.9957444105921978,3430.2812766019083
alpha,1.9607607607607607,relevance,2.275240486538044,2.8847070874670173,2464.9492172898367,2.9632451360175014,3297.007164289921
alpha,1.9607607607607607,denseweight,2.334666493960943,2.9726955252843847,2617.722652341147,3.0340359785208566,3525.7268996756357
alpha,1.9636636636636637,relevance,2.2796102220628374,2.9018511175275643,2494.60000669665,2.9764895738905217,3348.496855319186
alpha,1.9636636636636637,denseweight,2.330543653638255,2.961189594889055,2597.6921339851933,3.0235621142142133,3510.639737869894
alpha,1.9665665665665666,relevance,2.286174032753999,2.8956370859266487,2483.91560697689,2.9752902665500955,3350.2310532251863
alpha,1.9665665665665666,denseweight,2.3071728640440923,2.937238538978003,2555.6240299962724,2.9911139047267943,3431.007642830085
alpha,1.9694694694694694,relevance,2.252066977230359,2.879340107533384,2456.538973312319,2.9516200862203728,3283.5737072113534
alpha,1.9694694694694694,denseweight,2.316425263367038,2.939588996082335,2559.789658683353,2.9915212284682937,3451.7853773951715
alpha,1.9723723723723723,relevance,2.247697136104989,2.8900374616469553,2474.2624424991286,2.9582519793263304,3286.185519862077
alpha,1.9723723723723723,denseweight,2.318630036844378,2.9438440726997577,2567.336126975878,2.9985602340411237,3459.427760325465
alpha,1.9752752752752754,relevance,2.2425804564553857,2.882560286613015,2461.7186068000697,2.955256086708331,3280.6267736005652
alpha,1.9752752752752754,denseweight,2.3201387755221825,2.953644542629926,2584.3702294502764,3.0125398685718348,3482.503526615639
alpha,1.9781781781781782,relevance,2.2838246650751577,2.9059855559062173,2501.6383296012505,2.9858512971908087,3371.9951934013566
alpha,1.9781781781781782,denseweight,2.316783840180857,2.949350313794521,2576.908650913747,3.0175809534482094,3476.902203909506
alpha,1.981081081081081,relevance,2.261834660970334,2.8712207746453453,2442.550243120668,2.948456041498841,3320.1541777171537
alpha,1.981081081081081,denseweight,2.323438259030968,2.9734092174134688,2619.0301641729493,3.0278841329622104,3505.913477474259
alpha,1.983983983983984,relevance,2.266079082367942,2.876504598339106,2451.3063117377415,2.9608178233735116,3322.0986568098856
alpha,1.983983983983984,denseweight,2.3108346048460464,2.9364776267998343,2554.3591479822608,2.9941799189895737,3426.891383038941
alpha,1.986886886886887,relevance,2.2672230101591033,2.8900285418909903,2474.293439539231,2.960114584964986,3323.45867089396
alpha,1.986886886886887,denseweight,2.3102959738633215,2.9423598234747392,2564.7396393735603,3.001207981679329,3449.9487214088276
alpha,1.9897897897897898,relevance,2.238102980283401,2.8341800577495246,2379.677603036378,2.909929144805511,3213.438369413742
alpha,1.9897897897897898,denseweight,2.3224601152314563,2.9492128621416023,2576.881674213944,3.0126001644219813,3496.7073611339856
alpha,1.9926926926926927,relevance,2.272271660605412,2.895930498036796,2484.279578658779,2.970372664812002,3311.7117998748613
alpha,1.9926926926926927,denseweight,2.315225758733434,2.945262657469653,2569.840248155765,3.006797546381793,3463.176144122061
alpha,1.9955955955955955,relevance,2.2668258931749907,2.8937845386660084,2480.8655069469582,2.9738311697727147,3349.5088156097486
alpha,1.9955955955955955,denseweight,2.3210960911306016,2.947534371997043,2574.0163205628387,3.0137100476857657,3468.9769794021836
alpha,1.9984984984984986,relevance,2.285666538462949,2.9156156111563134,2518.31602046047,2.9850608030623857,3368.026638393734
alpha,1.9984984984984986,denseweight,2.3155951055406723,2.9532339555932094,2583.685091001839,3.0108799340475754,3462.9240449472895
alpha,2.0014014014014014,relevance,2.2671904969211423,2.869149560786049,2438.8057377634264,2.95936780736071,3320.7144235840924
alpha,2.0014014014014014,denseweight,2.3310282919199543,2.9818687140074087,2634.073987386181,3.0401149627855313,3528.362584359114
alpha,2.0043043043043043,relevance,2.2507660090442805,2.8559415571431868,2416.3927237900075,2.9330466137484863,3252.7911467751123
alpha,2.0043043043043043,denseweight,2.3250018388672804,2.9474517626166574,2573.504968119907,3.015700389443291,3484.8276250600175
alpha,2.007207207207207,relevance,2.2713857501307686,2.8829972784231512,2462.5019416624737,2.9663470757641743,3328.199721417407
alpha,2.007207207207207,denseweight,2.325828838160364,2.9543266577847547,2585.605276681901,3.015645092379338,3495.1205697009686
alpha,2.01011011011011,relevance,2.261754155373049,2.8888045190397125,2472.62097816787,2.9576500900558167,3311.1102869128626
alpha,2.01011011011011,denseweight,2.313672560765705,2.945512389040064,2570.266120205643,3.008157538078131,3447.26635975374
alpha,2.013013013013013,relevance,2.2229861099801895,2.835204979299521,2381.481053674165,2.903763111513597,3169.8530777390133
alpha,2.013013013013013,denseweight,2.324164635746693,2.9528429475687443,2583.1994720014236,3.0190551124004523,3480.917692397466
alpha,2.0159159159159157,relevance,2.2972785567777363,2.9221079876388507,2529.4623123208544,3.002361354070354,3406.257943745778
alpha,2.0159159159159157,denseweight,2.309556399444248,2.944048237672427,2567.7502939344135,3.0004872067395145,3450.266397249078
alpha,2.0188188188188185,relevance,2.257850644838353,2.8693211894220574,2438.9908121327203,2.949392971148657,3273.522127683397
alpha,2.0188188188188185,denseweight,2.3116085335661865,2.957444523518418,2591.0748572671328,3.014494272955656,3459.77770252724
alpha,2.021721721721722,relevance,2.2572730785011283,2.885865560764488,2467.481523256122,2.9538014776370227,3297.5662589701005
alpha,2.021721721721722,denseweight,2.3231668968693557,2.967655992452411,2609.0066750333503,3.0241543883334314,3498.787093076554
alpha,2.0246246246246247,relevance,2.258499965047903,2.8806682621229522,2458.3235053153057,2.9430286345873644,3280.6160827006324
alpha,2.0246246246246247,denseweight,2.335371376936317,2.989475199581232,2647.417946853545,3.042149799928213,3535.333575148055
alpha,2.0275275275275275,relevance,2.2484104430234995,2.844673319464578,2397.4683389337115,2.9246157362513356,3251.0775629293294
alpha,2.0275275275275275,denseweight,2.315734887210197,2.9597811860315435,2595.2186285083467,3.018410912352022,3478.747945329329
alpha,2.0304304304304304,relevance,2.2604698699996444,2.8647451575157232,2431.15417415649,2.936880191783495,3287.110060600229
alpha,2.0304304304304304,denseweight,2.3228602801090354,2.967213823596541,2608.345289954841,3.0208941289639903,3494.4479497313123
alpha,2.033333333333333,relevance,2.2590839066212918,2.8661839757895944,2434.1837194573145,2.9391007621130556,3279.6666741190825
alpha,2.033333333333333,denseweight,2.3248169706051964,2.959844539101286,2595.2745616194397,3.021890924740873,3483.69294588133
alpha,2.036236236236236,relevance,2.2928159728015878,2.889210388769343,2473.055803404135,2.9765390182285993,3369.419969517406
alpha,2.036236236236236,denseweight,2.329829159010285,2.982180392357061,2634.77179244619,3.0349732063454247,3545.0645267144246
alpha,2.039139139139139,relevance,2.2727363805323657,2.8835501567467032,2463.468771954942,2.974324355892758,3355.6821779729885
alpha,2.039139139139139,denseweight,2.3211422703360056,2.950310388176464,2578.4604770808874,3.0079481650962676,3464.1886142914104
alpha,2.0420420420420418,relevance,2.3205867225600945,2.9240294078411884,2533.188770998963,2.996881738727364,3424.2032439357013
alpha,2.0420420420420418,denseweight,2.318473965064094,2.953816962325297,2584.7281538586267,3.0066252644764915,3475.252979329213
alpha,2.044944944944945,relevance,2.27467087723277,2.855952555117084,2416.525799804022,2.949150955023773,3316.6269594771466
alpha,2.044944944944945,denseweight,2.32133191405158,2.966164749791971,2606.4714558880246,3.0218006116862166,3490.3823713195166
alpha,2.047847847847848,relevance,2.2750198104474553,2.8960059954949733,2484.6725898935097,2.972422341212727,3353.025027410063
alpha,2.047847847847848,denseweight,2.323820767157027,2.9576769382475545,2591.4847835048604,3.024884951579225,3496.797643122487
alpha,2.0507507507507508,relevance,2.2914866320832097,2.919831597192349,2525.573752978736,2.9973380634379736,3399.5588103648156
alpha,2.0507507507507508,denseweight,2.307170675206859,2.930785315868917,2544.5816373811363,2.994717262750176,3422.2889978422018
alpha,2.0536536536536536,relevance,2.27408989538245,2.8484764611259763,2403.9436476934725,2.933272624806068,3279.4931888921615
alpha,2.0536536536536536,denseweight,2.321379531346961,2.9524992873806157,2582.5929340699076,3.014175509448254,3474.6035732825603
alpha,2.0565565565565564,relevance,2.3142353244072895,2.9021588552511757,2495.359664453441,3.007800491239469,3451.863332496198
alpha,2.0565565565565564,denseweight,2.3044651969812855,2.932781926445719,2547.981634440747,2.983368252746033,3430.411060707352
alpha,2.0594594594594593,relevance,2.2680403774979063,2.8478260682656624,2402.7816910893825,2.936877965908961,3263.9530893168744
alpha,2.0594594594594593,denseweight,2.3073306215530156,2.9375969858712443,2556.4986901655775,2.999614262003623,3445.116018158459
alpha,2.062362362362362,relevance,2.2603750340550373,2.8690497276462286,2439.1412576375005,2.9598652460985284,3297.7716243584637
alpha,2.062362362362362,denseweight,2.3166891148123328,2.9540597412027316,2585.2074657880526,3.0097275812569637,3462.626300579221
alpha,2.065265265265265,relevance,2.238038390068499,2.827572307570189,2369.034712854936,2.913407093370161,3212.3106866590506
alpha,2.065265265265265,denseweight,2.3232660982176174,2.9435187271743826,2566.681171884689,2.998722639713634,3465.8677533530363
alpha,2.0681681681681683,relevance,2.251090779262018,2.8611776563754447,2425.8311373653232,2.955070701392823,3278.5431090676097
alpha,2.0681681681681683,denseweight,2.3100974685100177,2.9381032988181968,2557.33971976184,2.992925592908238,3445.2631318861063
alpha,2.071071071071071,relevance,2.2846293700680964,2.89754034425608,2487.470318133084,2.9780489792167346,3354.313807550467
alpha,2.071071071071071,denseweight,2.306580884745024,2.936461797311339,2554.513911085194,2.9962307912216266,3435.2032317818907
alpha,2.073973973973974,relevance,2.280745157794812,2.929915984992328,2543.2589970452777,3.0175624279182047,3409.864935433762
alpha,2.073973973973974,denseweight,2.33060530119815,2.9617993251141628,2598.675790296433,3.021283072200562,3499.351596374682
alpha,2.076876876876877,relevance,2.3266907136549277,2.929550691293171,2542.6268903247546,3.0249334870604123,3488.673569605443
alpha,2.076876876876877,denseweight,2.3236334350914234,2.9471247607529936,2573.034983395381,3.002952600652331,3465.9492914021603
alpha,2.0797797797797797,relevance,2.274286152580298,2.8778441048366545,2453.689282146488,2.962321683145646,3329.0468916822215
alpha,2.0797797797797797,denseweight,2.316079117239885,2.948860017931325,2576.074083767232,3.005673481054614,3452.9755937870045
alpha,2.0826826826826825,relevance,2.2863772424084323,2.900165352876803,2492.1299775927,3.005076598518842,3424.302970193435
alpha,2.0826826826826825,denseweight,2.305198143017043,2.939391618467435,2559.535741376109,3.0015677165623726,3439.5096647607056
alpha,2.0855855855855854,relevance,2.277215042980839,2.8800149726777606,2457.6855085374345,2.9688745201641953,3365.90534496355
alpha,2.0855855855855854,denseweight,2.3166102828357813,2.948521670146646,2575.424799369787,3.0042349187090642,3460.2671169656364
alpha,2.0884884884884882,relevance,2.218901071522978,2.8206690167750335,2357.280199076916,2.901807836714364,3188.0931080944442
alpha,2.0884884884884882,denseweight,2.3202373121666935,2.958347912070392,2592.567840442075,3.0158128482025153,3472.814600264791
alpha,2.091391391391391,relevance,2.281906157194979,2.922638880051272,2530.9879391745108,2.994595976879435,3386.1538265507666
alpha,2.091391391391391,denseweight,2.320926424781423,2.9404141904106433,2561.3374859035926,3.0001711955850263,3455.5719792649675
alpha,2.0942942942942944,relevance,2.262351036267379,2.9020929674259404,2495.3497575230663,2.981108650422112,3344.2910280147303
alpha,2.0942942942942944,denseweight,2.3010628070348655,2.9228809551789894,2530.8673931938647,2.9841983783454222,3412.4220833693926
alpha,2.097197197197197,relevance,2.2560451117524694,2.886618369554297,2468.640497182799,2.9688944411682856,3316.689007685981
alpha,2.097197197197197,denseweight,2.3192262240109236,2.954526544128606,2585.9699533669873,3.0155297926837763,3472.7375874871173
alpha,2.1001001001001,relevance,2.239220183056134,2.8454891326471135,2399.238093874137,2.9295388192752063,3260.779942823091
alpha,2.1001001001001,denseweight,2.305705193006619,2.9328035722941364,2547.960373872579,2.99820661464005,3433.074675467862
alpha,2.103003003003003,relevance,2.2572428339398662,2.879000474022564,2455.9992523546475,2.9525538809994933,3316.9818245012452
alpha,2.103003003003003,denseweight,2.3173201401553847,2.9317268604426876,2545.988334087106,2.9903270187809023,3439.694721992308
alpha,2.1059059059059058,relevance,2.294006183815462,2.9143057778172645,2516.225195355583,2.9948582662122005,3378.2304285568493
alpha,2.1059059059059058,denseweight,2.3373899884425957,2.9620348895948907,2598.737144056391,3.0109323135956667,3502.6208823228967
alpha,2.1088088088088086,relevance,2.2946864274820475,2.88913426140696,2473.1730548500177,2.976545346401973,3372.4914903498543
alpha,2.1088088088088086,denseweight,2.335713463951816,2.9602479891473785,2595.8762003993706,3.0219310288738392,3508.517354572669
alpha,2.111711711711712,relevance,2.2669457562300783,2.871344194167683,2442.4525980554636,2.951467893663801,3314.153670216888
alpha,2.111711711711712,denseweight,2.3340671682620715,2.960861270000824,2597.073828841281,3.0195499628327003,3506.208837340837
alpha,2.1146146146146148,relevance,2.2679510104102563,2.8838852092496015,2464.0846619963986,2.9721147519804427,3343.4383645093026
alpha,2.1146146146146148,denseweight,2.307035107764098,2.940697203790113,2561.830844439893,3.003292254422042,3428.433486539388
alpha,2.1175175175175176,relevance,2.261348040341813,2.891252177754545,2476.8156063292095,2.980460668220085,3335.3156005839824
alpha,2.1175175175175176,denseweight,2.31855775378947,2.95383317153465,2584.7288119982873,3.015477011287552,3476.170968040297
alpha,2.1204204204204204,relevance,2.2604262572946823,2.867116597999981,2435.5273630690863,2.948133080687472,3299.506562751942
alpha,2.1204204204204204,denseweight,2.3303713060377564,2.976660456122007,2624.851839487438,3.031450119458953,3520.112850822745
alpha,2.1233233233233233,relevance,2.245599377054677,2.845411534654003,2398.797619706944,2.9407810830922623,3261.237113438316
alpha,2.1233233233233233,denseweight,2.3231445543736324,2.9361270786884175,2553.7903406144337,2.986683826552238,3451.8810651071417
alpha,2.126226226226226,relevance,2.2497024643898915,2.8654132117660773,2432.619919650054,2.952564822481941,3287.6523174142367
alpha,2.126226226226226,denseweight,2.329308262446404,2.967307104055211,2608.3816042931717,3.025914063569969,3504.5380108271343
alpha,2.129129129129129,relevance,2.266691666430624,2.865330904906416,2432.473600861578,2.9613352533192248,3315.337221148944
alpha,2.129129129129129,denseweight,2.3124153690211915,2.939873881079824,2560.499415828543,3.006373850487546,3448.0172995672597
alpha,2.132032032032032,relevance,2.2850293105328014,2.859973902078824,2423.1605922828885,2.956492588674976,3349.776334068509
alpha,2.132032032032032,denseweight,2.3015564653400515,2.9275678259320403,2538.946628981891,2.9854261999006964,3410.0595148618636
alpha,2.134934934934935,relevance,2.2730763845872657,2.891689643177637,2477.4314110140667,2.968996658478616,3341.000045666803
alpha,2.134934934934935,denseweight,2.3107972061903377,2.9553670652341983,2587.5580115574444,3.013850310301134,3460.587691209756
alpha,2.137837837837838,relevance,2.283633492154049,2.9135748277133513,2514.9988619177575,3.0072359389383423,3412.0979254118674
alpha,2.137837837837838,denseweight,2.3149125694752812,2.946881677577757,2572.4902304966017,3.0053651434192012,3467.3948868605817
alpha,2.140740740740741,relevance,2.2513841420873644,2.8226485748693206,2360.451220606652,2.9186971493747818,3239.5450987837594
alpha,2.140740740740741,denseweight,2.3279292570053465,2.968809261107879,2611.0329615667556,3.0289904551092657,3507.9451398805236
alpha,2.1436436436436437,relevance,2.2795339572478523,2.867045685344,2435.6599534143415,2.957618747224387,3343.7214391841067
alpha,2.1436436436436437,denseweight,2.329412029415462,2.9615071744084056,2598.1572165436646,3.0178383435557734,3491.936041759105
alpha,2.1465465465465465,relevance,2.261420284106223,2.8753157288887885,2449.622359872922,2.962417925749062,3313.3866007485003
alpha,2.1465465465465465,denseweight,2.313024099574931,2.941172590432682,2562.79250314971,3.0010813434285635,3460.5245261143978
alpha,2.1494494494494494,relevance,2.280625530438805,2.8511884411106934,2408.1911799777677,2.9387655142586473,3287.5594917928915
alpha,2.1494494494494494,denseweight,2.3059146352342945,2.9228619956805333,2530.638591069403,2.986063579015765,3423.579058264452
alpha,2.1523523523523522,relevance,2.272907755213608,2.897347854180785,2487.112551555397,2.977341033081958,3353.1811722882735
alpha,2.1523523523523522,denseweight,2.311103588984782,2.9504654046783445,2578.7558131472388,3.002875952999821,3450.780645787543
alpha,2.155255255255255,relevance,2.2672591357233856,2.888662687354918,2472.323975356797,2.97436524363993,3338.614140300941
alpha,2.155255255255255,denseweight,2.3152159840833146,2.958586694315544,2593.45125404581,3.0152424871718893,3481.9281606032187
alpha,2.1581581581581584,relevance,2.283656388284213,2.8779306460812206,2453.7559065119676,2.977791040732925,3362.527235932134
alpha,2.1581581581581584,denseweight,2.3223810049873546,2.958583588863075,2593.088999522731,3.0125524657730725,3475.539611293212
alpha,2.161061061061061,relevance,2.255141857538716,2.850120723040647,2406.5849372623106,2.940154103611373,3286.5324972598814
alpha,2.161061061061061,denseweight,2.320357797082111,2.967593800998258,2608.9149191999054,3.019421902973659,3476.4404725185905
alpha,2.163963963963964,relevance,2.265980582053238,2.872470629990835,2444.540934374679,2.9609637103810478,3316.146227638809
alpha,2.163963963963964,denseweight,2.3339682052074604,2.975616000238425,2622.8207658563915,3.0244031550147072,3501.199824399537
alpha,2.166866866866867,relevance,2.2677107009035087,2.8620537053484867,2426.739184043216,2.9610330070832958,3339.0864745978697
alpha,2.166866866866867,denseweight,2.3415146067253843,2.9630903150271686,2600.747180729521,3.010264037345482,3512.434520392568
alpha,2.1697697697697698,relevance,2.292846990313068,2.9112587315063503,2510.889286676664,2.993617603152384,3379.418332672454
alpha,2.1697697697697698,denseweight,2.327028714534515,2.95997941936659,2595.7522789448767,3.0188974163612103,3493.1105923033474
alpha,2.1726726726726726,relevance,2.325351192660861,2.923868041861986,2532.267607643755,3.0124633551599835,3439.8646613898945
alpha,2.1726726726726726,denseweight,2.3276293257971665,2.96978222214133,2612.6499533632714,3.0232819035882446,3495.318498075093
alpha,2.1755755755755755,relevance,2.281387469355591,2.917819216811133,2522.599573977414,2.9921073213547826,3388.757221712675
alpha,2.1755755755755755,denseweight,2.318583628324876,2.9309064268220886,2544.5280790331276,2.9880714643629975,3438.50223355367
alpha,2.1784784784784783,relevance,2.279736593210064,2.8722870500938065,2444.501760557828,2.9621540246721807,3355.956086361096
alpha,2.1784784784784783,denseweight,2.3446911133330013,2.9621080734468914,2599.311654237136,3.020771743479958,3527.852968719817
alpha,2.1813813813813816,relevance,2.2819559988810747,2.875071404793537,2448.914268457838,2.965588050289477,3340.395782466289
alpha,2.1813813813813816,denseweight,2.324195359914331,2.9592947220288215,2594.2413454584917,3.0090728845801324,3481.2128383229547
alpha,2.1842842842842844,relevance,2.2750202288924153,2.884608881919524,2465.7463185375614,2.9691092847127294,3350.65360956369
alpha,2.1842842842842844,denseweight,2.319250002628725,2.9531785175314593,2583.5912455179327,3.012516066328305,3471.731219382683
alpha,2.1871871871871873,relevance,2.2935335568163793,2.8978617077324915,2487.732848049312,2.994246520169672,3393.633544962783
alpha,2.1871871871871873,denseweight,2.3243641080503603,2.9510325277938025,2580.0368426021237,3.0171322815167403,3485.1297885678678
alpha,2.19009009009009,relevance,2.2889257812500436,2.8766110594535808,2451.655706177938,2.9707972102254336,3380.373475550838
alpha,2.19009009009009,denseweight,2.3342070082506092,2.9723534542553276,2617.289747078698,3.0207828738826086,3517.4380878974425
alpha,2.192992992992993,relevance,2.2700983694819703,2.870299155578078,2441.1331180765956,2.969453302841731,3349.3437963075967
alpha,2.192992992992993,denseweight,2.327437085076781,2.9537883693164484,2584.5760680709377,3.0160717548814415,3460.4115429393596
alpha,2.195895895895896,relevance,2.2797796186337953,2.8230461470222696,2361.089897252897,2.9210043002272412,3266.1600990053207
alpha,2.195895895895896,denseweight,2.321212994194115,2.9604925060380505,2596.2983139584403,3.013062592467502,3466.422783752606
alpha,2.1987987987987987,relevance,2.2973664105363376,2.899251293580703,2490.3881027889743,2.9880253899098705,3374.4158080217894
alpha,2.1987987987987987,denseweight,2.340137912608229,2.962809173568992,2600.3879882989368,3.0121811810552406,3514.4083540182155
alpha,2.2017017017017015,relevance,2.2605645315367995,2.8662979257701893,2433.7926522026733,2.9479942333912823,3282.772795926692
alpha,2.2017017017017015,denseweight,2.331274856074126,2.9564585691770744,2589.4059259867627,3.014389164570237,3497.4939416991797
alpha,2.204604604604605,relevance,2.2781756580376293,2.865599387945233,2433.0455940940415,2.9639898056250273,3356.957786122134
alpha,2.204604604604605,denseweight,2.3230533425701743,2.9290054992465975,2541.2328541530064,2.9942799886373326,3442.134378992951
alpha,2.2075075075075077,relevance,2.284885918931179,2.909616525406512,2508.2939985057174,2.987728993847096,3389.296058781609
alpha,2.2075075075075077,denseweight,2.305471211224232,2.9519977663559938,2581.568716227139,3.014726388013943,3450.1354547317987
alpha,2.2104104104104105,relevance,2.2744979839063673,2.883310719443403,2463.0150767842742,2.96786103061955,3340.4151978416808
alpha,2.2104104104104105,denseweight,2.3126011140937788,2.940875742181201,2562.077347828694,3.001381345030038,3454.6272133089537
alpha,2.2133133133133134,relevance,2.283167927581884,2.8893197944191162,2472.928002639746,2.9704591679871406,3350.9113058054945
alpha,2.2133133133133134,denseweight,2.3129717255858826,2.9492049124940176,2576.472263540254,3.0070510943604614,3456.402594196515
alpha,2.2162162162162162,relevance,2.2969247010225535,2.920983624416878,2528.015949724251,2.9976203851845953,3428.118099608117
alpha,2.2162162162162162,denseweight,2.3243651530503384,2.9664727171759573,2606.981962858343,3.0263480331304593,3496.1291476536944
alpha,2.219119119119119,relevance,2.3356305066166545,2.9673521235488196,2608.2337077265497,3.0669236590593036,3558.4755805755603
alpha,2.219119119119119,denseweight,2.3201916321945624,2.969868098369867,2612.897794469859,3.0296482941915346,3496.189473543305
alpha,2.222022022022022,relevance,2.3007400762446606,2.907683404927388,2504.6625076897426,2.9915080342876856,3390.859606742097
alpha,2.222022022022022,denseweight,2.300351829855115,2.9228489461314555,2530.9213659447564,2.9848450806602522,3406.592447032854
alpha,2.2249249249249248,relevance,2.284526124001992,2.9221122323914925,2529.623894833157,2.996751728730743,3371.1969117128665
alpha,2.2249249249249248,denseweight,2.317833634585691,2.953856854460364,2584.755481985664,3.0119908614613995,3471.456211362264
alpha,2.2278278278278276,relevance,2.282299866139781,2.916443219408184,2519.9405840133904,3.000947955908438,3387.717127963263
alpha,2.2278278278278276,denseweight,2.2997806754290333,2.9245211181653055,2533.699968597817,2.9901274922302243,3407.460773507898
alpha,2.230730730730731,relevance,2.308384524788975,2.8779074202759074,2453.7290043765274,2.9769378043367563,3387.617470731057
alpha,2.230730730730731,denseweight,2.3106692019089965,2.9478802770456465,2574.2970414344363,3.0041934872315954,3436.5693656972207
alpha,2.2336336336336338,relevance,2.2907450071179674,2.8606754593487995,2424.795224452218,2.950460391339031,3316.5081463331735
alpha,2.2336336336336338,denseweight,2.3079804100339962,2.9229811085552297,2531.037131368053,2.9902804871704816,3411.88822988186
alpha,2.2365365365365366,relevance,2.256292885554085,2.882226636122402,2461.181598135839,2.964443398236353,3323.9148017237912
alpha,2.2365365365365366,denseweight,2.3047987595522557,2.9169995282882315,2520.548864530406,2.9769166070589783,3412.3352924908377
alpha,2.2394394394394395,relevance,2.3145375246415267,2.930793061453356,2545.100088750382,3.025302108108455,3486.5669443751335
alpha,2.2394394394394395,denseweight,2.306910212739286,2.948166781404338,2574.97338160649,3.0118257111782225,3452.5610463053063
alpha,2.2423423423423423,relevance,2.280165718312182,2.8814609016173685,2459.843355356267,2.975325775308072,3356.911814836305
alpha,2.2423423423423423,denseweight,2.317928486048105,2.9484710528807496,2575.2475062632293,3.0080288109463913,3460.5314782307073
alpha,2.245245245245245,relevance,2.2872789289036093,2.871808701848353,2443.1633683891905,2.97431998995137,3368.471830068193
alpha,2.245245245245245,denseweight,2.3017652571501923,2.9317901019669255,2546.297985610229,2.9933181851994926,3422.996711983471
alpha,2.248148148148148,relevance,2.2741421247030793,2.864953399120317,2431.655643992083,2.95262723580031,3298.90331695194
alpha,2.248148148148148,denseweight,2.317769805316729,2.958224140702387,2592.507345397038,3.018140056739737,3485.1838331067233
alpha,2.251051051051051,relevance,2.322439698265262,2.912609387605644,2513.143923536677,3.006386572162393,3462.9888694000883
alpha,2.251051051051051,denseweight,2.3076415675051676,2.9399359920562884,2560.5079440366876,3.0034004892586252,3447.357182612778
alpha,2.253953953953954,relevance,2.292483630937216,2.8768628573526116,2452.0501702493034,2.9684033735711752,3364.4794537679263
alpha,2.253953953953954,denseweight,2.3268532242449314,2.9709190828676064,2614.7775155221893,3.0264569633593688,3514.4020190089823
alpha,2.256856856856857,relevance,2.319660769225948,2.8939533567668674,2481.089867838277,2.965801398173337,3396.1443032347515
alpha,2.256856856856857,denseweight,2.2917438404248935,2.912174479798752,2512.3419949022827,2.971889865554959,3381.8617339667585
alpha,2.25975975975976,relevance,2.262735441302338,2.873979657543619,2447.2269008545177,2.951178480870885,3295.4204361178813
alpha,2.25975975975976,denseweight,2.325892201230727,2.952802109899643,2582.857313780022,3.0176027943970474,3499.7900631360185
alpha,2.2626626626626627,relevance,2.2644821140944686,2.8685631706242303,2438.052086638127,2.947918346651394,3299.917533427183
alpha,2.2626626626626627,denseweight,2.3335878058297608,2.973893412013635,2619.8858605902883,3.025588156070755,3514.8290031132137
alpha,2.2655655655655655,relevance,2.290964888103555,2.869039958844086,2438.7971347974626,2.9501986232953934,3337.6134409057195
alpha,2.2655655655655655,denseweight,2.2984744385438094,2.9394672428253545,2559.700280912946,2.9949856149763647,3412.0455942001736
alpha,2.2684684684684684,relevance,2.266159461565878,2.8780649886799825,2454.05531879116,2.9673973997805136,3339.410530253859
alpha,2.2684684684684684,denseweight,2.3272275245069314,2.9792934315816497,2629.6147335267756,3.0388606344682345,3520.9209277667123
alpha,2.2713713713713712,relevance,2.3061610116460267,2.8924305602154545,2478.4709249420434,2.9900580503502803,3409.210545574471
alpha,2.2713713713713712,denseweight,2.316848336432122,2.9593622227465852,2594.3927487154674,3.0182357446254655,3485.031784737324
alpha,2.274274274274274,relevance,2.275323670279829,2.904293146581162,2499.4379591604256,2.970089033517305,3347.489599051673
alpha,2.274274274274274,denseweight,2.309068357338598,2.933837914697963,2549.8857354272895,2.9920708176463995,3438.9770246758535
alpha,2.2771771771771774,relevance,2.2771576900298878,2.851719341921437,2409.384038804296,2.93164831260357,3295.781488354043
alpha,2.2771771771771774,denseweight,2.316119914613055,2.933802756905941,2549.637303319533,2.998173222594021,3442.2247291778835
alpha,2.2800800800800802,relevance,2.3217769099906658,2.9315717204572294,2546.3704433529715,3.027836769741723,3488.548617838039
alpha,2.2800800800800802,denseweight,2.3069678245350502,2.9408973981641755,2562.2704917086357,3.001091692838456,3433.341182197085
alpha,2.282982982982983,relevance,2.280059767903796,2.9223487376679524,2530.2575782135627,2.990758598404513,3382.0422973865216
alpha,2.282982982982983,denseweight,2.3323456480660436,2.966098306369411,2606.127590477982,3.023132326369461,3510.571782737051
alpha,2.285885885885886,relevance,2.268246051818945,2.8791208901178447,2455.9253773962537,2.960482129002024,3319.548348955903
alpha,2.285885885885886,denseweight,2.291945528241472,2.9234586935701943,2531.7734059218938,2.98533914467425,3399.9794980651723
alpha,2.2887887887887888,relevance,2.2725366256652144,2.8789711587176687,2455.3642966287052,2.9598215201443976,3351.1446949423553
alpha,2.2887887887887888,denseweight,2.296776974731382,2.9194426143716794,2525.0404647371042,2.9849706538776535,3404.7455593566947
alpha,2.2916916916916916,relevance,2.2898093444298526,2.903283862358497,2497.3603700357594,2.9955175757291923,3421.76077008889
alpha,2.2916916916916916,denseweight,2.330520803005433,2.9602421101454492,2596.0935183071692,3.0218073575833735,3511.225623741735
alpha,2.2945945945945945,relevance,2.3155305827206276,2.9297788140079977,2542.784759746683,2.9904917485936036,3441.9390436274043
alpha,2.2945945945945945,denseweight,2.3051346605160474,2.954544566981246,2586.2723390117662,3.009053566174524,3446.400264329391
alpha,2.2974974974974973,relevance,2.2849312721029165,2.8952736990220838,2483.7346532685433,2.9734447740735988,3395.467384438372
alpha,2.2974974974974973,denseweight,2.311804205270386,2.955668675884848,2587.966537203663,3.0125308965619375,3461.80676974612
alpha,2.3004004004004006,relevance,2.2883727386803807,2.900147894041219,2492.1151252904724,2.977376912890054,3383.2261622997808
alpha,2.3004004004004006,denseweight,2.3245418021173556,2.9670700242490837,2608.097582210948,3.0206691284160945,3497.940306379065
alpha,2.3033033033033035,relevance,2.243667645891124,2.850109100491175,2406.861212281494,2.920902149673401,3225.6301139761613
alpha,2.3033033033033035,denseweight,2.3206258150732997,2.9599431785958403,2595.4586706904515,3.006825862764265,3471.544015999456
alpha,2.3062062062062063,relevance,2.2710258493152264,2.8968265043076986,2486.3996076578383,2.970356002280787,3358.039802099619
alpha,2.3062062062062063,denseweight,2.3018248981990204,2.928127778656857,2539.9549676566817,2.9877595251948494,3402.7773028884494
alpha,2.309109109109109,relevance,2.253560450408617,2.870945659484879,2442.07146788878,2.942652204002237,3291.548813765574
alpha,2.309109109109109,denseweight,2.3052822728007993,2.9169840955403266,2520.5498139668116,2.979299719345272,3408.3671352618035
alpha,2.312012012012012,relevance,2.267270962243429,2.887791227223471,2470.386755424298,2.9566111344143575,3334.5624852329324
alpha,2.312012012012012,denseweight,2.3334400924664753,2.9762655361752652,2624.1725103530725,3.026730456077714,3508.6343248710946
alpha,2.314914914914915,relevance,2.2962430693321947,2.910321233771179,2509.5937049465697,2.9728747696725897,3388.4423649865926
alpha,2.314914914914915,denseweight,2.3366118394173165,2.9696771775229998,2612.3475172177223,3.0296581053829357,3513.0749068064347
alpha,2.3178178178178177,relevance,2.2858780336914397,2.9100608321846484,2509.20255948385,2.9972058942256523,3405.075179950428
alpha,2.3178178178178177,denseweight,2.3289868478660005,2.9529492065836656,2582.9964978783178,3.01547282889067,3490.24908155125
alpha,2.3207207207207206,relevance,2.2787153708095533,2.8798520371148535,2457.3664705400215,2.9505299268392693,3325.419901496462
alpha,2.3207207207207206,denseweight,2.3318116950697827,2.970931496484409,2614.69512698885,3.024369000956975,3503.568981534305
alpha,2.323623623623624,relevance,2.2696055325288302,2.884523290835806,2464.755712644806,2.968439000136726,3345.8471486688545
alpha,2.323623623623624,denseweight,2.3111012435970832,2.9486275467801426,2575.8631638968936,3.005226783931748,3441.8167536433666
alpha,2.3265265265265267,relevance,2.276902811403378,2.8756757368839834,2449.9476822469956,2.961884220821768,3320.8114943764745
alpha,2.3265265265265267,denseweight,2.302800841547218,2.9332852288414077,2549.0910141101454,2.9916459755901736,3428.877238672975
alpha,2.3294294294294295,relevance,2.2857970745537233,2.919900947845501,2526.1127796885594,2.9948491088621587,3396.894777002376
alpha,2.3294294294294295,denseweight,2.305847097528224,2.9387814292423253,2558.5852383771125,2.9968960263004605,3439.020928056482
alpha,2.3323323323323324,relevance,2.2917545738764638,2.852973719243034,2411.6017149688964,2.942211665195598,3326.5304264801007
alpha,2.3323323323323324,denseweight,2.3140200077168194,2.9534633289813366,2584.269562448879,3.014341737454159,3467.0568823984
alpha,2.3352352352352352,relevance,2.2699741151435378,2.865945650670723,2433.2379300397943,2.96067255191016,3327.003294450345
alpha,2.3352352352352352,denseweight,2.3096248675879507,2.9506555056128194,2579.2329509888536,3.00745314911207,3455.0055051243703
alpha,2.338138138138138,relevance,2.2960487227735307,2.9221137185067056,2529.7104987464513,3.0040447712902343,3388.3814799715783
alpha,2.338138138138138,denseweight,2.303382119375478,2.9364345750137493,2554.3130420704324,2.9957815633440434,3432.2157843014925
alpha,2.341041041041041,relevance,2.2893815918979032,2.919292596443011,2524.577244539965,2.9891173522799557,3409.2263224393787
alpha,2.341041041041041,denseweight,2.3274648639377626,2.967751189385836,2609.054741444108,3.026791664211869,3496.026039912404
alpha,2.343943943943944,relevance,2.2472986722272976,2.8384724617262473,2387.2572309175443,2.9242838042661767,3254.9028009114922
alpha,2.343943943943944,denseweight,2.326634117518133,2.97421041616813,2620.4846009090343,3.0366901539900297,3519.8257379965626
alpha,2.3468468468468466,relevance,2.2573528710881474,2.888546022652937,2472.0300214522404,2.963288631532995,3311.2048374727465
alpha,2.3468468468468466,denseweight,2.3076124999371816,2.923026690794871,2531.178644852266,2.9811307841490366,3407.3361436010837
alpha,2.34974974974975,relevance,2.2976545791844587,2.9248629043621848,2534.507606639027,3.001258041511619,3412.759533698316
alpha,2.34974974974975,denseweight,2.319917337379556,2.956264324735133,2588.976908459997,3.0106399391610217,3482.6679421283493
alpha,2.3526526526526528,relevance,2.290640419433496,2.9337302810322154,2550.034724263653,3.0024097738990885,3425.616620912603
alpha,2.3526526526526528,denseweight,2.323209276932424,2.964727327516221,2603.920947520669,3.0243893047976558,3491.2959149204717
alpha,2.3555555555555556,relevance,2.2985257672152066,2.91507821598161,2517.5734748327955,2.9900241149259674,3432.196427207391
alpha,2.3555555555555556,denseweight,2.3152011510417485,2.952437423669696,2582.5024915712806,3.0119157652782116,3479.8638577789206
alpha,2.3584584584584585,relevance,2.272661865197568,2.891629708462818,2477.3698809308785,2.960391669331727,3328.217866876329
alpha,2.3584584584584585,denseweight,2.328378965291168,2.9678478059524456,2609.2441003631757,3.0180753785371524,3485.0123696709725
alpha,2.3613613613613613,relevance,2.234042652437263,2.8056152709431914,2332.4462394307598,2.894941424401354,3210.1374520324302
alpha,2.3613613613613613,denseweight,2.3339826021231724,2.9587223835423346,2593.269005197559,3.010544746133486,3495.425568397233
alpha,2.364264264264264,relevance,2.2692884236546194,2.865095689679966,2431.8600269807353,2.9459883670096665,3294.727299677998
alpha,2.364264264264264,denseweight,2.3233218022271043,2.9617159030667977,2598.588119078356,3.0128717153465505,3489.561647752585
alpha,2.367167167167167,relevance,2.2880060640617366,2.86831302680861,2437.4390133980946,2.9324571212931243,3344.463747626417
alpha,2.367167167167167,denseweight,2.3159768660891036,2.9450779532946716,2569.4844913389875,3.0022077934102334,3462.0333517295626
alpha,2.37007007007007,relevance,2.2642311077810615,2.845398031563376,2398.761954086978,2.9359752723555608,3278.67901676648
alpha,2.37007007007007,denseweight,2.3108143346522922,2.9485599229956563,2575.673439377546,2.9965148532059915,3449.9641982229546
alpha,2.372972972972973,relevance,2.287797535174283,2.914073800382483,2515.8972524383003,3.0000661814159377,3388.7577401739395
alpha,2.372972972972973,denseweight,2.343607998822705,2.983991348277087,2637.7573444608183,3.0316058586344306,3539.859631498753
alpha,2.375875875875876,relevance,2.251351307538065,2.838792979056877,2387.4694273090004,2.9216240545798513,3246.924479825585
alpha,2.375875875875876,denseweight,2.316625977342017,2.944580903108843,2568.4250907170917,3.003068272989265,3464.853957553237
alpha,2.378778778778779,relevance,2.236465205338284,2.8546629468249525,2414.574305609844,2.937983797370044,3262.3903022266986
alpha,2.378778778778779,denseweight,2.31574304156965,2.959969281416763,2595.6128423597474,3.0213652674083984,3482.243038018193
alpha,2.3816816816816817,relevance,2.2832533741874506,2.9109092322245465,2510.8064413127886,2.9911410609225366,3375.93385568489
alpha,2.3816816816816817,denseweight,2.331636239627555,2.954989145647072,2586.7133471533216,3.022719170812563,3493.866477234517
alpha,2.3845845845845846,relevance,2.2443993500143105,2.8733849266567195,2446.2536370859325,2.952443427243433,3280.859416291909
alpha,2.3845845845845846,denseweight,2.312827110927635,2.9480881639725833,2574.6897589310524,3.006617801934982,3457.201519481821
alpha,2.3874874874874874,relevance,2.249349657491798,2.837247435587468,2385.10644038963,2.93370523373657,3265.8363110567384
alpha,2.3874874874874874,denseweight,2.3177788384470515,2.960986964582131,2597.2476866496745,3.0162460525919075,3476.704087457108
alpha,2.3903903903903903,relevance,2.2853786456366967,2.9352509766855377,2552.314328361187,3.0126710251610724,3431.645955560236
alpha,2.3903903903903903,denseweight,2.3084329572898956,2.9362193597902513,2554.089189558544,2.9999866026268975,3441.3959306011748
alpha,2.393293293293293,relevance,2.2673242224429653,2.882092180877176,2461.181347908537,2.9532872651059296,3318.436009214089
alpha,2.393293293293293,denseweight,2.315974559415166,2.9619958066292864,2599.0178465169965,3.019618956099488,3479.3119145914625
alpha,2.3961961961961964,relevance,2.2607065120833525,2.8743218842008966,2447.69281437057,2.96052967209181,3308.7311874802435
alpha,2.3961961961961964,denseweight,2.3241779418631983,2.9714291876471846,2615.569677360841,3.02330083647457,3493.0005997675785
alpha,2.3990990990990992,relevance,2.2680280838196034,2.8855090450451715,2466.712456021264,2.9809644031775067,3365.0184010872963
alpha,2.3990990990990992,denseweight,2.3290807267911195,2.9651927904591244,2604.5582604584188,3.015987922767534,3487.319461063447
alpha,2.402002002002002,relevance,2.282994856917187,2.883993285078488,2464.0286237580085,2.9775631145270927,3357.4720786750304
alpha,2.402002002002002,denseweight,2.3110392148965535,2.9420438702037424,2564.246588814739,3.004736813337376,3446.3558269468936
alpha,2.404904904904905,relevance,2.29978710897418,2.906701570336993,2503.4486880110708,2.9821000721879845,3386.1721144572793
alpha,2.404904904904905,denseweight,2.3160252576514098,2.95823820482475,2592.3743707167523,3.018204368717431,3473.3234082482404
alpha,2.407807807807808,relevance,2.253620922652776,2.8623551519649246,2427.306512552306,2.946978891100236,3317.6493361291077
alpha,2.407807807807808,denseweight,2.3056204898505483,2.9362704925226613,2553.944499207606,2.9981094418998486,3426.2547055845193
alpha,2.4107107107107106,relevance,2.253838890475013,2.883051487364068,2462.851814211013,2.947483298485534,3298.754245324758
alpha,2.4107107107107106,denseweight,2.3180786226949253,2.9491627116177797,2576.378214540055,3.004420163318078,3472.0378303429397
alpha,2.4136136136136135,relevance,2.270494428018336,2.873723767357729,2446.9542269203653,2.9487546259382826,3309.2635223867273
alpha,2.4136136136136135,denseweight,2.3161965798415363,2.950004477367871,2578.052776492489,3.0085108337763615,3463.8756563398806
alpha,2.4165165165165163,relevance,2.2738148667458273,2.900805119429053,2493.151643895042,2.9774184869992832,3338.1576034885493
alpha,2.4165165165165163,denseweight,2.302043202454572,2.9361468491676335,2554.021959239966,2.987074142795267,3423.3311915963914
alpha,2.4194194194194196,relevance,2.2850069134331332,2.900310235273831,2492.3600109421295,2.9787303405417935,3375.338238082585
alpha,2.4194194194194196,denseweight,2.3192386126741593,2.963817564644594,2602.4248651895255,3.0223691110366757,3483.17583131781
alpha,2.4223223223223225,relevance,2.251073067501956,2.8733156136887787,2446.0582671291168,2.959594988616666,3312.4994662976833
alpha,2.4223223223223225,denseweight,2.3224709445833334,2.9419336322301843,2563.8953843112818,2.9870423553596734,3471.0328481513807
alpha,2.4252252252252253,relevance,2.2836692486235814,2.9230819216721984,2531.323028606445,2.9847981736350855,3386.758226352493
alpha,2.4252252252252253,denseweight,2.303374083432961,2.93650591830943,2554.514404026765,2.997398975706475,3441.081151982817
alpha,2.428128128128128,relevance,2.294539997471616,2.9345804078758864,2551.0034589229667,3.00935968207562,3401.0996063852776
alpha,2.428128128128128,denseweight,2.3149142993793665,2.9446501343987457,2568.886160102188,3.0018374967346935,3450.8699242849743
alpha,2.431031031031031,relevance,2.255446000844028,2.884133373570132,2464.1589316015293,2.9642033123015055,3314.955857480033
alpha,2.431031031031031,denseweight,2.321694637872103,2.949659068732405,2577.5394135213196,3.0085923724989043,3481.369882111367
alpha,2.433933933933934,relevance,2.246215323267504,2.843789640905602,2395.789996138622,2.922117689617133,3232.6921337381423
alpha,2.433933933933934,denseweight,2.3284853527541114,2.9609821620140955,2597.1635357511627,3.0101101035748905,3477.53029254343
alpha,2.4368368368368367,relevance,2.2782624844799355,2.8996978933030477,2491.0471905648487,2.98885419156493,3376.5759097345685
alpha,2.4368368368368367,denseweight,2.3207765930868236,2.943394914300683,2566.5089921387125,2.994617150637706,3453.946051427913
alpha,2.4397397397397396,relevance,2.278473669115142,2.8788059707380707,2455.36474638228,2.9610049368588145,3342.2796836061784
alpha,2.4397397397397396,denseweight,2.313510849274767,2.942548077168813,2564.9924416083595,3.0045988772568726,3459.9516277506414
alpha,2.442642642642643,relevance,2.2654440483081313,2.8704542331445877,2440.835675428168,2.948585733934404,3280.1298868357385
alpha,2.442642642642643,denseweight,2.3261089420373513,2.958894869956868,2593.577153551431,3.0059000164995404,3491.7913531292934
alpha,2.4455455455455457,relevance,2.275943260779033,2.88758034984912,2470.1375246035154,2.969680063988014,3341.7339958244975
alpha,2.4455455455455457,denseweight,2.310577214971024,2.9530236170884177,2583.266770996019,3.0138303695102815,3458.5400877376014
alpha,2.4484484484484486,relevance,2.258747540706902,2.8524960228904033,2410.6539321279306,2.93434358304972,3263.700191946177
alpha,2.4484484484484486,denseweight,2.3263875272094,2.9688226364405828,2610.8083691770407,3.021721374297519,3492.0498896533973
alpha,2.4513513513513514,relevance,2.2665250845547953,2.9031916165203833,2497.5803395987614,2.9770852231203264,3357.3964580289935
alpha,2.4513513513513514,denseweight,2.3300190150285984,2.965171615951364,2604.5113329827004,3.0280318182034827,3511.3453733791266
alpha,2.4542542542542543,relevance,2.2467565053089307,2.843567142461712,2395.5591386634824,2.924310077708382,3241.7178302806233
alpha,2.4542542542542543,denseweight,2.3279178029652354,2.970763646255684,2614.4083522885426,3.0199007208623176,3494.6179176071714
alpha,2.457157157157157,relevance,2.2485974061311813,2.8554345210145895,2415.8852742404665,2.9421734072124295,3287.0836946584113
alpha,2.457157157157157,denseweight,2.3138151684241524,2.955296800132453,2587.0764122895753,3.004179922225188,3465.0699345908793
alpha,2.46006006006006,relevance,2.253142160107087,2.871144683090819,2442.4299266786493,2.944483860049638,3261.3161268207223
alpha,2.46006006006006,denseweight,2.3127504247106416,2.9579867798286124,2592.1677817464433,3.0171403959097236,3475.514088932259
alpha,2.462962962962963,relevance,2.27424398399651,2.906183763006452,2502.4008647542555,2.9842349769547143,3352.337276163251
alpha,2.462962962962963,denseweight,2.3321337320127347,2.9806662060614038,2631.85400259173,3.040344523141651,3522.738639552711
alpha,2.4658658658658656,relevance,2.2863261279236586,2.9232065797469517,2531.5986433243324,2.9942285575592194,3384.8780769896157
alpha,2.4658658658658656,denseweight,2.309490394447571,2.950726939339655,2579.2430960995666,3.0069740440719936,3461.0787402808496
alpha,2.468768768768769,relevance,2.2664599879293448,2.901435659634722,2494.051111473166,2.980289170006662,3350.5915246724962
alpha,2.468768768768769,denseweight,2.3127962255500742,2.9367113181410716,2554.9439467235284,2.997228988339678,3440.1349891243644
alpha,2.471671671671672,relevance,2.28231695806081,2.8965398684677144,2485.6890644546443,2.9847551434780533,3357.864794294067
alpha,2.471671671671672,denseweight,2.331496974982366,2.974281631042151,2620.596476887292,3.0370860878266304,3518.3680716238728
alpha,2.4745745745745746,relevance,2.265733803661948,2.904546918407659,2499.486541350154,2.98413539350999,3348.1543945472076
alpha,2.4745745745745746,denseweight,2.3152151471983133,2.951777646992288,2581.2757191949804,3.0126410341428524,3472.2743833929367
alpha,2.4774774774774775,relevance,2.2871344616128897,2.912195757153485,2512.735547267634,2.978370512861845,3379.5024061173
alpha,2.4774774774774775,denseweight,2.3320650937267624,2.9580741903165335,2592.098726857957,3.000366776729494,3481.282945141835
alpha,2.4803803803803803,relevance,2.2450573600377512,2.863139186257392,2428.703875621511,2.9480382548141137,3271.9602172966092
alpha,2.4803803803803803,denseweight,2.347710201911417,2.9741757607448025,2620.172941168893,3.028254472905701,3529.3608646670814
alpha,2.483283283283283,relevance,2.275481117858962,2.8991769396623437,2490.453389899686,2.9671092071166383,3334.995409008506
alpha,2.483283283283283,denseweight,2.3266497348400184,2.961154344700511,2597.422030427156,3.0200840853150375,3480.2533463872073
alpha,2.486186186186186,relevance,2.2858357274015697,2.9218690649609167,2529.774037378002,2.994521842639088,3394.14847416797
alpha,2.486186186186186,denseweight,2.3130110468072598,2.9624093764148647,2599.990700082692,3.014277164892301,3471.9595743475456
alpha,2.489089089089089,relevance,2.249724520466685,2.8701448164798298,2440.889041736693,2.9507253043706005,3286.633169401842
alpha,2.489089089089089,denseweight,2.31709152377665,2.9499346373985977,2578.0721307014855,3.0020382792459785,3456.905870230863
alpha,2.491991991991992,relevance,2.2577246158692,2.872425074565831,2444.8194810623395,2.9511053757560948,3303.930810229167
alpha,2.491991991991992,denseweight,2.300647871089331,2.9394862828413357,2559.5273205687713,2.9930981746040026,3429.1246245159164
alpha,2.494894894894895,relevance,2.268626835941857,2.934494207740001,2551.768723508763,2.999570599371732,3385.612996880827
alpha,2.494894894894895,denseweight,2.3285485625075646,2.9686756190636396,2610.6434557523667,3.024205183080989,3496.012489542333
alpha,2.497797797797798,relevance,2.2903101972446667,2.911572064406344,2511.696876211577,2.98916483569598,3389.720282914534
alpha,2.497797797797798,denseweight,2.3124869690358887,2.951504730815961,2580.826978547358,3.002883308160156,3458.140131340598
alpha,2.5007007007007007,relevance,2.261512717001343,2.8975502560034925,2487.5272210259873,2.965865279140692,3314.841264466045
alpha,2.5007007007007007,denseweight,2.334353840490366,2.9773684641075526,2625.970816169027,3.0323058836573553,3515.433425746321
alpha,2.5036036036036036,relevance,2.298751197685922,2.929308673289546,2542.6479682898253,2.9920861341019354,3390.4632450423283
alpha,2.5036036036036036,denseweight,2.3258329992247693,2.956952148772139,2590.2654739342593,3.0107521879308528,3478.361391485868
alpha,2.5065065065065064,relevance,2.3014042424559276,2.924564942373808,2534.124163863693,3.003564875885756,3414.47900225376
alpha,2.5065065065065064,denseweight,2.3229560298496468,2.958693931560682,2593.1510488545146,3.020524716466648,3494.62275781807
alpha,2.5094094094094093,relevance,2.29930496426855,2.9127903587067716,2513.4595530353167,2.9884233308555443,3384.392797546282
alpha,2.5094094094094093,denseweight,2.3112045655756335,2.947048703145069,2572.835787210907,2.999815681809485,3450.5143021905774
alpha,2.512312312312312,relevance,2.2296111319394205,2.8441242725852764,2396.6792403131835,2.913230405374067,3219.528325024628
alpha,2.512312312312312,denseweight,2.316430552567563,2.9476942159509623,2574.02434706883,3.005921665840397,3470.800183160676
alpha,2.5152152152152154,relevance,2.2868293752324433,2.8937484119307397,2480.875002908585,2.9722399400404718,3364.130435001399
alpha,2.5152152152152154,denseweight,2.3121158830799127,2.939416901961036,2559.705217368308,3.000210376908115,3451.5238963205247
alpha,2.5181181181181183,relevance,2.275192715405455,2.9052199591752794,2500.8062099812014,2.981508414035005,3351.0425530697266
alpha,2.5181181181181183,denseweight,2.3282765002675454,2.9773729042494304,2626.0086553743126,3.040695627845632,3523.736746301019
alpha,2.521021021021021,relevance,2.2614266672574175,2.868799831683954,2438.5288756896757,2.9413018331144043,3294.51150750972
alpha,2.521021021021021,denseweight,2.319540332052662,2.9613002554839762,2597.772873797894,3.016282842217988,3475.421229775511
alpha,2.523923923923924,relevance,2.2640460551808173,2.876278169068083,2451.543731220202,2.966651258815934,3312.6679252052277
alpha,2.523923923923924,denseweight,2.317224635454254,2.9538703742234924,2584.827881217038,3.0146584202095092,3473.260110856857
alpha,2.526826826826827,relevance,2.2896720613624484,2.8946579983572147,2482.54562436334,2.971828701818945,3363.0293497909033
alpha,2.526826826826827,denseweight,2.3316847124416147,2.9847329127477713,2639.1287758568956,3.039415753267024,3523.695680080181
alpha,2.5297297297297296,relevance,2.2940359972006177,2.957542257198751,2591.393920230995,3.012813187839743,3424.4928047220083
alpha,2.5297297297297296,denseweight,2.323979113351479,2.9799532097899655,2630.6484542001467,3.0394538297315497,3519.8514844894385
alpha,2.5326326326326325,relevance,2.278505488656334,2.896164582181824,2485.1556885848877,2.972975870417518,3318.081060569641
alpha,2.5326326326326325,denseweight,2.3137401933260366,2.9545571535944015,2586.0999988283243,3.0107756183459142,3466.9907678246036
alpha,2.5355355355355353,relevance,2.31068753286562,2.9587215781435057,2593.5379406918664,3.016446497226474,3469.068031951613
alpha,2.5355355355355353,denseweight,2.31314885830298,2.94974284623284,2577.5403674335994,3.010822351263596,3456.5149627146307
alpha,2.5384384384384386,relevance,2.247852973273408,2.8381374087697386,2386.6273617307256,2.9190193424948174,3235.881846471399
alpha,2.5384384384384386,denseweight,2.3191036245500274,2.952602181651659,2582.4102381738517,3.009323752283954,3470.94586275931
alpha,2.5413413413413415,relevance,2.293441437434396,2.905096537577094,2500.3422969929325,2.986601297675745,3407.583374309957
alpha,2.5413413413413415,denseweight,2.309599371430335,2.950781773327836,2579.372410204081,3.009804757054533,3466.403772609875
alpha,2.5442442442442443,relevance,2.28240358937285,2.9040463397870853,2498.8538570879887,2.983785603419464,3373.327876826512
alpha,2.5442442442442443,denseweight,2.326014389677326,2.950259197267485,2578.4300663598783,3.0067911727472296,3476.7431228512305
alpha,2.547147147147147,relevance,2.275480310454236,2.9036226440256523,2498.1674047612714,2.992117376906897,3371.290451051827
alpha,2.547147147147147,denseweight,2.331769028969961,2.985098866385914,2639.6993096160086,3.0436756173550044,3533.589426705439
alpha,2.55005005005005,relevance,2.255498113888224,2.8668420012326044,2435.236433274928,2.9496138795989593,3282.975498094392
alpha,2.55005005005005,denseweight,2.3276785347208184,2.971126664407291,2615.1377085946806,3.031204460125037,3522.277433743135
alpha,2.552952952952953,relevance,2.2602667047543417,2.8679880749512363,2437.110368922558,2.9576788242051433,3303.7992955017403
alpha,2.552952952952953,denseweight,2.3237945312751185,2.968591616660062,2610.7351399432177,3.0271858715925593,3498.2463910362912
alpha,2.5558558558558557,relevance,2.28982822797514,2.881526907929495,2459.8196101387152,2.960201595831079,3338.204298570635
alpha,2.5558558558558557,denseweight,2.308422480867564,2.9298515616371223,2542.7971005925074,2.991773846817329,3411.199305742803
alpha,2.5587587587587586,relevance,2.2728437948933644,2.9012534998679023,2493.8369852060623,2.981787348576793,3328.7024150480192
alpha,2.5587587587587586,denseweight,2.316514113271631,2.9383558955651314,2557.6705593085912,2.992547546254264,3440.129904534128
alpha,2.561661661661662,relevance,2.268361862092569,2.8712593467548846,2442.3993107361134,2.951201523054791,3296.1689035020436
alpha,2.561661661661662,denseweight,2.3026827161941528,2.9249707597806975,2534.4008183342403,2.994475573936121,3414.204991289519
alpha,2.5645645645645647,relevance,2.2823211377738715,2.8817362454102446,2460.5840489915354,2.9606812627571224,3339.9728684971647
alpha,2.5645645645645647,denseweight,2.327704409090215,2.958345479959548,2592.542418527039,3.0148481708490142,3474.615812614309
alpha,2.5674674674674676,relevance,2.2633907931228143,2.9039560862641003,2498.5697171067077,2.980605872140143,3339.817609855943
alpha,2.5674674674674676,denseweight,2.3240190399777134,2.9682334541450786,2609.7701561071653,3.0198093198034903,3483.7034094045416
alpha,2.5703703703703704,relevance,2.2455194319091785,2.8717594719239026,2443.528609393834,2.9517606289030036,3288.50139739989
alpha,2.5703703703703704,denseweight,2.3164526672763133,2.945166228733414,2569.746284716778,3.0012455650789005,3462.4015136247026
alpha,2.5732732732732733,relevance,2.242183791198016,2.8821620434220727,2461.128956653236,2.960054581768808,3279.6017893595335
alpha,2.5732732732732733,denseweight,2.3282708440360325,2.949597830977293,2577.084031100872,2.9993499091931093,3471.628820878116
alpha,2.576176176176176,relevance,2.2693546521793806,2.8715710464762254,2443.3148794183708,2.9517073960511775,3304.305180194071
alpha,2.576176176176176,denseweight,2.3304615225155936,2.9586941127011825,2593.383834748258,3.0120802992260463,3503.248409626499
alpha,2.579079079079079,relevance,2.242962243224243,2.875897592131083,2450.573765143461,2.9452556338917053,3266.142288341462
alpha,2.579079079079079,denseweight,2.322261456518411,2.958024775230452,2591.884915711007,3.0192379723101603,3481.0102163101715
alpha,2.581981981981982,relevance,2.2674800610650423,2.902196822650505,2495.4054181295537,2.975497169233228,3344.3654620372217
alpha,2.581981981981982,denseweight,2.3154130654719425,2.944848998106279,2568.9712404360953,3.006355272957763,3451.7689391939557
alpha,2.5848848848848847,relevance,2.2819854795932812,2.905043487277361,2500.182859608404,2.9757954898691303,3356.2511807243136
alpha,2.5848848848848847,denseweight,2.312296597972261,2.9515832668755584,2580.761578057353,3.0102834378372374,3452.28691945073
alpha,2.587787787787788,relevance,2.259492532919389,2.896200137285208,2485.020241491343,2.9764143533819776,3326.380824886149
alpha,2.587787787787788,denseweight,2.3195019528529337,2.936003147759534,2553.683977167066,3.0002128723226162,3447.065464410949
alpha,2.590690690690691,relevance,2.280979331726825,2.928890402914562,2541.602181983903,3.0158517075590976,3387.4858703973687
alpha,2.590690690690691,denseweight,2.328248321298089,2.956928140988879,2589.9947870889355,3.0136845808681,3481.8145058437467
alpha,2.5935935935935936,relevance,2.2690969818920053,2.936637971192092,2555.0850868577118,3.0140493073975545,3401.0050714123795
alpha,2.5935935935935936,denseweight,2.32805443296349,2.965936023060745,2605.6832379360694,3.0225271548017765,3483.493279656265
alpha,2.5964964964964965,relevance,2.2402538402203276,2.8672124491164026,2435.9321796435224,2.933409721344126,3253.2442621606806
alpha,2.5964964964964965,denseweight,2.3241576948898435,2.963624918426447,2601.6798614206127,3.0198468423810785,3462.9310935445756
alpha,2.5993993993993993,relevance,2.272948793136714,2.89068068806211,2475.8493859673654,2.9621999490397597,3311.62755043615
alpha,2.5993993993993993,denseweight,2.3290726913923123,2.950284645764553,2578.370475191594,3.003485890847444,3471.9305225591784
alpha,2.602302302302302,relevance,2.2610247223139974,2.9075742532301865,2504.719968563203,2.9886672176287994,3353.6518012557763
alpha,2.602302302302302,denseweight,2.309367177593829,2.9363842347481013,2554.238640858403,2.993159553569709,3417.160770978602
alpha,2.605205205205205,relevance,2.23426230307727,2.839045981568806,2387.990718467164,2.924734355511481,3233.379028921979
alpha,2.605205205205205,denseweight,2.2973154554042923,2.9260720908434004,2536.3879394057885,2.988127188086567,3396.840079506386
alpha,2.608108108108108,relevance,2.2741536531640625,2.913608372142905,2514.968150780886,2.9999727987428564,3364.438294187065
alpha,2.608108108108108,denseweight,2.303046654725939,2.9376179956139232,2556.4500264537223,2.998666774649196,3421.4841771668584
alpha,2.611011011011011,relevance,2.285296918942517,2.9235219132627357,2532.5600783398813,2.9990997546868874,3392.9306455962765
alpha,2.611011011011011,denseweight,2.3043673303845913,2.942144114773407,2564.3621631958085,2.9995027399638374,3427.081543738715
alpha,2.613913913913914,relevance,2.274075480069362,2.907891831102993,2504.9794202046073,2.9889486381226305,3365.897532655626
alpha,2.613913913913914,denseweight,2.3094225145795346,2.942230612144998,2564.4427652382997,3.006508788751572,3449.7505445557817
alpha,2.616816816816817,relevance,2.2576811849299334,2.8884139058254106,2471.7988712192464,2.9679297124558666,3319.2435319189162
alpha,2.616816816816817,denseweight,2.3245065696929355,2.9673400763588154,2608.1540399842233,3.0219046260213953,3507.328248587781
alpha,2.6197197197197197,relevance,2.2925267563710996,2.911208462290227,2511.0723124194838,2.9927402235118095,3394.633355415616
alpha,2.6197197197197197,denseweight,2.3285495612540092,2.9701389039672184,2613.253539424827,3.0309065040088625,3505.225373883806
alpha,2.6226226226226226,relevance,2.3032102476753886,2.9510483723819383,2579.9474093785266,3.044539167223216,3475.349985138156
alpha,2.6226226226226226,denseweight,2.3048603971299615,2.9345236820034537,2551.008987419021,3.008781821127194,3419.2530174287053
alpha,2.6255255255255254,relevance,2.2639685688020386,2.880466188711599,2458.107705131853,2.9677469630683957,3336.97167136529
alpha,2.6255255255255254,denseweight,2.3177793783591443,2.9595213552645925,2594.7049684232065,3.0129698643858904,3470.2773879602573
alpha,2.6284284284284283,relevance,2.2802482955274574,2.9237963336989585,2532.859433459325,3.0082969526654066,3399.4644179790703
alpha,2.6284284284284283,denseweight,2.302716672702953,2.927407240607134,2538.690004980246,2.9887038565672066,3425.3700807657538
alpha,2.631331331331331,relevance,2.2710328370787973,2.897242268158686,2487.2928235198497,2.9892525812571833,3389.969831241918
alpha,2.631331331331331,denseweight,2.3210695102900782,2.9337459221391167,2549.7595015232646,2.988235524875821,3450.3092948361086
alpha,2.6342342342342344,relevance,2.2687753136419997,2.9144777774277593,2516.9235694396352,2.9861324850919324,3362.673590971961
alpha,2.6342342342342344,denseweight,2.3154520178717406,2.9438828968467217,2567.5084482947773,3.003630639918219,3438.5604052058084
alpha,2.6371371371371373,relevance,2.2703283700259194,2.893514446121074,2480.6103639341595,2.979259945853067,3345.470849295057
alpha,2.6371371371371373,denseweight,2.3094197152838287,2.9347727299711375,2551.727303125191,3.001622327952744,3431.043469320231
alpha,2.64004004004004,relevance,2.2557490151327766,2.8834201169409326,2463.263392481956,2.961729105761269,3311.6483940729236
alpha,2.64004004004004,denseweight,2.326141063074121,2.9673000673948726,2608.3521499090352,3.0255785471621373,3511.005081712703
alpha,2.642942942942943,relevance,2.277827852807751,2.9102978430485567,2509.5205566244276,2.9922080365031505,3404.125686761547
alpha,2.642942942942943,denseweight,2.2991754546732173,2.930085847553412,2543.483912912657,2.9954481950839194,3421.76498058976
alpha,2.645845845845846,relevance,2.2611511448125508,2.8280793761823886,2369.887225600902,2.9349990327296847,3294.4812955642597
alpha,2.645845845845846,denseweight,2.318098385594306,2.944555881744696,2568.3724075698306,2.997099352704555,3449.2330885628076
alpha,2.6487487487487487,relevance,2.230910178811168,2.8588224824694546,2421.494707894811,2.938193756929037,3245.7030552344204
alpha,2.6487487487487487,denseweight,2.316564984841908,2.95994809641676,2595.417127873672,3.0179076218446155,3477.14621885926
alpha,2.6516516516516515,relevance,2.2720508055118143,2.910265252876484,2509.516168724562,2.997557198212921,3359.2748150215652
alpha,2.6516516516516515,denseweight,2.325788559924487,2.9722514979713446,2617.05679643535,3.026963733718902,3503.61567688267
alpha,2.6545545545545544,relevance,2.291943633472171,2.9306027169228948,2544.5955838164004,3.012770964691757,3409.4397534915956
alpha,2.6545545545545544,denseweight,2.3021512199304173,2.933079874060393,2548.3787881980147,2.996359589220377,3411.475921014535
alpha,2.6574574574574577,relevance,2.298018443818979,2.9285977004986754,2541.603622705028,3.0235318324709857,3440.1189758563123
alpha,2.6574574574574577,denseweight,2.329959322462264,2.9505461478535944,2578.6448992062037,3.0080659796952394,3469.796946679081
alpha,2.6603603603603605,relevance,2.283103522162748,2.917604319645686,2522.143935745758,2.992353789809823,3351.3411556107417
alpha,2.6603603603603605,denseweight,2.310858064640105,2.957625071553014,2591.5471852381233,3.0145228552432806,3460.2236419429482
alpha,2.6632632632632633,relevance,2.2575122252585476,2.874873350118542,2448.898253299702,2.9636727911624,3303.639989219466
alpha,2.6632632632632633,denseweight,2.3453010796706653,2.980538294618269,2631.477758254487,3.0434796096590118,3548.8119644326866
alpha,2.666166166166166,relevance,2.2532497433315917,2.8987744515295213,2489.5514525062695,2.967762546675049,3298.20691639782
alpha,2.666166166166166,denseweight,2.3068747846935596,2.93838898267575,2557.6275494705224,3.0079064555252226,3428.914571713559
alpha,2.669069069069069,relevance,2.263325241538394,2.8789584856134884,2455.9659090370133,2.9584270344055974,3284.6615154488763
alpha,2.669069069069069,denseweight,2.3299780512561514,2.9622493267762335,2599.5283546021146,3.0231225012434475,3506.6969261223417
alpha,2.671971971971972,relevance,2.2481462799840006,2.868548384526098,2438.1732129915163,2.9428514572667255,3248.9107668524102
alpha,2.671971971971972,denseweight,2.301064621000453,2.931819985155398,2546.494769899875,2.9893575139170316,3407.937472320029
alpha,2.6748748748748747,relevance,2.2760058297757753,2.8804272798377424,2458.3350670889467,2.9769327281584324,3364.876576915078
alpha,2.6748748748748747,denseweight,2.314134539693286,2.9526516945586114,2582.7012173858366,3.009023145952238,3454.442388743349
alpha,2.6777777777777776,relevance,2.2834777036503495,2.914137525951841,2515.951343120421,3.0009480700307956,3396.617004795009
alpha,2.6777777777777776,denseweight,2.305778827216664,2.9395534961575143,2559.913335873266,3.000384827473783,3439.5039266370054
alpha,2.680680680680681,relevance,2.2641926604039586,2.8839541719908217,2464.426962300761,2.9552096827344725,3302.952357566426
alpha,2.680680680680681,denseweight,2.2948455375176713,2.9216868401624714,2528.8158862797163,2.9842366865102963,3384.3989650142844
alpha,2.6835835835835837,relevance,2.273884587832203,2.911961743234615,2512.449180437136,2.9886261153810216,3388.3884454587114
alpha,2.6835835835835837,denseweight,2.3271682418412416,2.9766629584520676,2624.7514341205047,3.02868991198088,3507.7829220355916
alpha,2.6864864864864866,relevance,2.262467901110988,2.879843029882407,2457.0257295087185,2.9607204888384997,3302.841069145722
alpha,2.6864864864864866,denseweight,2.3031594336513552,2.9341516154985845,2550.574913663148,2.9960853489121626,3424.067480680245
alpha,2.6893893893893894,relevance,2.260930862329685,2.908703959533479,2506.5583944762675,2.9815216366324493,3344.351525745147
alpha,2.6893893893893894,denseweight,2.3128284849348004,2.9466229454701516,2572.020233460227,3.004484400791006,3459.802925918774
alpha,2.6922922922922923,relevance,2.2637463635425488,2.9101759803765757,2509.496224498088,2.9944783542533164,3370.3727904103343
alpha,2.6922922922922923,denseweight,2.3379377160905466,2.9805216741958667,2631.6326620861505,3.0388101600489428,3530.4700073444214
alpha,2.695195195195195,relevance,2.2605637327542607,2.879967654765144,2457.3894917666494,2.945516637017757,3281.182234718605
alpha,2.695195195195195,denseweight,2.3196425497194157,2.9620826462403396,2599.209051805117,3.008968469867745,3466.6171302872226
alpha,2.698098098098098,relevance,2.2835825983289055,2.9218476701603953,2529.3833210834587,3.0005822005749057,3399.9700617108742
alpha,2.698098098098098,denseweight,2.3094456426796692,2.9279086502927147,2539.6442783538223,2.989249844642636,3430.6022824075617
alpha,2.701001001001001,relevance,2.2801671087071127,2.8941553151672736,2481.7024618004734,2.972078353051403,3347.418884524777
alpha,2.701001001001001,denseweight,2.3069612781821838,2.934841665300365,2551.616712850418,3.0019439168885604,3433.799255855798
alpha,2.7039039039039037,relevance,2.2707369674403495,2.8644593077950176,2430.352021973491,2.928371236326148,3275.9986597500665
alpha,2.7039039039039037,denseweight,2.3352427145280457,2.948888475137157,2576.172255544763,2.997691224838113,3481.8373453787117
alpha,2.706806806806807,relevance,2.26707113852146,2.92654545271851,2537.509484213113,3.003780163738137,3352.7766480654473
alpha,2.706806806806807,denseweight,2.334451397101902,2.9826545875077617,2635.476334347115,3.0372518320219717,3533.8126108023403
alpha,2.70970970970971,relevance,2.2560762129520824,2.8975729149148886,2487.4116602605436,2.9734377848983904,3328.3305053550544
alpha,2.70970970970971,denseweight,2.3271016698660274,2.9545953493362047,2586.106632561858,3.0162337519309452,3477.4771524225926
alpha,2.7126126126126127,relevance,2.2720331147847097,2.9082003265644243,2505.8432997059826,2.9830581689332276,3379.221701013063
alpha,2.7126126126126127,denseweight,2.3072076632005833,2.9563069038138843,2589.0182706956566,3.016611149795692,3470.4025242311977
alpha,2.7155155155155155,relevance,2.2543064072734462,2.8702273336876822,2440.460004843734,2.945035689895347,3259.8470290151777
alpha,2.7155155155155155,denseweight,2.2974692668240944,2.911421074739881,2511.0349907061172,2.9850646344937166,3400.212981478939
alpha,2.7184184184184184,relevance,2.281948363266131,2.895509899520099,2483.8414754465916,2.9645384762919815,3337.6893886155135
alpha,2.7184184184184184,denseweight,2.3156685452440744,2.9395366884531184,2560.0741859199475,3.002028588621857,3454.01228767212
alpha,2.721321321321321,relevance,2.295260504044346,2.9038157262654183,2498.357955204038,2.9823156662035095,3369.784521345484
alpha,2.721321321321321,denseweight,2.319119844824438,2.94219855277502,2564.1585952543082,3.003887186435174,3460.958292593484
alpha,2.724224224224224,relevance,2.25876151068623,2.8964930508707782,2485.7555788003237,2.9756146230918943,3326.8712935410567
alpha,2.724224224224224,denseweight,2.303191749900595,2.9288686754079585,2541.1659924193523,2.995878538358362,3423.0107711056753
alpha,2.727127127127127,relevance,2.273962313470734,2.8964425360511505,2485.5848328285256,2.96869039981956,3340.7462486350964
alpha,2.727127127127127,denseweight,2.306085764644058,2.9328638918682377,2548.2379999628574,2.9970797034196566,3427.2897145065695
alpha,2.73003003003003,relevance,2.2626214864357403,2.8785192829627935,2454.4964493354396,2.959513184552633,3305.5843464969435
alpha,2.73003003003003,denseweight,2.3015152020022396,2.951151485108318,2580.0304094370617,3.011306062421747,3439.8103140846015
alpha,2.732932932932933,relevance,2.261398428768334,2.873789823931637,2447.425198184201,2.9464146160611544,3281.0097004145587
alpha,2.732932932932933,denseweight,2.328380489222028,2.9787272819238133,2628.348397755119,3.037206025478371,3522.706156076712
alpha,2.735835835835836,relevance,2.279262719017629,2.8948964588947823,2483.164174726177,2.967189282890803,3346.883906927537
alpha,2.735835835835836,denseweight,2.3137584181780166,2.9471162329268568,2572.78108255813,3.0090865567273495,3452.063283135731
alpha,2.7387387387387387,relevance,2.292269062416998,2.8942189861891667,2481.94032405164,2.97486843832854,3359.618829105951
alpha,2.7387387387387387,denseweight,2.307680409976638,2.9444973429676145,2568.3182832529224,3.002283575167155,3436.566119420588
alpha,2.7416416416416416,relevance,2.2503169750815473,2.861170052702664,2425.6189905258334,2.9314887920615744,3264.02170366579
alpha,2.7416416416416416,denseweight,2.312237768021399,2.9497957762318974,2577.5185704639025,3.0101741416655043,3471.4276143868656
alpha,2.7445445445445444,relevance,2.297297096320363,2.928607431510508,2541.378943994745,2.993345565145103,3413.7761722970818
alpha,2.7445445445445444,denseweight,2.313397952830998,2.967480899386716,2608.7383903430928,3.023618758336171,3477.728415436917
alpha,2.7474474474474473,relevance,2.26542254300661,2.8806629633244722,2459.077334603584,2.961936605357906,3303.6714140606314
alpha,2.7474474474474473,denseweight,2.3170515453214677,2.946732214302247,2572.309296915077,3.008445538941607,3463.649438681247
alpha,2.75035035035035,relevance,2.256395008150469,2.8997569921040487,2491.468929224549,2.96406497374439,3314.188154814534
alpha,2.75035035035035,denseweight,2.329822816274251,2.96144265099183,2598.0425232953944,3.0174173021411486,3488.737936493709
alpha,2.7532532532532534,relevance,2.2563659284854074,2.86833509603306,2437.72923531502,2.946925669980477,3272.063781519081
alpha,2.7532532532532534,denseweight,2.3129287580106404,2.9422425117635176,2564.546876609938,3.0069429639922878,3450.75454453707
alpha,2.7561561561561563,relevance,2.251251723772296,2.8610333436414064,2425.123459094478,2.9284625401416537,3257.7974778339544
alpha,2.7561561561561563,denseweight,2.326775879188755,2.9664574613382784,2606.8449308518952,3.0244430186604996,3505.1767070942838
alpha,2.759059059059059,relevance,2.280241176357943,2.890889940303366,2475.888255429923,2.973422052177527,3329.7900839071
alpha,2.759059059059059,denseweight,2.318764695001739,2.956451773204346,2589.389150339646,3.016466496447124,3471.0402301678973
alpha,2.761961961961962,relevance,2.269137995120709,2.8805301984075373,2458.28896428585,2.959373723329281,3302.2116027450397
alpha,2.761961961961962,denseweight,2.3347436043285086,2.9729000020898146,2618.253733451784,3.0356754619602793,3505.881565690171
alpha,2.764864864864865,relevance,2.259417983156879,2.857169474597775,2418.6709247360614,2.939045046268815,3267.7473088529396
alpha,2.764864864864865,denseweight,2.323706742191916,2.9652228375305656,2604.6931092729383,3.022060674516244,3497.3246549285377
alpha,2.7677677677677677,relevance,2.2991138715131654,2.9320611438805155,2546.969553107422,3.019711033920735,3439.7570653877183
alpha,2.7677677677677677,denseweight,2.3132623465080546,2.9644237382454595,2603.2451041078452,3.0181278713742423,3479.798512741472
alpha,2.7706706706706705,relevance,2.2618923562711504,2.8531041635665213,2411.505309007752,2.9261192329779893,3247.799905726582
alpha,2.7706706706706705,denseweight,2.3192974817153957,2.9320243589590387,2546.6756684719826,2.999686163705987,3436.795066485757
alpha,2.7735735735735734,relevance,2.2731343077323967,2.8955123063670536,2484.4037883854153,2.9731245244492337,3344.487680875996
alpha,2.7735735735735734,denseweight,2.3094774340003985,2.9621537626828136,2599.3893252649677,3.0167550716165237,3467.185075476974
alpha,2.7764764764764767,relevance,2.219168785149334,2.854745172878266,2414.8667884053602,2.9274755186722654,3228.2524164476818
alpha,2.7764764764764767,denseweight,2.307511565607493,2.9383203757562844,2557.52515687493,2.9948293402129864,3436.9237084409933
alpha,2.7793793793793795,relevance,2.265793087699104,2.9213085585028957,2528.5057404014447,2.981946475344811,3344.9559090498024
alpha,2.7793793793793795,denseweight,2.320314123088812,2.9580583052777407,2592.302089138618,3.0163277924830587,3495.8725465901794
alpha,2.7822822822822824,relevance,2.267356553165873,2.915940343296821,2519.3355709221332,2.9807831663147666,3342.49182167939
alpha,2.7822822822822824,denseweight,2.315737826042064,2.942694720086096,2565.2340494155073,3.000137241408683,3447.489790876426
alpha,2.785185185185185,relevance,2.238167540330939,2.8816071952846136,2460.28665338265,2.9568303130162943,3285.3291451789155
alpha,2.785185185185185,denseweight,2.330168401572495,2.9708441854443595,2614.4987808406086,3.032652262006573,3513.8989689051773
alpha,2.788088088088088,relevance,2.2475244367928573,2.8825962150307207,2461.935897146176,2.959788986868563,3291.892601670797
alpha,2.788088088088088,denseweight,2.309485603872353,2.9458668647674777,2570.896606003509,3.0112454245219618,3467.462401961546
alpha,2.790990990990991,relevance,2.2719189475446226,2.878113301256675,2454.5509665068066,2.9488915803662636,3310.3473073600944
alpha,2.790990990990991,denseweight,2.3083709622050765,2.942391122639581,2564.614724200553,3.007335636323468,3432.8925074234226
alpha,2.7938938938938938,relevance,2.255623147012428,2.9283948210374797,2540.743837712699,2.9894868200909044,3353.949097478468
alpha,2.7938938938938938,denseweight,2.3067941514983175,2.9239733735798037,2532.7729673659364,2.9925272308188307,3428.672011372229
alpha,2.7967967967967966,relevance,2.2777575806513233,2.908473196480583,2506.8063092523257,2.9629343763470537,3340.2362544271145
alpha,2.7967967967967966,denseweight,2.3080296033811867,2.9479216163363926,2574.2390799219374,3.002534503386815,3437.778073823564
alpha,2.7996996996997,relevance,2.2855939581389126,2.9052830681721997,2500.720113519696,2.974629913808478,3363.6473540025177
alpha,2.7996996996997,denseweight,2.301662887125986,2.925909368145855,2536.000820864785,2.9978176658284625,3402.9745436317166
alpha,2.8026026026026027,relevance,2.23834452429431,2.842800383778958,2394.5681415395948,2.915778058642054,3216.622006374912
alpha,2.8026026026026027,denseweight,2.2990972399648575,2.920875685119361,2527.4702841878193,2.9828514417242986,3398.9198015929446
alpha,2.8055055055055056,relevance,2.238699403618925,2.8674828833302106,2436.09147240156,2.937848134551434,3259.8815983586524
alpha,2.8055055055055056,denseweight,2.328701856500541,2.969395422822615,2612.1312447362966,3.014380830166981,3509.717968114697
alpha,2.8084084084084084,relevance,2.2564657280962432,2.8805420672430193,2458.5169290693552,2.950441332801022,3309.5645768442646
alpha,2.8084084084084084,denseweight,2.3143396217472434,2.9469154958354458,2572.334624879163,3.00837529221454,3460.217260629838
alpha,2.8113113113113113,relevance,2.2830609847415797,2.925101214434688,2535.098204477425,2.998362833816266,3378.491883588738
alpha,2.8113113113113113,denseweight,2.329476574344927,2.972619659639304,2617.591536625944,3.020860112984459,3486.990330168273
alpha,2.814214214214214,relevance,2.2829617008942553,2.9237128224621265,2532.5412947329555,2.9868899626683802,3390.8220003068072
alpha,2.814214214214214,denseweight,2.3256087861716326,2.9680137322106903,2609.5768998070157,3.035696217469427,3527.414049564239
alpha,2.817117117117117,relevance,2.2682869190375765,2.905854086013782,2501.749729892008,2.9596881042697385,3308.774767902026
alpha,2.817117117117117,denseweight,2.3073623355842114,2.9494495651518307,2577.096619650515,3.0052763754510097,3446.301255310738
alpha,2.82002002002002,relevance,2.2910570108362447,2.937960485147981,2557.3952590480417,3.00539407119611,3415.3863726126506
alpha,2.82002002002002,denseweight,2.3031333645150456,2.9343680123976483,2550.4468649614755,2.9934194861178853,3409.2063866341246
alpha,2.822922922922923,relevance,2.2857448400679425,2.9189664892925946,2524.6306312926513,2.970199916567139,3388.925735865259
alpha,2.822922922922923,denseweight,2.3116575708913265,2.936269060709507,2554.0826529376427,2.9997785455462926,3442.7167450861966
alpha,2.825825825825826,relevance,2.2822959709149977,2.9232477308077858,2531.695421441237,2.993904251233796,3375.5042717607103
alpha,2.825825825825826,denseweight,2.3202794802289817,2.9450191690343734,2569.5227958579017,3.007297133789984,3467.7142475582064
alpha,2.828728728728729,relevance,2.2363706450341465,2.8628361801600604,2428.628832405049,2.925133505105573,3253.866352854337
alpha,2.828728728728729,denseweight,2.3174677664391647,2.941091910208843,2562.4019043611647,3.0010231336089546,3450.050648038535
alpha,2.8316316316316317,relevance,2.292605124862381,2.917025149607004,2521.016784887078,2.9933460903484423,3364.5176598388834
alpha,2.8316316316316317,denseweight,2.321668767364081,2.9558833556587905,2588.1646336474587,3.020837297569447,3477.9113098697317
alpha,2.8345345345345345,relevance,2.2580790786098808,2.9187425543466,2524.2652657120966,2.9956508703267426,3361.4056544326136
alpha,2.8345345345345345,denseweight,2.3101248501133314,2.944617520629386,2568.4390213433066,3.0039016855636946,3454.513605410485
alpha,2.8374374374374374,relevance,2.263648684376062,2.909303461997973,2508.0918042750773,2.9799823724750927,3337.2649520324744
alpha,2.8374374374374374,denseweight,2.3224165177108813,2.975425693415271,2622.6573016200814,3.033711418181034,3501.630026035383
alpha,2.84034034034034,relevance,2.2741973054182254,2.9230380822292794,2531.2798785354266,2.999799778600825,3364.2964920104514
alpha,2.84034034034034,denseweight,2.3204446184677305,2.9666554122101885,2607.1646782977505,3.0243092574002146,3487.298417145432
alpha,2.843243243243243,relevance,2.2613920573829254,2.910808757284348,2510.1202767586356,2.9872946678550214,3329.8360869181806
alpha,2.843243243243243,denseweight,2.309792450253771,2.9462000961215837,2571.4278266219226,3.0114645422212836,3452.3451774480413
alpha,2.846146146146146,relevance,2.248144885791008,2.8875364442457174,2470.700686436278,2.961389298266339,3295.20988171684
alpha,2.846146146146146,denseweight,2.3133674795864363,2.9432128723788686,2566.1058827541906,3.0046278390859698,3447.270579261664
alpha,2.849049049049049,relevance,2.251020709534165,2.8847633906533434,2465.7268567006263,2.9544256773123507,3276.6304207979856
alpha,2.849049049049049,denseweight,2.315837657793082,2.9496392409304852,2577.5045110688206,3.011080860599244,3468.5473056108985
alpha,2.851951951951952,relevance,2.257079063723283,2.876205385554903,2450.9892006966156,2.9473350960205633,3296.731593561985
alpha,2.851951951951952,denseweight,2.3075703926613333,2.9492212310453594,2576.644520675066,3.0026527318828573,3454.383851708724
alpha,2.854854854854855,relevance,2.261235041593817,2.889587774443799,2473.895806131731,2.9686190094431173,3309.7420158339805
alpha,2.854854854854855,denseweight,2.312680792831421,2.950180941849616,2578.3130882098176,3.010219229044618,3459.905693297271
alpha,2.8577577577577578,relevance,2.2719313741856135,2.91206005832737,2512.480851569263,2.981234097912453,3360.563039881534
alpha,2.8577577577577578,denseweight,2.3188920328682165,2.943721462288742,2566.968785755679,2.9970480255942626,3452.898549149903
alpha,2.8606606606606606,relevance,2.2588181500951574,2.875512295619149,2449.7421616158495,2.9486562167767656,3283.3334364729208
alpha,2.8606606606606606,denseweight,2.3176828372419362,2.9447631871674043,2568.8315714698806,3.005262287743288,3464.5245106221214
alpha,2.8635635635635635,relevance,2.2544861597338954,2.8771944532651452,2452.4414500827215,2.939655160268508,3269.6309639320907
alpha,2.8635635635635635,denseweight,2.34865005108985,2.9975697749231784,2661.7785659919523,3.0531293754262117,3580.128065314543
alpha,2.8664664664664663,relevance,2.249514823134035,2.851910530179685,2409.7992358185797,2.9326484294007935,3250.839311964604
alpha,2.8664664664664663,denseweight,2.314148175336992,2.9574535595513773,2590.861637225754,3.0154572031799263,3470.5794476009946
alpha,2.869369369369369,relevance,2.251819585577844,2.8829835878918706,2462.771270090748,2.9609974920988065,3295.344708789772
alpha,2.869369369369369,denseweight,2.319035892704181,2.9424780120696163,2564.984123151562,3.0020898657716204,3461.5609695224725
alpha,2.8722722722722724,relevance,2.2674297567636623,2.905654462555721,2501.4555238428516,2.9765764497197265,3342.996106477276
alpha,2.8722722722722724,denseweight,2.309470916155356,2.9383837460375393,2557.840851974398,3.004756027104797,3438.3593579004114
alpha,2.8751751751751753,relevance,2.2944720097289406,2.964790746490173,2604.001926442681,3.0276405193708142,3452.0498100637137
alpha,2.8751751751751753,denseweight,2.3157759811223673,2.971689963936441,2615.8328252391493,3.027070964185683,3491.7446790652893
alpha,2.878078078078078,relevance,2.286496533668156,2.9367964408806806,2555.224159655732,3.0006200328129213,3403.250407263735
alpha,2.878078078078078,denseweight,2.31593416055832,2.9482185604131965,2574.778456240635,3.011532624331292,3462.236927012447
alpha,2.880980980980981,relevance,2.272759973230464,2.936878933223256,2555.5598359659616,3.007807761158712,3378.8638000854503
alpha,2.880980980980981,denseweight,2.3113684697606667,2.9485841910154726,2575.517235934517,3.0052688747803944,3454.6039100945923
alpha,2.883883883883884,relevance,2.2583925843285644,2.9231888415266707,2532.2130493361237,3.00066458233625,3367.9507521435135
alpha,2.883883883883884,denseweight,2.3227703422485466,2.9655111065644726,2605.3315205297695,3.026998199465976,3490.834244213516
alpha,2.8867867867867867,relevance,2.268139661321832,2.907630648223346,2504.798018031392,2.9833572970236477,3335.950674512147
alpha,2.8867867867867867,denseweight,2.3162598912760166,2.951813717968381,2581.2863815699566,3.0161242289797086,3475.180971659753
alpha,2.8896896896896895,relevance,2.272724843262423,2.9206393468755802,2527.331606271294,2.999629494276695,3391.1787881725313
alpha,2.8896896896896895,denseweight,2.307210393112193,2.9534461305233943,2584.028213302214,3.008705584273122,3451.6314614221324
alpha,2.8925925925925924,relevance,2.251987283612381,2.88643246459535,2468.646945914005,2.9521939680786784,3281.5529391649893
alpha,2.8925925925925924,denseweight,2.308644668605067,2.945769894389842,2570.681693984333,3.0055649842213072,3451.0508099706317
alpha,2.8954954954954957,relevance,2.2627841773549755,2.8761001147541547,2450.7062985244725,2.9546796533281716,3293.766982575057
alpha,2.8954954954954957,denseweight,2.3377907823525645,2.970353221519575,2613.7407886466362,3.031641180012632,3525.50555838782
alpha,2.8983983983983985,relevance,2.2421893383325897,2.8660067086058176,2433.5786481973746,2.9250265371351394,3249.4864013095153
alpha,2.8983983983983985,denseweight,2.325831430467364,2.9619831371795593,2598.9509139871934,3.0153270578404863,3477.6606918023226
alpha,2.9013013013013014,relevance,2.294412298571047,2.9154958844792147,2518.8035450760694,3.0036241866332687,3431.139714854706
alpha,2.9013013013013014,denseweight,2.3080473493572238,2.943389397493919,2566.3741783551873,2.998720695225091,3439.8862747798034
alpha,2.904204204204204,relevance,2.2556156538381593,2.891864457253191,2477.931781494571,2.9629545874980012,3308.1524347118984
alpha,2.904204204204204,denseweight,2.3216339902393726,2.964154281969239,2602.8175734049883,3.023182974371703,3501.0179918717054
alpha,2.907107107107107,relevance,2.288643327535417,2.918146059907429,2523.099392612636,2.992581408209086,3387.5487848283947
alpha,2.907107107107107,denseweight,2.308792294938935,2.9347163201111695,2551.3218776603153,2.990669250310368,3422.725285683315
alpha,2.91001001001001,relevance,2.2623507571716592,2.8957343362782404,2484.4197165003484,2.9558142256591866,3319.197475703071
alpha,2.91001001001001,denseweight,2.3121880759611195,2.9504579133384596,2578.844141704312,3.010336950675557,3465.101343236109
alpha,2.9129129129129128,relevance,2.250702607042271,2.8722112839582916,2444.130716620068,2.9427567705467017,3270.2663463856993
alpha,2.9129129129129128,denseweight,2.3412666302907192,2.9653001875574483,2604.501648889736,3.0126906137949936,3515.0860986481403
alpha,2.9158158158158156,relevance,2.261397702895289,2.9064757196023105,2503.1131406461154,2.9748493545503902,3330.9945371209437
alpha,2.9158158158158156,denseweight,2.306153583376229,2.9374062273914396,2556.0119447510165,3.0026281284181846,3441.606205860107
alpha,2.918718718718719,relevance,2.2981851984501636,2.9582025832462304,2592.915859141521,3.0302100671926215,3462.0172049331663
alpha,2.918718718718719,denseweight,2.334294162216952,2.972680534536638,2617.727969365216,3.031311758532686,3507.3790627158346
alpha,2.9216216216216218,relevance,2.2984900784124367,2.929880870771553,2543.2255063122207,3.0088875642376944,3422.3117292181582
alpha,2.9216216216216218,denseweight,2.347671772340372,2.9914721192937077,2651.0213767715236,3.041009895227618,3552.9997661612388
alpha,2.9245245245245246,relevance,2.2879442159433827,2.92549211063649,2535.837782797486,2.998453410082702,3401.477699300856
alpha,2.9245245245245246,denseweight,2.323207619841831,2.950893699034347,2579.649445787227,3.0160459326626556,3478.6006698034257
alpha,2.9274274274274275,relevance,2.2630717771434097,2.8955243283537144,2483.9948073407163,2.9761825312993033,3329.157177324219
alpha,2.9274274274274275,denseweight,2.315890006200692,2.954133885794943,2585.273466959871,3.0135570188142187,3483.5208281467335
alpha,2.9303303303303303,relevance,2.2832038088424182,2.920569953277968,2527.151286182337,2.9909901483980117,3375.2731515698433
alpha,2.9303303303303303,denseweight,2.322940384385978,2.9503270440115066,2578.5358881116763,3.006306713964477,3468.7994820773997
alpha,2.933233233233233,relevance,2.2742010461034456,2.9130741565433365,2514.470007007527,2.976780835492451,3364.2559264156257
alpha,2.933233233233233,denseweight,2.3287834084664545,2.958178651619601,2592.2517001414963,3.0162875769761057,3483.0653664467554
alpha,2.936136136136136,relevance,2.2775948256780842,2.903983504021418,2498.5647543613954,2.9814068472701827,3354.9817157048274
alpha,2.936136136136136,denseweight,2.3121863130778553,2.947490825722137,2573.519491370311,3.0017902309361646,3453.342359420919
alpha,2.939039039039039,relevance,2.2691900233176847,2.910781901842814,2510.3416115375303,2.985660070405295,3335.712866001898
alpha,2.939039039039039,denseweight,2.300693078658336,2.945277934928425,2569.5811363134167,2.9973549189321607,3414.7165796371496
alpha,2.941941941941942,relevance,2.262932849358064,2.912482938260403,2513.2511924784512,2.9816292139530103,3338.336656470938
alpha,2.941941941941942,denseweight,2.3252723458905877,2.9583880525900255,2592.7424151499345,3.014285576048064,3487.036521271129
alpha,2.944844844844845,relevance,2.287404423572817,2.9404152887736545,2561.617117922702,3.0174476049721233,3424.828826077294
alpha,2.944844844844845,denseweight,2.3361421288478676,2.9713746604398796,2615.507586380792,3.0251550549148183,3517.043683817177
alpha,2.947747747747748,relevance,2.254686884318964,2.8898708985121675,2474.1935117554713,2.9696208818456675,3309.8030210997013
alpha,2.947747747747748,denseweight,2.31313650969914,2.9432999278077427,2566.1904131992706,3.0001269282857095,3439.2314185614764
alpha,2.9506506506506507,relevance,2.258822267933136,2.923158751146579,2531.976017425377,2.990878651469922,3366.621075767651
alpha,2.9506506506506507,denseweight,2.29827703840362,2.930156369588901,2543.479921774615,2.987983124992982,3418.8939646953067
alpha,2.9535535535535535,relevance,2.274363891595334,2.908401099899294,2506.0988684316776,2.9949899373185236,3364.859226392699
alpha,2.9535535535535535,denseweight,2.3231217218167743,2.95574345917058,2588.1074934312683,3.012856324697353,3484.718852819
alpha,2.9564564564564564,relevance,2.2861047442108093,2.932141546116807,2547.2966675083853,3.0085435078865213,3411.70247057304
alpha,2.9564564564564564,denseweight,2.315991272434452,2.9503505800446534,2578.567566429347,3.0111503138307705,3457.3691765750136
alpha,2.9593593593593592,relevance,2.290260497047659,2.912600911423276,2513.4006240134026,2.9891780472879756,3378.5417621113083
alpha,2.9593593593593592,denseweight,2.331179148969136,2.978811957393825,2628.495169998857,3.0387739380602152,3525.2972357772624
alpha,2.962262262262262,relevance,2.2852205107363393,2.9602125845452862,2596.4809380165716,3.028719905091674,3430.7732305819163
alpha,2.962262262262262,denseweight,2.312187619688793,2.9479479346486275,2574.307376184389,3.0033469043127528,3445.8487923230077
alpha,2.965165165165165,relevance,2.262151707746447,2.8867051322249733,2468.943169119287,2.9607763367251194,3295.5882149304334
alpha,2.965165165165165,denseweight,2.3145445015815094,2.9437512442021396,2567.0716146232317,3.0007515910642604,3457.7556556756776
alpha,2.968068068068068,relevance,2.245973149511127,2.871440485780084,2442.74802022272,2.9531673287896383,3276.688416057889
alpha,2.968068068068068,denseweight,2.3216145749642436,2.9665190591504835,2606.7006054411963,3.0216496443271716,3484.018422123886
alpha,2.970970970970971,relevance,2.2774905448303047,2.945448414086601,2570.1636223953055,3.0246289620334483,3417.8902926607684
alpha,2.970970970970971,denseweight,2.3186103859239924,2.9695903783844124,2612.5315762469527,3.0198053650354835,3489.7596173091065
alpha,2.973873873873874,relevance,2.2795782957937405,2.871800156120326,2443.2248170268704,2.963397534700689,3341.511106245748
alpha,2.973873873873874,denseweight,2.319120587423371,2.9681256752912257,2609.8700224696227,3.0245395702360707,3487.7899286420125
alpha,2.9767767767767768,relevance,2.262085666230272,2.8967611340511334,2486.2074796365455,2.9728279749616005,3332.4723495982544
alpha,2.9767767767767768,denseweight,2.3014714296598364,2.9284769870289544,2540.834701712172,2.9896908805298703,3421.998214480396
alpha,2.9796796796796796,relevance,2.2612780147539264,2.906255194468416,2502.356312561298,2.986689821458106,3333.32433694726
alpha,2.9796796796796796,denseweight,2.3014137571563045,2.9306285393513556,2544.2962323842958,2.989221007886086,3409.962431814851
alpha,2.9825825825825825,relevance,2.2706444871547484,2.8774539224556204,2452.989799966662,2.970622665034748,3333.4487361250235
alpha,2.9825825825825825,denseweight,2.3251739598227834,2.9671818806948975,2608.088036957178,3.026268165753152,3501.600370887341
alpha,2.9854854854854853,relevance,2.2586963730703484,2.911024179166542,2510.7860013352342,2.990840558376242,3352.2158625216503
alpha,2.9854854854854853,denseweight,2.32693484269085,2.9744312516687605,2620.6918925025752,3.0339217034297357,3511.8765142127527
alpha,2.988388388388388,relevance,2.2593538084973375,2.8870155308884553,2469.404489847789,2.9613793855364547,3308.9336621653056
alpha,2.988388388388388,denseweight,2.3012203738345454,2.9381395723900385,2557.515608013024,2.9978110677061776,3435.3335962184224
alpha,2.9912912912912915,relevance,2.2538563811914663,2.9146990896152376,2516.9389689128498,2.9911194173958475,3327.6093685127516
alpha,2.9912912912912915,denseweight,2.328517465648479,2.9831870916138543,2636.331427046273,3.026669648715565,3519.0759723911174
alpha,2.9941941941941943,relevance,2.2546466327535457,2.8581056071149478,2420.041563734495,2.9456040075256333,3282.0080543894037
alpha,2.9941941941941943,denseweight,2.348885496786189,2.973967740705326,2619.8140786486933,3.022839802741426,3528.050558367885
alpha,2.997097097097097,relevance,2.254795045798441,2.902823481637483,2496.5095511347868,2.981094264756405,3337.4516645195977
alpha,2.997097097097097,denseweight,2.3186615282880765,2.9493112060088484,2576.873872552682,3.0021477295235393,3479.8133948021027
alpha,3.0,relevance,2.262131621536622,2.903286070498389,2497.3416114627785,2.979039349331291,3332.8833667644794
alpha,3.0,denseweight,2.332101733458705,2.9593395927917485,2594.056524015061,3.0202481747452437,3502.415546220686
sampling_proportion,0.1,relevance,2.244269281064197,2.890231560735474,2474.824394558824,2.953884433703427,3263.3951287702234
sampling_proportion,0.1,denseweight,2.2463341704565347,2.927078688934619,2538.555156359376,2.9767791122084355,3324.359437817183
sampling_proportion,0.1014014014014014,relevance,2.243317184396066,2.875408176483213,2449.7315152303854,2.950995516808863,3286.562926841956
sampling_proportion,0.1014014014014014,denseweight,2.2453447497908723,2.887295611852315,2470.1638105771103,2.9540590263856092,3279.466335081183
sampling_proportion,0.10280280280280281,relevance,2.2502521625855074,2.8784207850782386,2454.7069109400345,2.9541023303706004,3285.7396840103493
sampling_proportion,0.10280280280280281,denseweight,2.269951584950918,2.9041282193221316,2499.0096355093947,2.9648058168998297,3334.4423008272747
sampling_proportion,0.1042042042042042,relevance,2.2505669664614896,2.912875073600287,2514.0959628643513,2.967774719326944,3322.837159997029
sampling_proportion,0.1042042042042042,denseweight,2.232220677711177,2.880455651839346,2458.8029248764306,2.9472422227430974,3289.939777058666
sampling_proportion,0.10560560560560561,relevance,2.274917459664948,2.9327459553541697,2548.097637150442,3.0015610003976843,3388.9361909091244
sampling_proportion,0.10560560560560561,denseweight,2.2515052757663003,2.9133383980077423,2514.792575381608,2.9742605546711367,3311.220699737957
sampling_proportion,0.10700700700700701,relevance,2.2773432067462416,2.920290170946041,2526.957922105226,2.995948273392862,3385.1886002111855
sampling_proportion,0.10700700700700701,denseweight,2.2725769319414257,2.9270952596660136,2538.62768959783,2.998311339257075,3374.5951191082095
sampling_proportion,0.10840840840840842,relevance,2.2587504845251805,2.9212344132348633,2528.5876554518877,2.9814311351514733,3363.023721791792
sampling_proportion,0.10840840840840842,denseweight,2.250964700231126,2.9047790467553005,2500.0902258417063,2.9670384981009077,3320.5607316523674
sampling_proportion,0.10980980980980981,relevance,2.2506964885821152,2.91829339463853,2523.339067952394,2.984677763461258,3344.5672262850558
sampling_proportion,0.10980980980980981,denseweight,2.2642282527798323,2.9205909981275027,2527.077847677465,2.9818629763679123,3340.431180564193
sampling_proportion,0.11121121121121122,relevance,2.2735293114302877,2.9332446159846617,2549.5123152065426,2.989691473074239,3376.245464962923
sampling_proportion,0.11121121121121122,denseweight,2.221693299463901,2.8664223698357967,2434.5876330924875,2.9252386071776524,3227.748615747066
sampling_proportion,0.11261261261261261,relevance,2.2953818659507164,2.9313233340675713,2546.0785811146275,3.0076306352689204,3438.992957671613
sampling_proportion,0.11261261261261261,denseweight,2.25924575735588,2.9125718015051216,2513.5245039524443,2.9733318274848513,3345.4263625961235
sampling_proportion,0.11401401401401402,relevance,2.2392776043301614,2.8629104300971777,2428.6435064254774,2.9348282542632464,3251.0901435673836
sampling_proportion,0.11401401401401402,denseweight,2.2764743311052325,2.950035135338368,2578.594605860058,3.0151609469945284,3427.3913822100694
sampling_proportion,0.11541541541541542,relevance,2.277107209635508,2.926472193719777,2537.5488090262047,2.9918481425620347,3405.12778580105
sampling_proportion,0.11541541541541542,denseweight,2.259111653815686,2.9248332828231227,2534.5805953905146,2.9908304161884627,3367.59065076115
sampling_proportion,0.11681681681681683,relevance,2.2534376443714055,2.9147719896776514,2517.1852573064807,2.973611791670141,3311.1676431016026
sampling_proportion,0.11681681681681683,denseweight,2.271174403209304,2.9144643822390357,2516.7134145482028,2.9836599729462043,3358.667520840809
sampling_proportion,0.11821821821821822,relevance,2.279573450593614,2.9029069609074996,2496.6425289186154,2.9822668037716995,3356.3154232644647
sampling_proportion,0.11821821821821822,denseweight,2.26095301710735,2.9449063466125476,2569.3896741865888,3.001426331216973,3382.3288217855115
sampling_proportion,0.11961961961961962,relevance,2.262682965371036,2.9096374843608492,2508.285492758679,2.9884040739825677,3340.1441325717983
sampling_proportion,0.11961961961961962,denseweight,2.2519485348838955,2.902514599894756,2495.9407099766436,2.966873518380681,3315.1446939648285
sampling_proportion,0.12102102102102102,relevance,2.2621141340372026,2.9245564344579122,2534.0046105159886,2.9851729592742386,3369.8612910629095
sampling_proportion,0.12102102102102102,denseweight,2.2413281906640146,2.9047815652329394,2500.285128121417,2.961163509115311,3284.2862619195994
sampling_proportion,0.12242242242242243,relevance,2.251310619799365,2.8656927436898276,2432.899874482549,2.9411035337065674,3304.1531693603692
sampling_proportion,0.12242242242242243,denseweight,2.229720893382766,2.8889921525083104,2472.8578520774176,2.9450381365779745,3281.466409722524
sampling_proportion,0.12382382382382383,relevance,2.2345278008382294,2.8516071849718263,2409.2364285971544,2.9271745721107956,3248.7647543060048
sampling_proportion,0.12382382382382383,denseweight,2.2662873798984595,2.8851170218865554,2466.3092224734323,2.9524242272382013,3320.659340621338
sampling_proportion,0.12522522522522522,relevance,2.2498941569733995,2.9184952673607705,2523.8530824992586,2.9862736028047867,3344.5510990138546
sampling_proportion,0.12522522522522522,denseweight,2.2651370505259885,2.917678564062958,2522.2580232609894,2.9744175983292545,3356.888190395232
sampling_proportion,0.12662662662662663,relevance,2.2735602719292216,2.9206104303033245,2527.4126570055946,2.9970652625890515,3401.8755371595716
sampling_proportion,0.12662662662662663,denseweight,2.2650708256759877,2.9351249003523967,2552.4579490870838,2.9973455341931805,3365.0389037555447
sampling_proportion,0.12802802802802804,relevance,2.2543624027981726,2.887906486016087,2471.0854654555706,2.9666179277306037,3325.73305820441
sampling_proportion,0.12802802802802804,denseweight,2.2661969992907327,2.9219517989332324,2529.3622177452116,2.982598266838536,3324.867894077616
sampling_proportion,0.12942942942942942,relevance,2.2728729792088704,2.917079810842781,2521.04619914862,2.9944607719100613,3386.177563972259
sampling_proportion,0.12942942942942942,denseweight,2.2605483467755634,2.9120470164358987,2512.5413521118717,2.981789525888797,3344.0352203753005
sampling_proportion,0.13083083083083083,relevance,2.260960626374949,2.919403485606249,2525.438502808318,2.9871413946281953,3362.7531838582513
sampling_proportion,0.13083083083083083,denseweight,2.231463202757758,2.86097168337373,2425.0197932626083,2.917836572893139,3226.607354532037
sampling_proportion,0.13223223223223224,relevance,2.2402093839144723,2.889954683614046,2474.739805392914,2.9625124925489175,3306.7067420965927
sampling_proportion,0.13223223223223224,denseweight,2.2723187547390484,2.9126478721345457,2513.42222773211,2.969474031559292,3332.3453783187665
sampling_proportion,0.13363363363363362,relevance,2.2374827386632923,2.8911173630727025,2476.353548552864,2.9566638036807773,3285.758271241808
sampling_proportion,0.13363363363363362,denseweight,2.285618638626081,2.9362377248551463,2554.133896886386,2.9964267380568494,3378.326186247819
sampling_proportion,0.13503503503503503,relevance,2.2120845495840364,2.843240038975425,2395.2978476980707,2.9082667289132873,3205.0882031461956
sampling_proportion,0.13503503503503503,denseweight,2.2362637385344546,2.8869071964146182,2469.3393488335632,2.948341763868721,3262.42884251803
sampling_proportion,0.13643643643643644,relevance,2.2350488778727975,2.88582876350916,2467.547597262034,2.9667789965705467,3287.1033274096594
sampling_proportion,0.13643643643643644,denseweight,2.253287366502703,2.895104977997575,2483.248382071061,2.9568615023256117,3304.6898424289993
sampling_proportion,0.13783783783783785,relevance,2.2719522557002017,2.906436689076334,2502.994413890665,2.977453440979057,3337.8287589487336
sampling_proportion,0.13783783783783785,denseweight,2.2402506994629223,2.8760737001815073,2450.8387206043885,2.9326729929395228,3265.5996801608107
sampling_proportion,0.13923923923923925,relevance,2.26632674166921,2.875897781464927,2450.8181499139573,2.958023005297255,3315.30970446331
sampling_proportion,0.13923923923923925,denseweight,2.2646593862844973,2.9341476300824105,2550.918683146755,2.9922937077561493,3366.1504277210843
sampling_proportion,0.14064064064064064,relevance,2.2213591404421797,2.8726490895184447,2444.9458716774784,2.938334637049862,3240.5884841417396
sampling_proportion,0.14064064064064064,denseweight,2.249642882677406,2.899333703841038,2490.668802137366,2.964732275756145,3306.788779353603
sampling_proportion,0.14204204204204204,relevance,2.2576156588196192,2.888734592576856,2472.673919994732,2.9602721554359945,3294.958221873785
sampling_proportion,0.14204204204204204,denseweight,2.2451075454860496,2.8638938695060134,2430.068298520308,2.932008858435158,3254.8734683997145
sampling_proportion,0.14344344344344345,relevance,2.2935042893106097,2.919420214269401,2525.1049166585058,2.992434464391059,3421.1244843949758
sampling_proportion,0.14344344344344345,denseweight,2.241945213290288,2.9014377679613896,2494.319111526138,2.9558249212683867,3300.6839264259115
sampling_proportion,0.14484484484484483,relevance,2.2437708754129884,2.870794693677338,2442.1228902365674,2.9551826466666182,3294.217389409877
sampling_proportion,0.14484484484484483,denseweight,2.2690915100122053,2.9129751605365413,2514.429840077706,2.986881636241035,3355.1116181605776
sampling_proportion,0.14624624624624624,relevance,2.2551220284587123,2.9310640357714086,2545.5556840430945,2.994651143428305,3362.2821228635435
sampling_proportion,0.14624624624624624,denseweight,2.251112730851738,2.893933372402005,2481.4573150734277,2.9561794167498388,3301.5246938460655
sampling_proportion,0.14764764764764765,relevance,2.2600235016462853,2.8918663206576083,2478.019595467472,2.963270314063733,3335.508906137485
sampling_proportion,0.14764764764764765,denseweight,2.2502701500774966,2.8868066132424106,2468.9705124539178,2.9490574462153254,3286.3404177147
sampling_proportion,0.14904904904904906,relevance,2.2501332394405145,2.8750302259387563,2448.9236830314826,2.9579391254885485,3291.7335118820556
sampling_proportion,0.14904904904904906,denseweight,2.246253961947506,2.8683618751729716,2437.3502155883652,2.9368242116599697,3270.3318430773097
sampling_proportion,0.15045045045045047,relevance,2.2581017192690656,2.902743827794667,2496.8030923675306,2.9669159928987145,3324.7170454324714
sampling_proportion,0.15045045045045047,denseweight,2.2478244377394696,2.8975571453524993,2487.4852627042083,2.9639340164060006,3316.3753965261812
sampling_proportion,0.15185185185185185,relevance,2.277129737909688,2.921115676208011,2528.0616705501457,3.0047967298728877,3408.6134878963635
sampling_proportion,0.15185185185185185,denseweight,2.2364085651439094,2.8943290829947848,2481.7414651998715,2.9574757412483113,3276.673315165472
sampling_proportion,0.15325325325325326,relevance,2.2685268739727964,2.9110139422877546,2510.759945169572,2.991905134459385,3359.5351175104647
sampling_proportion,0.15325325325325326,denseweight,2.2560126150470103,2.9116920460465905,2511.9657683771275,2.9669612644590475,3330.3799594051143
sampling_proportion,0.15465465465465467,relevance,2.2881196618545045,2.93567364214298,2553.5525418265124,3.0190489227456667,3451.8442034743507
sampling_proportion,0.15465465465465467,denseweight,2.250251780556691,2.8813908480795036,2460.1723927248117,2.9395951174464354,3292.0761562823423
sampling_proportion,0.15605605605605605,relevance,2.261258340168522,2.9190758371699874,2524.8186682220244,2.9900363569465003,3383.8870612734686
sampling_proportion,0.15605605605605605,denseweight,2.2688880291330977,2.928765123882682,2541.6482335064616,2.989718133609558,3360.283538576527
sampling_proportion,0.15745745745745746,relevance,2.2522125606370906,2.893108757513167,2479.979265777701,2.9581471849730523,3286.992222112493
sampling_proportion,0.15745745745745746,denseweight,2.272455928019392,2.9427237055918165,2565.82105688648,2.994594199504767,3369.9992621338574
sampling_proportion,0.15885885885885886,relevance,2.233594789015645,2.8792071291431434,2456.0043206414175,2.957293709118336,3292.77476346256
sampling_proportion,0.15885885885885886,denseweight,2.2430285869077906,2.89054869809455,2475.5629877795895,2.9544510487512534,3280.163571641864
sampling_proportion,0.16026026026026025,relevance,2.292923651667484,2.908714574499413,2506.598410470571,2.993208193417012,3399.308495548098
sampling_proportion,0.16026026026026025,denseweight,2.2786868163554073,2.9189884519733535,2524.567929934037,2.9835663786697793,3375.6913305520966
sampling_proportion,0.16166166166166165,relevance,2.2576113599938994,2.910095582017206,2509.3795696007655,2.9803424587612204,3339.8766404287408
sampling_proportion,0.16166166166166165,denseweight,2.2577730947348793,2.9107649787754,2510.425133520051,2.9711698015574104,3337.0731586788374
sampling_proportion,0.16306306306306306,relevance,2.251544463943569,2.9178452888181363,2522.5849755842387,2.995842022968478,3370.0253575081633
sampling_proportion,0.16306306306306306,denseweight,2.281718760730438,2.9397842795218323,2560.60901315924,3.000403725576263,3397.841329882755
sampling_proportion,0.16446446446446447,relevance,2.2595686554054386,2.9084935442914754,2506.4015262629064,2.990971751302078,3350.6481176206275
sampling_proportion,0.16446446446446447,denseweight,2.2574259778001973,2.894098901344017,2481.7179632826,2.9635829834276293,3334.1274754555366
sampling_proportion,0.16586586586586588,relevance,2.2582359844609234,2.904497398396866,2499.3821109645137,2.9807537239956803,3326.195476475533
sampling_proportion,0.16586586586586588,denseweight,2.2599796858367864,2.9247086602615946,2534.665084758691,2.990655468910334,3368.054495250691
sampling_proportion,0.16726726726726726,relevance,2.2479775908775936,2.8794991817808753,2456.5081842407612,2.9546662201645644,3280.1265372195226
sampling_proportion,0.16726726726726726,denseweight,2.2597349900179156,2.9034348757454844,2497.764961237246,2.963549100489835,3295.618180453213
sampling_proportion,0.16866866866866867,relevance,2.242845408937306,2.9161546289222695,2519.4211916961276,2.979392274646252,3299.7011878513504
sampling_proportion,0.16866866866866867,denseweight,2.2408128042415756,2.8592238778574997,2422.3564826091797,2.9229808008062834,3252.1575224104254
sampling_proportion,0.17007007007007008,relevance,2.2518310074478847,2.890214954372023,2474.753353311536,2.964907920619969,3301.673783447968
sampling_proportion,0.17007007007007008,denseweight,2.256581004455664,2.8958894411952536,2484.52669894981,2.956743514557338,3295.1288303414703
sampling_proportion,0.17147147147147146,relevance,2.2690070638759896,2.9228384436820933,2531.4739095386644,2.994318888095824,3364.3235760909306
sampling_proportion,0.17147147147147146,denseweight,2.2720288433674596,2.918673346518585,2523.9519862353,2.9867610687523563,3338.3456948209528
sampling_proportion,0.17287287287287287,relevance,2.234378937211188,2.8981544674611674,2488.354880105505,2.969359531883721,3300.335128416965
sampling_proportion,0.17287287287287287,denseweight,2.257625886076364,2.894663442122329,2482.6703872686503,2.9569451213897424,3292.0420939673922
sampling_proportion,0.17427427427427428,relevance,2.2561535592496362,2.937389015065925,2556.514308598476,2.9965791213102606,3356.486512966005
sampling_proportion,0.17427427427427428,denseweight,2.2510848876007046,2.8805052954003725,2458.3898730861147,2.93731236321014,3261.84209747042
sampling_proportion,0.17567567567567566,relevance,2.269908973520239,2.9175979021425347,2522.3004833712403,2.992495750114145,3373.9928414169526
sampling_proportion,0.17567567567567566,denseweight,2.26616722390293,2.930093436660265,2543.6053785989975,2.9852733710243564,3353.615130496503
sampling_proportion,0.1770770770770771,relevance,2.2703527589674395,2.8914945729621007,2477.375164661347,2.980253710500127,3352.5136159116596
sampling_proportion,0.1770770770770771,denseweight,2.249354303725212,2.8845108811000193,2465.2136736678503,2.9470993029489114,3287.610386581606
sampling_proportion,0.17847847847847848,relevance,2.2668772921993043,2.8835385495395003,2463.7955247859354,2.962045034812362,3336.9956877104796
sampling_proportion,0.17847847847847848,denseweight,2.2569659567992124,2.918443354079742,2523.6668610590955,2.9790119838237223,3341.5360936101183
sampling_proportion,0.17987987987987988,relevance,2.2582255740474984,2.9080587086779683,2505.592062336496,2.9842021691564646,3351.293129623035
sampling_proportion,0.17987987987987988,denseweight,2.26096522037481,2.8796975785352563,2456.9195873728327,2.9461108483625744,3302.9555028605128
sampling_proportion,0.1812812812812813,relevance,2.268088753843376,2.919011090451054,2524.2894214075036,2.9881209736550787,3370.5514854303956
sampling_proportion,0.1812812812812813,denseweight,2.264471181958915,2.900950853314479,2493.6620928927937,2.9619760359819702,3323.9666048650456
sampling_proportion,0.18268268268268267,relevance,2.223001336095425,2.8589264482962906,2421.511177255753,2.9342419134289544,3225.498176568819
sampling_proportion,0.18268268268268267,denseweight,2.301240639048251,2.9283209401786787,2540.439577923341,3.00266477157524,3419.4988098729254
sampling_proportion,0.18408408408408408,relevance,2.2837931704999606,2.900100068382882,2491.796591073581,2.9819043978771913,3383.4500227920857
sampling_proportion,0.18408408408408408,denseweight,2.268707946866889,2.8866336800173613,2468.966140592019,2.9455423604158004,3299.8835616309743
sampling_proportion,0.1854854854854855,relevance,2.2558097436493947,2.912091351871106,2512.5258291304767,2.9849553230218095,3344.8687577911014
sampling_proportion,0.1854854854854855,denseweight,2.231632884904827,2.8690023068123796,2438.8620206004052,2.9329116166107294,3254.9422021735472
sampling_proportion,0.18688688688688687,relevance,2.2444899657513444,2.899596800323792,2491.0249810149426,2.9754989349704433,3322.819118062447
sampling_proportion,0.18688688688688687,denseweight,2.273469472076739,2.910150625867873,2508.7999746602327,2.9689095473038556,3346.264067790078
sampling_proportion,0.1882882882882883,relevance,2.2828197415554285,2.9326607030847986,2548.5370972282226,3.01085320014007,3416.898990964652
sampling_proportion,0.1882882882882883,denseweight,2.2325043714591577,2.880004450896289,2457.5166716172025,2.9369495423287817,3255.7063048868376
sampling_proportion,0.1896896896896897,relevance,2.282058122054393,2.923488114346442,2532.1601355847647,3.0058458162953583,3395.7920440333164
sampling_proportion,0.1896896896896897,denseweight,2.2522267862291674,2.9075599996295876,2504.7341891151277,2.964460887824013,3322.8128426433555
sampling_proportion,0.19109109109109107,relevance,2.251899603295662,2.910032149340463,2509.120532099269,2.969983194064043,3318.9939217847755
sampling_proportion,0.19109109109109107,denseweight,2.265587268706906,2.92118755406773,2528.533997409084,2.9769371072801754,3350.387721339154
sampling_proportion,0.1924924924924925,relevance,2.27651241600479,2.932513229125991,2548.346894059349,3.01838394197901,3410.6295535917234
sampling_proportion,0.1924924924924925,denseweight,2.270923363775976,2.902583757367079,2496.1264821002096,2.966846428774162,3338.8537087599143
sampling_proportion,0.1938938938938939,relevance,2.2292155805655685,2.896254782165482,2485.572369641482,2.9602984291573065,3283.711498134225
sampling_proportion,0.1938938938938939,denseweight,2.240888971644017,2.882319292255667,2461.396001389875,2.946121800992423,3259.5887617849085
sampling_proportion,0.1952952952952953,relevance,2.255291528922141,2.9116745608795735,2511.965588397853,2.983460434278661,3343.846468992404
sampling_proportion,0.1952952952952953,denseweight,2.2647231830048624,2.9250600180107558,2535.0426831953364,2.9719165711945514,3345.704043980631
sampling_proportion,0.1966966966966967,relevance,2.247588221382499,2.8956127390903164,2484.3826069650936,2.9673913666332936,3302.8271091223596
sampling_proportion,0.1966966966966967,denseweight,2.2753711365451346,2.9277296197551297,2539.8390829850855,2.9972126589466055,3379.2605953258376
sampling_proportion,0.19809809809809809,relevance,2.2402191401462117,2.835173497715352,2381.726363917414,2.92563167979428,3243.6615943303264
sampling_proportion,0.19809809809809809,denseweight,2.2468955030740596,2.868229690808766,2437.3299804055314,2.9336612498788996,3245.5420512480105
sampling_proportion,0.1994994994994995,relevance,2.220652177407998,2.8763887510169557,2451.25763987932,2.944745485798259,3271.924989745217
sampling_proportion,0.1994994994994995,denseweight,2.2542492624650197,2.887771955354556,2470.7502273424634,2.9571238129808677,3297.7473425153385
sampling_proportion,0.2009009009009009,relevance,2.300536385554041,2.9540902730738807,2585.6062251084745,3.0371372794801488,3484.615935404663
sampling_proportion,0.2009009009009009,denseweight,2.260286499652535,2.911786433079625,2512.412675156995,2.978176510363047,3374.40315093376
sampling_proportion,0.20230230230230228,relevance,2.2191560001854165,2.865923696346584,2433.5298806223273,2.9359448730336726,3242.5936154422925
sampling_proportion,0.20230230230230228,denseweight,2.278883742204842,2.9393745299335845,2559.7695006038753,2.9970072550096627,3382.8519124410514
sampling_proportion,0.20370370370370372,relevance,2.2801922568845407,2.9379032810230274,2557.506058240417,3.013251086493965,3407.2613186250032
sampling_proportion,0.20370370370370372,denseweight,2.2565360638427645,2.8725263877838163,2445.024160877478,2.944381686179619,3300.816245561262
sampling_proportion,0.2051051051051051,relevance,2.2930926776650615,2.9074668468607436,2504.79399570638,2.9857723936716662,3406.8787565272855
sampling_proportion,0.2051051051051051,denseweight,2.2543769601953643,2.8839503065612577,2464.5711409035603,2.941244368845559,3282.7248336533585
sampling_proportion,0.2065065065065065,relevance,2.2503947818173624,2.9079797303123853,2505.4611560614453,2.9830457574652582,3333.0112678205905
sampling_proportion,0.2065065065065065,denseweight,2.273030281885029,2.9143375279872408,2516.31598384046,2.9709390473358286,3351.9460783737127
sampling_proportion,0.20790790790790792,relevance,2.2718054802889776,2.9005265102391142,2492.8831519366063,2.984082584967759,3357.4300015849913
sampling_proportion,0.20790790790790792,denseweight,2.27100281943452,2.899795853546068,2491.611857757592,2.960413305501583,3342.9627818393465
sampling_proportion,0.2093093093093093,relevance,2.2729000921517506,2.902496305378254,2496.1224797209793,2.974966956693519,3342.3589944630967
sampling_proportion,0.2093093093093093,denseweight,2.250260837051653,2.8805276975404523,2458.5502365737816,2.9386861734184917,3303.3520174711334
sampling_proportion,0.2107107107107107,relevance,2.2595911255404744,2.9153408669989935,2518.301192571635,2.9870191239309953,3341.775214320927
sampling_proportion,0.2107107107107107,denseweight,2.268180478656914,2.9100528343943832,2508.942717688723,2.982444224599914,3357.934601082372
sampling_proportion,0.21211211211211212,relevance,2.245886043288918,2.8896408750561453,2473.9198640333293,2.973077868356034,3301.5774343211756
sampling_proportion,0.21211211211211212,denseweight,2.2531811174932925,2.900917414931767,2493.542696896641,2.9622786050576755,3312.501593503821
sampling_proportion,0.2135135135135135,relevance,2.2529532929798743,2.9073941218355084,2504.5771893121614,2.9815365927546345,3354.1091756182936
sampling_proportion,0.2135135135135135,denseweight,2.244489859438109,2.8858251970952127,2467.581162296387,2.9507658857433787,3280.4609185509285
sampling_proportion,0.2149149149149149,relevance,2.2346783591492225,2.894023463207785,2481.3268587445755,2.970855733649151,3288.8550092605497
sampling_proportion,0.2149149149149149,denseweight,2.2668787966472568,2.90695560254823,2503.51377723429,2.9729962284315388,3332.5196564566527
sampling_proportion,0.21631631631631631,relevance,2.2633397543209033,2.9272062766669094,2538.565324835783,3.013083640544121,3380.203443563604
sampling_proportion,0.21631631631631631,denseweight,2.261143251933108,2.9037286614431395,2498.1758440508997,2.9687681228759635,3330.3319281203726
sampling_proportion,0.2177177177177177,relevance,2.2865078577956073,2.917403115816607,2521.3218392035806,3.001047512264087,3389.4273732878164
sampling_proportion,0.2177177177177177,denseweight,2.2729705719961246,2.9397740300457103,2560.722743353831,3.0006587044460598,3390.327240936821
sampling_proportion,0.21911911911911913,relevance,2.294256617292217,2.93607617412276,2554.2903137401413,3.0332488870210876,3472.57524004459
sampling_proportion,0.21911911911911913,denseweight,2.270157613085638,2.889827686610629,2474.372404146077,2.952872985367127,3312.2067208879066
sampling_proportion,0.2205205205205205,relevance,2.269314104912097,2.913074532734628,2514.125647018884,2.984924666203616,3366.012490918062
sampling_proportion,0.2205205205205205,denseweight,2.267723293498668,2.8957057411441154,2484.602059076524,2.9578527710497817,3347.771538255127
sampling_proportion,0.22192192192192192,relevance,2.275278945924419,2.958082305306312,2592.7350996777427,3.020945672770262,3408.426601054314
sampling_proportion,0.22192192192192192,denseweight,2.2610283203240886,2.9116396659900015,2511.9855593742586,2.9740844186535242,3339.345870265843
sampling_proportion,0.22332332332332333,relevance,2.2791951286378076,2.8977176436499934,2487.935329100772,2.9773640880565346,3356.3993399609913
sampling_proportion,0.22332332332332333,denseweight,2.2794970302567075,2.8889891322597516,2472.8104965926227,2.954870953311033,3321.9896690682554
sampling_proportion,0.2247247247247247,relevance,2.2504130115324155,2.905774391752017,2501.8551288876274,2.9825276806313292,3325.494826769006
sampling_proportion,0.2247247247247247,denseweight,2.2563818522848242,2.9031926547524662,2497.0615955906637,2.9561390846013818,3300.8120472571295
sampling_proportion,0.22612612612612612,relevance,2.2773556210468655,2.896704603264006,2486.0627820295535,2.981599163488679,3365.068585013352
sampling_proportion,0.22612612612612612,denseweight,2.272031877540997,2.9237671695437695,2532.5988153689455,2.9864765487849074,3373.853191039497
sampling_proportion,0.22752752752752753,relevance,2.25790069644682,2.8734044851431086,2446.3058353655633,2.9595195700505186,3301.6439427392656
sampling_proportion,0.22752752752752753,denseweight,2.2547118153063974,2.8728038499250155,2445.136750038762,2.9344159025985728,3263.974426958002
sampling_proportion,0.22892892892892894,relevance,2.2665051549262167,2.930978498551661,2545.5961418961992,3.0116566314033046,3383.5418290822845
sampling_proportion,0.22892892892892894,denseweight,2.2628210102188877,2.896884075723898,2486.285861167265,2.9550848895866175,3308.7277397019825
sampling_proportion,0.23033033033033032,relevance,2.2389037344548752,2.8679256161821467,2437.0952041440664,2.940837214432083,3255.820105397003
sampling_proportion,0.23033033033033032,denseweight,2.2705172056895564,2.8757577365726,2450.2848781244516,2.945728387843112,3318.6136130229934
sampling_proportion,0.23173173173173173,relevance,2.2680303362179646,2.8950638582222075,2483.2623069348065,2.971761680022313,3327.4813682666113
sampling_proportion,0.23173173173173173,denseweight,2.26258537442779,2.9171444654336884,2521.243854640053,2.9591365389906295,3333.233483574839
sampling_proportion,0.23313313313313314,relevance,2.2774596489175525,2.908819513228224,2506.920873850097,2.9903938384942252,3376.4651192511246
sampling_proportion,0.23313313313313314,denseweight,2.265058059330175,2.887894990370237,2471.0233049685808,2.9612363922423732,3339.2327647915104
sampling_proportion,0.23453453453453452,relevance,2.223938215308222,2.830896620061706,2374.5591636887248,2.9155229076252787,3198.7208476418177
sampling_proportion,0.23453453453453452,denseweight,2.2912334510956955,2.9407149358412594,2562.54585061417,3.0047823551732273,3428.819920554277
sampling_proportion,0.23593593593593593,relevance,2.251090207656844,2.8670926853698355,2435.615496242006,2.9558835797880816,3310.8858597605963
sampling_proportion,0.23593593593593593,denseweight,2.2678840941539575,2.89822370994717,2488.8659295450543,2.952176861101769,3321.519855081244
sampling_proportion,0.23733733733733733,relevance,2.263126459917255,2.892307512629586,2478.4401836949164,2.969722416765364,3321.5297313765955
sampling_proportion,0.23733733733733733,denseweight,2.259728192728947,2.885834013702274,2467.7794702715087,2.9560138686946993,3309.7446231365825
sampling_proportion,0.23873873873873874,relevance,2.290964331988808,2.9249408650399458,2534.693239771349,3.006261006641866,3393.0442363493303
sampling_proportion,0.23873873873873874,denseweight,2.2806497983594385,2.8993274477922406,2490.6192714117874,2.9747478855200407,3373.271218845457
sampling_proportion,0.24014014014014012,relevance,2.2468322724482,2.8661661620936734,2434.2156852402495,2.9427925791691973,3251.7041977629765
sampling_proportion,0.24014014014014012,denseweight,2.259058768024191,2.8670453765751733,2435.3273850219834,2.9432905495557753,3282.803606664763
sampling_proportion,0.24154154154154153,relevance,2.256396977085863,2.884665361482672,2465.385363115273,2.9674737979226506,3320.0745541594633
sampling_proportion,0.24154154154154153,denseweight,2.2786446408812746,2.904800305202778,2499.9612457057665,2.976733133232644,3363.7211790602396
sampling_proportion,0.24294294294294294,relevance,2.2896071234271966,2.9535318864470583,2584.769347457558,3.027549484706104,3437.0481088670335
sampling_proportion,0.24294294294294294,denseweight,2.307395201407309,2.929094805455327,2541.934310795063,2.9994335763700715,3427.2562744188767
sampling_proportion,0.24434434434434435,relevance,2.2825834384334676,2.9437225862356993,2567.42976522064,3.0186186550768417,3416.0644619514783
sampling_proportion,0.24434434434434435,denseweight,2.291724317216572,2.9418576566990615,2564.0977028770976,3.0063691708954026,3432.2595313303664
sampling_proportion,0.24574574574574573,relevance,2.2353750045369862,2.82464584634764,2364.0793842472126,2.9161613759263183,3215.190784497303
sampling_proportion,0.24574574574574573,denseweight,2.27027025663636,2.8991551241486846,2490.168930644317,2.9732616746494007,3371.3491663381465
sampling_proportion,0.24714714714714714,relevance,2.245433135135682,2.876279900452547,2450.854982871577,2.9603855922917903,3296.191953679316
sampling_proportion,0.24714714714714714,denseweight,2.28880144826765,2.922545350526454,2530.9908538730574,2.980376716840181,3402.347089918171
sampling_proportion,0.24854854854854855,relevance,2.2505437242366897,2.8963744646850906,2485.4662552674545,2.9675373443282362,3287.295971975761
sampling_proportion,0.24854854854854855,denseweight,2.257446916953497,2.890140902199807,2474.749551104094,2.9542970978661534,3311.003587636681
sampling_proportion,0.24994994994994996,relevance,2.268678875010193,2.912108892683733,2512.633653235412,3.001542094985071,3371.6324754898774
sampling_proportion,0.24994994994994996,denseweight,2.2766348888246974,2.896186734008321,2485.336316394303,2.961566161891585,3333.833072201754
sampling_proportion,0.25135135135135134,relevance,2.254057581335771,2.921392713605901,2528.530823874188,2.9973219465184737,3352.6516398656468
sampling_proportion,0.25135135135135134,denseweight,2.2805650945612452,2.9208611075796216,2527.540802688291,2.979805818431266,3373.4804676534154
sampling_proportion,0.2527527527527528,relevance,2.2190426572167476,2.8479638670556975,2403.1239148763516,2.925563730392256,3220.290219710106
sampling_proportion,0.2527527527527528,denseweight,2.267734126120083,2.9022731579771226,2495.8595986466157,2.9689369022958614,3350.3074210929894
sampling_proportion,0.25415415415415415,relevance,2.2658745667587064,2.9069656544869282,2503.7042670358296,2.9829026517418975,3348.0285246017875
sampling_proportion,0.25415415415415415,denseweight,2.277810413269226,2.9223194673828057,2530.328447415216,2.984642667888893,3386.214419218847
sampling_proportion,0.25555555555555554,relevance,2.2774091596820507,2.895969509045703,2484.7273424849172,2.9799010245342217,3361.5920873500163
sampling_proportion,0.25555555555555554,denseweight,2.2639881243771423,2.8853925545448798,2466.5558359635606,2.9526332969776314,3297.707287045686
sampling_proportion,0.256956956956957,relevance,2.267779886343058,2.858407416521874,2420.923338359019,2.9519103607554227,3318.573949684433
sampling_proportion,0.256956956956957,denseweight,2.305442688254057,2.9533778913293203,2584.559807018739,3.006568569431364,3437.092852475231
sampling_proportion,0.25835835835835835,relevance,2.2674314232923405,2.895149714185522,2483.5175339988236,2.977184678913329,3341.8225988961813
sampling_proportion,0.25835835835835835,denseweight,2.2787380410593263,2.895256056459689,2483.2032146560323,2.963439686503685,3334.5842545271316
sampling_proportion,0.25975975975975973,relevance,2.2450840204716282,2.9212401687993554,2528.38669471327,2.9872465640853827,3328.6884178864852
sampling_proportion,0.25975975975975973,denseweight,2.2819774138022653,2.918248464326011,2523.139359413184,2.978125246718188,3363.2205836743087
sampling_proportion,0.26116116116116117,relevance,2.265941841521322,2.887023040783573,2469.548731814844,2.9695284647645503,3321.9825324923563
sampling_proportion,0.26116116116116117,denseweight,2.2805836102969117,2.933618039839652,2549.8603872731937,3.0006411046273396,3395.220433422262
sampling_proportion,0.26256256256256255,relevance,2.281197117097716,2.896158490408306,2485.2303856703656,2.9848230154295123,3370.251256119205
sampling_proportion,0.26256256256256255,denseweight,2.281991879742104,2.9057236696862043,2501.224198014934,2.9723357650528244,3349.3774945149567
sampling_proportion,0.26396396396396393,relevance,2.251718085840397,2.8846155848198585,2465.5215398779765,2.9565254765257842,3286.610218443271
sampling_proportion,0.26396396396396393,denseweight,2.295931054578064,2.9408938538157714,2562.6092674269435,3.007087270922079,3441.745816293209
sampling_proportion,0.26536536536536537,relevance,2.268049285293891,2.9006026322242002,2492.6387781065177,2.987076998174986,3345.196449701944
sampling_proportion,0.26536536536536537,denseweight,2.278935819296412,2.91380888737851,2515.4625667101877,2.981740094075716,3347.6574112234675
sampling_proportion,0.26676676676676675,relevance,2.257043172827629,2.8681205889935923,2437.1345924335005,2.9411051066982368,3261.491204477144
sampling_proportion,0.26676676676676675,denseweight,2.2616451721635102,2.8908463523530457,2476.0539100521787,2.9551412219932076,3303.684948175378
sampling_proportion,0.26816816816816813,relevance,2.281271369760205,2.9024763875209834,2495.7311884436076,2.989370959490254,3371.4421248059407
sampling_proportion,0.26816816816816813,denseweight,2.2787486697789268,2.903368790268771,2497.6022207058795,2.9719937841624695,3332.2666304703744
sampling_proportion,0.26956956956956957,relevance,2.255640354702096,2.8943644510805853,2482.355096430371,2.967811712861642,3331.2502672609044
sampling_proportion,0.26956956956956957,denseweight,2.2699969000139983,2.889265817008887,2473.4473793529564,2.950971024057616,3330.513012455588
sampling_proportion,0.270970970970971,relevance,2.277772238811029,2.9206266705784643,2527.4250970767994,2.9981610433461237,3380.1030448692077
sampling_proportion,0.270970970970971,denseweight,2.2645776626624556,2.9101668684029742,2509.5360820252345,2.9725756974837356,3344.0931984512204
sampling_proportion,0.27237237237237233,relevance,2.2697143488237788,2.9059058010199394,2501.995648005001,2.990834910521388,3365.1696465112204
sampling_proportion,0.27237237237237233,denseweight,2.263858197340424,2.9154627403608844,2518.108338282371,2.979657482810333,3355.8755187424385
sampling_proportion,0.27377377377377377,relevance,2.2627741623467807,2.895792468546247,2484.369839755641,2.9848547035186797,3343.3789048095123
sampling_proportion,0.27377377377377377,denseweight,2.287235063702004,2.9174962905276822,2521.9164309679036,2.9865955009136207,3380.329506039313
sampling_proportion,0.2751751751751752,relevance,2.235715056773178,2.890834195571343,2476.1787044266434,2.97024893527161,3313.5000304276464
sampling_proportion,0.2751751751751752,denseweight,2.276087257066589,2.8857857998513694,2467.3536529561293,2.9495189053336723,3326.4805905720104
sampling_proportion,0.2765765765765766,relevance,2.256989937066925,2.888351869721185,2471.9673657401686,2.9687569421018343,3314.4228796534367
sampling_proportion,0.2765765765765766,denseweight,2.282353288461456,2.9145753619659294,2516.9531661227275,2.9813703266175255,3368.561744314247
sampling_proportion,0.27797797797797796,relevance,2.271496801474736,2.9160266306967633,2519.2457341273052,2.9902708057499328,3364.0953235102475
sampling_proportion,0.27797797797797796,denseweight,2.2570095730016915,2.86981807329296,2440.3723643369112,2.9287724535037314,3279.136468667631
sampling_proportion,0.2793793793793794,relevance,2.2629620484036366,2.875247866141224,2449.311253866491,2.9544848694221275,3297.5078743959675
sampling_proportion,0.2793793793793794,denseweight,2.261980081608684,2.8848991201653025,2465.8437314538114,2.965118157288281,3321.6750243465476
sampling_proportion,0.2807807807807808,relevance,2.2694456157080047,2.89851255046939,2489.3219686092475,2.9835012890694563,3353.24956122776
sampling_proportion,0.2807807807807808,denseweight,2.265592643843202,2.89579027460002,2484.36897352849,2.9660202749749107,3331.306097509357
sampling_proportion,0.28218218218218216,relevance,2.257183412929728,2.900452140596248,2492.7914944001054,2.972286204970908,3320.0455265996497
sampling_proportion,0.28218218218218216,denseweight,2.2752449669567176,2.9232682482364667,2531.531912430222,2.985629694826311,3359.437255229738
sampling_proportion,0.2835835835835836,relevance,2.251812702944995,2.8640191345963797,2430.549378607256,2.94765987182441,3275.677977644783
sampling_proportion,0.2835835835835836,denseweight,2.276588028024117,2.897388556803714,2487.415544756502,2.9514465479109737,3331.893856151261
sampling_proportion,0.284984984984985,relevance,2.2527998059468253,2.885788138425792,2467.175843511675,2.963003432974876,3293.187450334612
sampling_proportion,0.284984984984985,denseweight,2.2911137391981202,2.9363411884827624,2554.7953463598897,2.997708332087402,3423.0681992123586
sampling_proportion,0.28638638638638636,relevance,2.2627389314422133,2.873754199291956,2446.671859745217,2.9527694327896272,3296.7322729102216
sampling_proportion,0.28638638638638636,denseweight,2.277235187840507,2.9179455847886646,2522.7829755602315,2.979287402359304,3392.0393142114312
sampling_proportion,0.2877877877877878,relevance,2.278160920554661,2.900799880259391,2493.13955128741,2.9830895868148875,3345.9517012850242
sampling_proportion,0.2877877877877878,denseweight,2.3193105341679168,2.954897774966845,2586.903662135308,3.0321335949435446,3481.0806698175247
sampling_proportion,0.2891891891891892,relevance,2.277071334917687,2.872466387203565,2444.8511750313955,2.9588086372444935,3333.22555104893
sampling_proportion,0.2891891891891892,denseweight,2.2816265961152933,2.926741207613233,2537.994587932251,2.9892202756735093,3398.1658400916976
sampling_proportion,0.29059059059059056,relevance,2.26497263191691,2.913747669959367,2515.647587824131,2.996103251048108,3357.9893220262643
sampling_proportion,0.29059059059059056,denseweight,2.2679041036555434,2.8760027456751223,2450.722739353397,2.9391236577923494,3287.7697833117695
sampling_proportion,0.291991991991992,relevance,2.2586904260955105,2.8903023980623965,2475.4267507849286,2.9607832791875306,3302.0414586019547
sampling_proportion,0.291991991991992,denseweight,2.276294657999673,2.9177908106849797,2522.3066334721434,2.978646051071463,3374.0907747889373
sampling_proportion,0.2933933933933934,relevance,2.2530919072593263,2.87659276159974,2451.9056155559965,2.961641665712741,3301.3465789362504
sampling_proportion,0.2933933933933934,denseweight,2.2587840515625768,2.876721023732557,2451.684945107969,2.944102512290425,3293.8232609336014
sampling_proportion,0.29479479479479476,relevance,2.2627638731277515,2.8844800814061364,2465.0922088390234,2.9633294130437733,3327.9056073350434
sampling_proportion,0.29479479479479476,denseweight,2.288440291201633,2.898634389530162,2489.1456821853653,2.965120448488039,3350.4816325948955
sampling_proportion,0.2961961961961962,relevance,2.2821902771910123,2.890247421347023,2474.9572124779925,2.9807046077079344,3370.576772566061
sampling_proportion,0.2961961961961962,denseweight,2.29561446361414,2.9287451801781943,2541.359259128179,2.994705288934019,3413.0191494249534
sampling_proportion,0.29759759759759763,relevance,2.2663196427066947,2.9302910731166434,2544.08748247569,3.0076911843876224,3368.5853812300015
sampling_proportion,0.29759759759759763,denseweight,2.2703834682529185,2.8894941346342917,2473.6538146815346,2.9588342502152143,3320.2256892347405
sampling_proportion,0.29899899899899895,relevance,2.2613277793470594,2.912160343462553,2512.9843999725717,2.9879272435119666,3361.573348990689
sampling_proportion,0.29899899899899895,denseweight,2.2736779459584975,2.8797058644508766,2456.6285395180153,2.9477893719714983,3295.6460821225237
sampling_proportion,0.3004004004004004,relevance,2.2698547189104095,2.8733061812082,2446.1041537297388,2.9514563432922527,3316.142235006371
sampling_proportion,0.3004004004004004,denseweight,2.270397804774818,2.9215242688485104,2528.590213048826,2.9798693351650805,3348.3626299063526
sampling_proportion,0.30180180180180183,relevance,2.2728601360200864,2.898491133915763,2489.0489989880707,2.975655833738843,3340.9812605236116
sampling_proportion,0.30180180180180183,denseweight,2.2684533095079082,2.9145319320103904,2516.8982732911973,2.9749215161084237,3360.6119016425932
sampling_proportion,0.30320320320320315,relevance,2.2589055050060827,2.90040381989628,2492.7453584782706,2.977881663464192,3353.447918514577
sampling_proportion,0.30320320320320315,denseweight,2.285716038432969,2.928361268245482,2540.53457922494,2.9920033166932516,3381.754003212809
sampling_proportion,0.3046046046046046,relevance,2.279732272224733,2.9293379372642927,2542.4040427496316,2.993112365121361,3403.192858329103
sampling_proportion,0.3046046046046046,denseweight,2.2929625649359435,2.9011529150914743,2493.5118422181417,2.9653103323208865,3350.019808844643
sampling_proportion,0.306006006006006,relevance,2.2797486712672903,2.878654377057444,2455.2198316129584,2.9682077093473453,3346.4082460665945
sampling_proportion,0.306006006006006,denseweight,2.302248592412337,2.946216629320145,2571.323556768036,3.0115464949122055,3433.536913204747
sampling_proportion,0.3074074074074074,relevance,2.2857249051251327,2.926127693081861,2536.9644670914486,3.001163640200378,3404.103089455292
sampling_proportion,0.3074074074074074,denseweight,2.284963215415271,2.917806964975537,2522.4811605651194,2.973713118742588,3378.6547390102996
sampling_proportion,0.3088088088088088,relevance,2.2601973865803564,2.8820553925753054,2461.1652233049276,2.960126730847988,3307.3907252474382
sampling_proportion,0.3088088088088088,denseweight,2.265908074274665,2.89362914232528,2480.7720595726537,2.963926255595401,3323.081023414174
sampling_proportion,0.3102102102102102,relevance,2.250542832610326,2.866003604434845,2433.7847393486422,2.9512800922880795,3275.993281533504
sampling_proportion,0.3102102102102102,denseweight,2.2670383229819997,2.882087903379976,2460.8238164451172,2.939735817766803,3299.886041523042
sampling_proportion,0.3116116116116116,relevance,2.2770190349983794,2.917447295193595,2521.9157909893775,2.994643866475901,3366.2345287304893
sampling_proportion,0.3116116116116116,denseweight,2.297212916282417,2.9236783814488763,2532.4902771574834,2.9900939227173677,3427.217534087697
sampling_proportion,0.313013013013013,relevance,2.271084236543298,2.8974293319024693,2486.984715184488,2.9767037152361064,3339.4025026421027
sampling_proportion,0.313013013013013,denseweight,2.305066349190208,2.9337283034276114,2549.9926259736035,2.997799266230928,3419.740474042616
sampling_proportion,0.3144144144144144,relevance,2.244556570704933,2.8527358523511706,2411.2661207303245,2.9331712467038726,3240.442903636806
sampling_proportion,0.3144144144144144,denseweight,2.2826970146396213,2.923197605632913,2531.7015604845656,2.986937088817132,3363.902523970559
sampling_proportion,0.3158158158158158,relevance,2.289416095670867,2.8949462069013343,2483.1173250420607,2.9845113955848355,3367.8761290210737
sampling_proportion,0.3158158158158158,denseweight,2.2705276027991625,2.902501841075137,2496.0216823705227,2.969917800165126,3336.550392087143
sampling_proportion,0.3172172172172172,relevance,2.252315016063164,2.88921478440462,2473.350069556105,2.9716009934158203,3312.2212995411664
sampling_proportion,0.3172172172172172,denseweight,2.277925555685932,2.931453532345941,2546.0043768770684,2.9929137339479546,3361.042124686911
sampling_proportion,0.3186186186186186,relevance,2.280244059673327,2.901055461215666,2493.472377768197,3.0023856656660386,3398.7255869032483
sampling_proportion,0.3186186186186186,denseweight,2.291961321436505,2.9177831624874973,2522.410826531554,2.9824068360823555,3372.591843456182
sampling_proportion,0.32002002002002,relevance,2.250139387767802,2.8894646128662345,2474.065915349582,2.9701677067757153,3296.6902510345053
sampling_proportion,0.32002002002002,denseweight,2.2967411061979317,2.9054334237038977,2500.8330602803367,2.977328106645366,3376.725059680102
sampling_proportion,0.3214214214214214,relevance,2.2495602038035023,2.8568034372746873,2418.2755020909754,2.94263692906908,3285.5121259482585
sampling_proportion,0.3214214214214214,denseweight,2.29241938194202,2.927277954576878,2538.6775936482295,2.979219848719857,3401.6499309594656
sampling_proportion,0.3228228228228228,relevance,2.266694859159714,2.8775188930526974,2453.598235290163,2.95656966497202,3318.7930620385846
sampling_proportion,0.3228228228228228,denseweight,2.2747700136479496,2.8794197855853634,2456.2772072825287,2.9392466724647197,3290.537491830875
sampling_proportion,0.32422422422422426,relevance,2.2635673274627575,2.876687808833096,2451.6899815810675,2.967467641196902,3327.590685542908
sampling_proportion,0.32422422422422426,denseweight,2.270504445462118,2.8876017693552787,2470.6708710141797,2.958746975898405,3332.3088578777733
sampling_proportion,0.3256256256256256,relevance,2.2652882708534707,2.887985880878189,2471.3313092634075,2.978483764916806,3338.1229189524565
sampling_proportion,0.3256256256256256,denseweight,2.2813624435620667,2.8904964352849163,2475.4012818132537,2.9626107731199225,3338.61242914617
sampling_proportion,0.327027027027027,relevance,2.2406307482947794,2.8842343965864052,2464.714120086107,2.9654949423760577,3291.505360672935
sampling_proportion,0.327027027027027,denseweight,2.3014573718809848,2.927386980481264,2538.8063472699805,2.992821950207636,3413.5642441842774
sampling_proportion,0.32842842842842845,relevance,2.296867008261914,2.934840955857856,2552.0945509585163,3.008239775588992,3400.790523254072
sampling_proportion,0.32842842842842845,denseweight,2.2941675573100992,2.9017015028243263,2494.376764105906,2.9678020694907876,3361.5884354774307
sampling_proportion,0.3298298298298298,relevance,2.2623287505068106,2.901892043819533,2494.9969501718633,2.9863779157821497,3351.593772536954
sampling_proportion,0.3298298298298298,denseweight,2.2861733834925086,2.8970567564728347,2486.3027087368105,2.9631289913267698,3336.9083570917796
sampling_proportion,0.3312312312312312,relevance,2.26215705963033,2.922024350195039,2529.9174314935644,2.995831250349612,3353.137102144685
sampling_proportion,0.3312312312312312,denseweight,2.2717802799536404,2.8827094329449,2462.018740907474,2.947894009667985,3315.6884486645627
sampling_proportion,0.33263263263263265,relevance,2.261302899577565,2.9052631243650016,2500.819038770991,2.9879437109053733,3346.7235554923523
sampling_proportion,0.33263263263263265,denseweight,2.2826063648678434,2.896280589233886,2485.3133866971475,2.9632510143921804,3357.0868134513516
sampling_proportion,0.33403403403403403,relevance,2.2698266990852973,2.9270133496236013,2538.35956111484,2.9964106108859627,3382.250648805556
sampling_proportion,0.33403403403403403,denseweight,2.2885977706692913,2.8929829653267323,2479.6677381023087,2.9578955545793875,3346.273471776724
sampling_proportion,0.3354354354354354,relevance,2.247052961976184,2.8708168111558687,2441.8411256832906,2.9549514712199274,3279.518321166381
sampling_proportion,0.3354354354354354,denseweight,2.2851005869830128,2.8984643887503916,2488.9446271882703,2.971362884369403,3352.694369968626
sampling_proportion,0.33683683683683685,relevance,2.275788111678639,2.9122575020760424,2513.085610493453,2.9944535403619343,3362.9468548124396
sampling_proportion,0.33683683683683685,denseweight,2.2729972620901826,2.9028966298817163,2496.568260736085,2.9684713044808637,3341.9753994250195
sampling_proportion,0.33823823823823823,relevance,2.293009051837484,2.9341052824284017,2550.5864796350124,3.0100194938098537,3406.2899068810098
sampling_proportion,0.33823823823823823,denseweight,2.301138734299889,2.939198777135171,2559.536536359842,3.003746506394205,3425.486709643855
sampling_proportion,0.3396396396396396,relevance,2.269826208453038,2.9182071312682836,2523.3958738239558,2.984944929057573,3390.0395769328848
sampling_proportion,0.3396396396396396,denseweight,2.2791627980994393,2.9173873033255413,2521.601139848443,2.980797833714493,3360.507295899772
sampling_proportion,0.34104104104104105,relevance,2.271524627242046,2.8854681534537927,2466.53112944242,2.9721739218475576,3336.8905700835007
sampling_proportion,0.34104104104104105,denseweight,2.2918695353131664,2.904411133882112,2499.37612838554,2.9742665674317657,3366.8450342651568
sampling_proportion,0.34244244244244243,relevance,2.256263778810613,2.883320772459891,2463.109227000042,2.961814994322235,3303.7198985306454
sampling_proportion,0.34244244244244243,denseweight,2.2944198314845288,2.927704127472523,2539.3653921472046,2.996699291713085,3410.679745558754
sampling_proportion,0.3438438438438438,relevance,2.246979454646292,2.869432606986971,2439.524014668881,2.958366658789789,3279.638009502905
sampling_proportion,0.3438438438438438,denseweight,2.282775234753829,2.8909418303519123,2476.3759138379673,2.949318478330461,3337.678812800045
sampling_proportion,0.34524524524524525,relevance,2.2624570172053984,2.883675256652011,2463.7245445457015,2.9780555987480173,3344.7726136409615
sampling_proportion,0.34524524524524525,denseweight,2.2687773220737,2.910808215898794,2510.300573237748,2.9755388672925958,3332.7521551730706
sampling_proportion,0.34664664664664663,relevance,2.28492311340874,2.917738163068218,2522.2980784791303,3.008677383674423,3404.9032907634346
sampling_proportion,0.34664664664664663,denseweight,2.2693884790526995,2.902534261062089,2496.365757825778,2.9615247890558525,3321.496672581998
sampling_proportion,0.348048048048048,relevance,2.265249001450185,2.892910687222762,2479.6501926764754,2.9759223647118733,3329.906632247633
sampling_proportion,0.348048048048048,denseweight,2.275383550937038,2.9078399229241634,2505.1904011779416,2.9697384764286094,3351.3054948613317
sampling_proportion,0.34944944944944945,relevance,2.264653299290115,2.912942180581813,2514.39535435352,2.9885431000885214,3351.868510011114
sampling_proportion,0.34944944944944945,denseweight,2.28240278286253,2.923339742200433,2531.9072471438594,2.9818145246597316,3383.5448652076775
sampling_proportion,0.3508508508508509,relevance,2.255105970205484,2.888185480380024,2471.6500718139737,2.9573495743065195,3309.6334968280976
sampling_proportion,0.3508508508508509,denseweight,2.295776803914353,2.9097281889029665,2508.106876963048,2.973707475588001,3365.3024210733856
sampling_proportion,0.3522522522522522,relevance,2.2596889706249192,2.890990330900423,2476.3673866986474,2.9732870365161372,3314.471087053517
sampling_proportion,0.3522522522522522,denseweight,2.2755755413141125,2.910581139059119,2509.9006055686086,2.9831921176001064,3345.8152983758746
sampling_proportion,0.35365365365365364,relevance,2.26947616143638,2.8940770619714202,2481.567976830617,2.9737170996744284,3335.01044268022
sampling_proportion,0.35365365365365364,denseweight,2.2654015489430095,2.888591329736218,2472.0630665883527,2.948541926854455,3307.742343816128
sampling_proportion,0.3550550550550551,relevance,2.2584140488575315,2.884232600146259,2464.6714837809586,2.979143764025813,3346.195383058109
sampling_proportion,0.3550550550550551,denseweight,2.266689846392221,2.881489814350952,2459.892297023217,2.9397911337463984,3301.7038654688554
sampling_proportion,0.3564564564564564,relevance,2.231774648807827,2.8374869069893167,2385.2744878340213,2.9263576721521507,3242.558546301808
sampling_proportion,0.3564564564564564,denseweight,2.2837439875257157,2.922529933239358,2530.636571644743,2.97740835299649,3364.121449989882
sampling_proportion,0.35785785785785784,relevance,2.3033014721557916,2.9675271243917307,2609.263262997076,3.0335705498979304,3493.537965147431
sampling_proportion,0.35785785785785784,denseweight,2.3072590419679972,2.951452766055496,2580.759838484157,3.0142639791387706,3441.1421140061166
sampling_proportion,0.3592592592592593,relevance,2.274647647759854,2.874136647191395,2447.005714105218,2.959911316632294,3317.6922857107397
sampling_proportion,0.3592592592592593,denseweight,2.2676707280134445,2.8884196324870985,2471.964007928091,2.955779284776829,3304.1028982921666
sampling_proportion,0.3606606606606606,relevance,2.234464334980801,2.8566242540768223,2417.86487080282,2.933089826309932,3256.1531702915167
sampling_proportion,0.3606606606606606,denseweight,2.271249505829812,2.8998885547408593,2491.394710254786,2.9617939630128514,3337.1635949947604
sampling_proportion,0.36206206206206204,relevance,2.2617447092448844,2.8729031405821743,2445.3812521757645,2.9600441449460075,3317.16130671194
sampling_proportion,0.36206206206206204,denseweight,2.297475948268318,2.9362000451370722,2554.2482280309405,2.9996174337792114,3422.541551241149
sampling_proportion,0.3634634634634635,relevance,2.264894617432002,2.887899464923204,2470.935604673803,2.9800703845806584,3326.5596332360333
sampling_proportion,0.3634634634634635,denseweight,2.279554365568475,2.9332865651033884,2549.471892766921,2.9907886629558202,3389.385523785983
sampling_proportion,0.3648648648648648,relevance,2.267490576966368,2.9136593733324223,2515.2920741430858,2.9994786281324,3371.170064152903
sampling_proportion,0.3648648648648648,denseweight,2.29041031427942,2.8962811202636454,2485.2392450167035,2.9649206095976535,3335.400456571178
sampling_proportion,0.36626626626626624,relevance,2.2943290063490194,2.8986811344138697,2489.4559003738004,2.989525361759415,3382.0472391314565
sampling_proportion,0.36626626626626624,denseweight,2.2759333889163753,2.901430808158653,2494.0495024588054,2.953138615667532,3334.489341652618
sampling_proportion,0.3676676676676677,relevance,2.27446145729826,2.908932324864796,2506.8846844738223,2.9844404359787156,3349.178627614164
sampling_proportion,0.3676676676676677,denseweight,2.3074084292728463,2.9263816951933332,2537.2688985617983,2.9928683616537834,3431.5447588351817
sampling_proportion,0.369069069069069,relevance,2.260139408714102,2.9231835090763845,2531.77213718754,3.00030481774589,3377.6093734545684
sampling_proportion,0.369069069069069,denseweight,2.2865892530843532,2.9193707909621507,2525.0828020423714,2.9844344986024502,3369.360968358655
sampling_proportion,0.37047047047047044,relevance,2.268150616688868,2.8917154368269262,2477.816098003965,2.972692932081016,3354.2347428328194
sampling_proportion,0.37047047047047044,denseweight,2.268211278815177,2.884996955570209,2465.9320675832982,2.9561563608834898,3327.873262110357
sampling_proportion,0.3718718718718719,relevance,2.260484902849128,2.873890637957447,2446.8460582597827,2.9623967706870045,3317.1452871184865
sampling_proportion,0.3718718718718719,denseweight,2.2855024444473457,2.9162197308292033,2519.6247250052534,2.988551158163161,3380.0895118458993
sampling_proportion,0.3732732732732733,relevance,2.291467979983473,2.87326485110818,2445.9283400207337,2.9674441649737275,3327.573981773312
sampling_proportion,0.3732732732732733,denseweight,2.247061989331047,2.84334162092607,2395.29151759228,2.91555835045,3215.9231543352803
sampling_proportion,0.37467467467467463,relevance,2.2483332411987047,2.869873386578848,2440.186458900332,2.9506136552350877,3265.4632532203095
sampling_proportion,0.37467467467467463,denseweight,2.289291721915179,2.9184200771826334,2523.3171821642322,2.9922140957134125,3377.5411528940595
sampling_proportion,0.37607607607607607,relevance,2.264683504611301,2.9007363808905384,2493.025085616514,2.9811707366061078,3335.92301441583
sampling_proportion,0.37607607607607607,denseweight,2.2850416778691267,2.9212373698671237,2528.6673436225637,2.9847887194834253,3384.7453959396066
sampling_proportion,0.3774774774774775,relevance,2.268701904601927,2.9091980809527045,2507.6237236247957,2.992815047796802,3364.2415756987284
sampling_proportion,0.3774774774774775,denseweight,2.282395712475508,2.9106309945799467,2509.9380419594063,2.9676461330217405,3353.319472615767
sampling_proportion,0.37887887887887883,relevance,2.2786010935061753,2.9224779001861574,2530.460118979532,3.0042375854282635,3365.0521575096836
sampling_proportion,0.37887887887887883,denseweight,2.2821867368029713,2.9144013725368527,2516.334614919095,2.9857373292243685,3387.140884772328
sampling_proportion,0.38028028028028027,relevance,2.2612626587587172,2.886673885773266,2468.955556296745,2.951687713988504,3326.8605800730606
sampling_proportion,0.38028028028028027,denseweight,2.273594121486331,2.8873609480014233,2469.8538104102827,2.9447301259100653,3310.7461385620304
sampling_proportion,0.3816816816816817,relevance,2.2812259936202666,2.9143048125683255,2516.528560330696,2.9975704799154306,3388.782666808229
sampling_proportion,0.3816816816816817,denseweight,2.3000202763211663,2.9421410369915626,2564.43588638229,3.003159455733886,3424.0792579395825
sampling_proportion,0.38308308308308303,relevance,2.2560626947108275,2.8833044891375197,2463.1178134879806,2.964970417734398,3320.622316247392
sampling_proportion,0.38308308308308303,denseweight,2.2959783473866637,2.9286518586363974,2540.9024959543813,3.0018747194005067,3395.7180222377647
sampling_proportion,0.38448448448448447,relevance,2.251302188165849,2.872154424305099,2444.2161299812565,2.9548433965488496,3287.6352208775206
sampling_proportion,0.38448448448448447,denseweight,2.273526609189406,2.9286797441696275,2541.297928229396,2.9839974406935883,3363.1264066634626
sampling_proportion,0.3858858858858859,relevance,2.2590292860104,2.885879099922067,2467.7813500568413,2.962923756821319,3305.7924524071564
sampling_proportion,0.3858858858858859,denseweight,2.287539499856902,2.9215839176779337,2528.9074517135477,2.9815136772463067,3366.7635350248056
sampling_proportion,0.38728728728728723,relevance,2.2665802638646713,2.8570677977937105,2418.611959596274,2.9461121721134753,3286.1455113987495
sampling_proportion,0.38728728728728723,denseweight,2.290766212837359,2.9059124633438946,2501.5994679310347,2.9768079069564197,3356.5136723508303
sampling_proportion,0.38868868868868867,relevance,2.257310370642012,2.875260799951635,2449.1832238736906,2.965938834259358,3305.7631174878675
sampling_proportion,0.38868868868868867,denseweight,2.2923886443446824,2.932063176579637,2547.032467216369,3.0034023223412074,3394.862144373759
sampling_proportion,0.3900900900900901,relevance,2.26050316743543,2.87100492698507,2442.348436867586,2.955482103648692,3314.4938585642444
sampling_proportion,0.3900900900900901,denseweight,2.294502450374123,2.9365251960081467,2554.571001987065,2.9907743619341867,3393.53196508427
sampling_proportion,0.39149149149149143,relevance,2.2842399627356533,2.921937143872813,2529.400150743813,2.9980479647333915,3384.855085750675
sampling_proportion,0.39149149149149143,denseweight,2.289736934171564,2.9136792518417676,2515.1256108595903,2.9898640225822604,3405.0358358837666
sampling_proportion,0.39289289289289286,relevance,2.2382339737226644,2.856469399463446,2417.724106557912,2.9347244379533985,3227.4953824748463
sampling_proportion,0.39289289289289286,denseweight,2.3020772967850305,2.9655127869215208,2605.824518038826,3.026268219945977,3480.2070638393106
sampling_proportion,0.3942942942942943,relevance,2.2557803301191393,2.881714782447404,2460.0452493381167,2.962373528611936,3310.8913602807775
sampling_proportion,0.3942942942942943,denseweight,2.2818851844496275,2.9141450357305376,2516.15119024026,2.967635874746534,3343.2219011676507
sampling_proportion,0.3956956956956956,relevance,2.2824898069498087,2.9213541500265006,2528.4972668085347,3.0078730856664317,3399.24090901882
sampling_proportion,0.3956956956956956,denseweight,2.2750668069120206,2.9264046257821836,2537.028460975813,2.983301686407112,3377.7760204891206
sampling_proportion,0.39709709709709706,relevance,2.2513930518563234,2.8768540347458336,2452.532909551714,2.9568260982143237,3292.266025482151
sampling_proportion,0.39709709709709706,denseweight,2.2908059840652784,2.923676770323087,2532.360434299469,2.9843185858615073,3385.8203699688193
sampling_proportion,0.3984984984984985,relevance,2.252224673410172,2.893097658665793,2480.15190926155,2.9745334104934913,3305.4257325235694
sampling_proportion,0.3984984984984985,denseweight,2.294782809819078,2.932232827559105,2547.138715582377,3.0004569590713537,3417.4330559155705
sampling_proportion,0.39989989989989994,relevance,2.280637186020646,2.893672553379216,2480.899851772642,2.987000489498978,3384.2436387541507
sampling_proportion,0.39989989989989994,denseweight,2.283921036183753,2.893820446778446,2481.0008228267193,2.9628480469240506,3332.2997426674465
sampling_proportion,0.40130130130130126,relevance,2.2630960567724046,2.879261057529232,2456.3154578769654,2.9671542736162877,3328.7883103025206
sampling_proportion,0.40130130130130126,denseweight,2.2911240133085027,2.9401209560351793,2561.284305762765,3.002282130430388,3431.583268612818
sampling_proportion,0.4027027027027027,relevance,2.2683524671169715,2.919141905726978,2524.8205409255147,3.0012011319533323,3384.104117523208
sampling_proportion,0.4027027027027027,denseweight,2.2689326417387887,2.8849586443292576,2465.704729012418,2.950839874947254,3305.732498481546
sampling_proportion,0.40410410410410413,relevance,2.282352063023878,2.8908186383623975,2475.9873722351804,2.9758297781916823,3362.8587050525384
sampling_proportion,0.40410410410410413,denseweight,2.2873039655731615,2.917421140845979,2521.8178258162443,2.9771811790064704,3390.162887616725
sampling_proportion,0.40550550550550546,relevance,2.271006681038425,2.9036031248697456,2498.0805045891166,2.983044955349436,3335.491096385566
sampling_proportion,0.40550550550550546,denseweight,2.2960485612545183,2.911441037257836,2511.1524379349316,2.9815608830997933,3374.9782724786946
sampling_proportion,0.4069069069069069,relevance,2.2595133727024668,2.879436261895858,2456.2184651612683,2.9684728281801993,3324.74182869729
sampling_proportion,0.4069069069069069,denseweight,2.290498460234129,2.9330805832391276,2548.8213758356346,2.9879915690051537,3404.7532616252934
sampling_proportion,0.40830830830830833,relevance,2.278497603126912,2.9419151899840075,2564.225607882616,3.0195034279360837,3412.7018983675857
sampling_proportion,0.40830830830830833,denseweight,2.289249116278347,2.9295780197961454,2542.9744135774436,2.98552589714441,3419.4578476923107
sampling_proportion,0.40970970970970966,relevance,2.2849018684512155,2.9109583144237767,2510.6813834071318,2.9924582180288617,3376.5895278844355
sampling_proportion,0.40970970970970966,denseweight,2.3202593639040576,2.9498427414374775,2577.8470545159494,3.008904981460491,3478.311867423895
sampling_proportion,0.4111111111111111,relevance,2.265632926481511,2.908555383261881,2506.672544284918,2.9891389245095357,3356.626325680361
sampling_proportion,0.4111111111111111,denseweight,2.2781027097401885,2.900738373698628,2493.0455607493923,2.966603571273192,3358.5476339871743
sampling_proportion,0.41251251251251253,relevance,2.258476384657692,2.8962433133046774,2485.130646104783,2.9734761639373364,3326.638176244525
sampling_proportion,0.41251251251251253,denseweight,2.3021336035172575,2.942145949522358,2564.4803323028386,3.007809447092304,3439.6039375819464
sampling_proportion,0.41391391391391386,relevance,2.280201759593747,2.888345077894994,2471.7193729918213,2.9783836935706,3369.5577581843595
sampling_proportion,0.41391391391391386,denseweight,2.287485287122865,2.918762098720615,2524.045414711229,2.98373610718926,3379.522551252175
sampling_proportion,0.4153153153153153,relevance,2.259957346092631,2.8762838786087617,2451.3506271999386,2.9568229509908006,3301.4720967721883
sampling_proportion,0.4153153153153153,denseweight,2.2895569972841923,2.94025663099577,2561.385580721904,2.994379624943284,3397.9257911408317
sampling_proportion,0.41671671671671673,relevance,2.289985495749064,2.912428096538716,2513.258582876363,2.9937999390322494,3388.3023803380793
sampling_proportion,0.41671671671671673,denseweight,2.2792593819916735,2.933883251780318,2550.3485917959997,2.9874291045853583,3390.2790151232903
sampling_proportion,0.41811811811811805,relevance,2.3013313292923785,2.899141509528782,2489.7909225787425,2.9922504091112456,3413.9366008452334
sampling_proportion,0.41811811811811805,denseweight,2.2982068502506596,2.922707708957971,2530.7628384656323,2.988405633094738,3404.4961522372723
sampling_proportion,0.4195195195195195,relevance,2.280335736293375,2.9102929739483185,2509.411789379101,2.991209486960604,3358.123519887674
sampling_proportion,0.4195195195195195,denseweight,2.310951733433725,2.9072687912735766,2504.0031312330716,2.965924593502875,3376.5292881774467
sampling_proportion,0.4209209209209209,relevance,2.274877088872979,2.9124633103414443,2513.1366150868657,2.9995714560532667,3381.2080305023583
sampling_proportion,0.4209209209209209,denseweight,2.288112664892695,2.926127843807192,2536.582701788807,2.987011059741967,3377.0364410747693
sampling_proportion,0.42232232232232225,relevance,2.260864886431579,2.9255723818003085,2535.927469644992,2.9993607476088253,3361.5445505594294
sampling_proportion,0.42232232232232225,denseweight,2.2850714182300806,2.9002199676003477,2492.077214455268,2.9659957549638025,3340.6841219041926
sampling_proportion,0.4237237237237237,relevance,2.268101600612508,2.888829739743609,2472.5141491707445,2.9652588121854193,3312.3391223751782
sampling_proportion,0.4237237237237237,denseweight,2.2737104143573945,2.8932774593254114,2480.19565324838,2.959339933612953,3331.425519823891
sampling_proportion,0.4251251251251251,relevance,2.2259124068072587,2.8509046841953625,2408.129793570826,2.9274343726967063,3214.921057791549
sampling_proportion,0.4251251251251251,denseweight,2.295658271078336,2.9223046151112144,2530.0387931174796,2.9917785312474483,3408.2083930656236
sampling_proportion,0.42652652652652656,relevance,2.2619027710584003,2.893416628593085,2480.429564023521,2.970530016192393,3347.5466144192055
sampling_proportion,0.42652652652652656,denseweight,2.3021249968986037,2.9325097603693626,2547.5689092638518,2.9905773879685382,3418.96197589375
sampling_proportion,0.4279279279279279,relevance,2.257530103304879,2.872705028845974,2445.021842787716,2.9547959234424823,3289.874843652032
sampling_proportion,0.4279279279279279,denseweight,2.2887692146459924,2.943535687582674,2566.917004959988,2.997652974372412,3421.1446948832804
sampling_proportion,0.4293293293293293,relevance,2.278241414321404,2.927614944021746,2539.5853313783014,3.0130200145198116,3409.9223968959
sampling_proportion,0.4293293293293293,denseweight,2.2836158162099953,2.912468722949857,2513.2025051640762,2.9772008454262577,3387.092809387281
sampling_proportion,0.43073073073073076,relevance,2.2906490488203652,2.894817304883702,2482.8780140347226,2.9806683426250284,3349.7286917105803
sampling_proportion,0.43073073073073076,denseweight,2.279922876651332,2.9241311523139353,2533.1392034422843,2.973744824220154,3364.002820122909
sampling_proportion,0.4321321321321321,relevance,2.2602830024210134,2.869186329387572,2438.880279988554,2.9614304398205538,3315.3300938276893
sampling_proportion,0.4321321321321321,denseweight,2.2934847623408396,2.9430785578626435,2566.047429688792,3.0045792471449757,3417.8541983942823
sampling_proportion,0.4335335335335335,relevance,2.291023283158281,2.901966137636383,2494.841367244297,2.9926899975500323,3396.174576982035
sampling_proportion,0.4335335335335335,denseweight,2.2790617273130462,2.9102090680991926,2509.2141508104764,2.973779076079222,3357.66613951037
sampling_proportion,0.43493493493493496,relevance,2.2879977083589242,2.8897131306846475,2474.0699325148084,2.9785760918147517,3362.8683382757026
sampling_proportion,0.43493493493493496,denseweight,2.2791737004499835,2.9216432395816905,2528.9549881032035,2.9803193585943815,3379.389342800118
sampling_proportion,0.4363363363363363,relevance,2.266826133722085,2.921991216744616,2529.2514367819367,3.003584642253702,3364.8251384408372
sampling_proportion,0.4363363363363363,denseweight,2.2915264084075817,2.9244958785900224,2533.8985642882467,2.9936108703059197,3402.475158888941
sampling_proportion,0.4377377377377377,relevance,2.245870977969089,2.9088897084285743,2506.9688750262158,2.9880255161706057,3340.2936655585772
sampling_proportion,0.4377377377377377,denseweight,2.2989210893514973,2.9419510563848736,2564.3771858983446,2.9985519273851873,3438.5042045550917
sampling_proportion,0.43913913913913916,relevance,2.258983721705121,2.8778697327771092,2454.104440614395,2.961881602413018,3319.995024278535
sampling_proportion,0.43913913913913916,denseweight,2.26793140676256,2.8895236095686987,2473.6017290331497,2.946898773981799,3307.1547023041503
sampling_proportion,0.4405405405405405,relevance,2.2946715236882316,2.918358624918804,2523.4104721953954,3.0090010369194955,3400.801640069894
sampling_proportion,0.4405405405405405,denseweight,2.304321902229495,2.9333495290973532,2549.0332646679676,2.9911652646866846,3422.5437322683624
sampling_proportion,0.4419419419419419,relevance,2.2683735259433653,2.914055149779506,2516.335305869203,2.9941355691854263,3389.692801050835
sampling_proportion,0.4419419419419419,denseweight,2.322350836900126,2.964698927213223,2604.2253181775627,3.029401687671773,3519.677258993906
sampling_proportion,0.44334334334334335,relevance,2.254194151900582,2.875112406629727,2449.301409337137,2.968276581867325,3323.9434883393183
sampling_proportion,0.44334334334334335,denseweight,2.287233639213025,2.9264058044212646,2537.0940021906713,2.9893511792392315,3393.91949574084
sampling_proportion,0.4447447447447447,relevance,2.2656054171069475,2.873101905414674,2445.665928061563,2.9670676333517796,3320.054288880025
sampling_proportion,0.4447447447447447,denseweight,2.300252718316231,2.9254321789568887,2535.1977569453015,2.993194827251693,3411.2796610042105
sampling_proportion,0.4461461461461461,relevance,2.264317241829684,2.879296643131594,2456.590267665724,2.960725851016446,3318.0757549015734
sampling_proportion,0.4461461461461461,denseweight,2.3004145263817293,2.9207629903991736,2527.1332607811923,2.984948730386847,3389.0680325067874
sampling_proportion,0.44754754754754755,relevance,2.3003677625227734,2.9508219418446324,2579.8282921720065,3.0337000249671453,3442.9146888087785
sampling_proportion,0.44754754754754755,denseweight,2.3025956832254093,2.9327557935396955,2548.1746757152587,2.9892691711803145,3425.891583814071
sampling_proportion,0.4489489489489489,relevance,2.2966261060841315,2.9440518972066707,2567.8100168838305,3.0235622394010147,3436.7695892226557
sampling_proportion,0.4489489489489489,denseweight,2.2785077890320435,2.9110973898365318,2510.812724298186,2.976536268274544,3361.016616014027
sampling_proportion,0.4503503503503503,relevance,2.300721251121172,2.917708902550923,2522.461785196834,3.002356632199246,3415.890197665397
sampling_proportion,0.4503503503503503,denseweight,2.295945384296751,2.929837180699749,2543.197854241601,2.9765182975472952,3389.3874060707185
sampling_proportion,0.45175175175175175,relevance,2.260750994073046,2.9022738887191606,2495.5323635418154,2.981457412570195,3326.9440004404623
sampling_proportion,0.45175175175175175,denseweight,2.3038308497553945,2.936667586826923,2555.0437194016654,2.9913697295902733,3412.5568964193617
sampling_proportion,0.4531531531531532,relevance,2.2349838106995774,2.862407129248821,2427.5894989134276,2.9419797214489853,3264.3050441076216
sampling_proportion,0.4531531531531532,denseweight,2.2747163074110035,2.893100687348051,2479.3950099914973,2.952454984086974,3302.4300491632353
sampling_proportion,0.4545545545545545,relevance,2.2647167237742147,2.9373632976181128,2556.220556002086,3.0175901794955977,3396.4281141635956
sampling_proportion,0.4545545545545545,denseweight,2.3037460691829006,2.946018990997846,2571.2293434195876,3.0033541000183415,3426.5525081930855
sampling_proportion,0.45595595595595595,relevance,2.2612270720880607,2.902961142519226,2496.810685757091,2.97520767849643,3314.378576564739
sampling_proportion,0.45595595595595595,denseweight,2.296028963657001,2.9189547422534377,2524.266370331,2.9808475018401346,3386.6512700208505
sampling_proportion,0.4573573573573574,relevance,2.302727561229712,2.9303822117062617,2544.333525573272,3.0173837539102415,3439.6498900424626
sampling_proportion,0.4573573573573574,denseweight,2.3279734806328953,2.9379492658791997,2557.4752263809555,3.0047899390623893,3466.4639690289323
sampling_proportion,0.4587587587587587,relevance,2.2487164751360567,2.8882872186354454,2471.4631006833947,2.97420996532705,3317.56439226395
sampling_proportion,0.4587587587587587,denseweight,2.257781326501897,2.873530075964497,2446.098544912104,2.939969474732168,3271.0398938225558
sampling_proportion,0.46016016016016015,relevance,2.267498483563352,2.893030478804385,2479.9287017661477,2.9689576610605206,3322.6826506336083
sampling_proportion,0.46016016016016015,denseweight,2.296963608654539,2.9303310235681286,2543.869782408863,2.985302084450095,3385.466323293684
sampling_proportion,0.4615615615615616,relevance,2.276202181698778,2.8999740441229127,2491.870706725067,2.9854013646502895,3367.3855148389684
sampling_proportion,0.4615615615615616,denseweight,2.306348483762185,2.945362382009428,2569.9903189808697,2.9981641668666468,3428.258613830086
sampling_proportion,0.4629629629629629,relevance,2.270632965417009,2.8833442475981297,2463.0653679770785,2.980957639816252,3360.300594850962
sampling_proportion,0.4629629629629629,denseweight,2.292461697220679,2.9193888252523337,2524.915107660464,2.9820088180361712,3381.189127361135
sampling_proportion,0.46436436436436435,relevance,2.2773634682068367,2.8865240161951564,2468.6786748192417,2.9751332402603827,3354.394187044866
sampling_proportion,0.46436436436436435,denseweight,2.2952803998546294,2.946422602935968,2571.978439834655,3.000573237346071,3402.1506113312225
sampling_proportion,0.4657657657657658,relevance,2.275254173454332,2.9078164955833854,2505.2353491054314,2.9943116142835073,3373.6408979850603
sampling_proportion,0.4657657657657658,denseweight,2.318470048409922,2.9637036695212484,2602.3876472238426,3.0260374578684033,3487.4088118767413
sampling_proportion,0.4671671671671671,relevance,2.2479569069254723,2.8940733250199306,2481.294983290562,2.9773829248121615,3326.359229578004
sampling_proportion,0.4671671671671671,denseweight,2.286250703912154,2.898147660069407,2488.4401172547928,2.954760314015141,3346.2731224814197
sampling_proportion,0.46856856856856854,relevance,2.2799788904186755,2.905545304430247,2501.2008971224654,3.0003114496503915,3380.6886767141586
sampling_proportion,0.46856856856856854,denseweight,2.288462528829651,2.9044062170382756,2498.9291582990045,2.958970341349914,3336.9960635897596
sampling_proportion,0.46996996996997,relevance,2.2746731112356593,2.907465229188987,2504.790499423835,2.988036817387381,3407.223814024519
sampling_proportion,0.46996996996997,denseweight,2.3217836057970938,2.94003886160238,2560.641298360254,3.0102202907125433,3456.2381044108292
sampling_proportion,0.4713713713713713,relevance,2.2810876373573206,2.919151359351717,2524.717788757073,2.999014535328127,3398.7696125072202
sampling_proportion,0.4713713713713713,denseweight,2.262280569660852,2.8786453372022764,2455.023660703379,2.949152360819308,3315.584455166346
sampling_proportion,0.47277277277277274,relevance,2.2730311063291246,2.885394237883155,2466.5195294712425,2.97489899233398,3327.919749710166
sampling_proportion,0.47277277277277274,denseweight,2.269263736702862,2.9014600607346077,2494.086930006622,2.969572147458403,3339.989878229488
sampling_proportion,0.4741741741741742,relevance,2.27106737513432,2.8997299500753964,2491.3077462535553,2.982057555749781,3335.8088792771673
sampling_proportion,0.4741741741741742,denseweight,2.3122343056435217,2.9180997699216746,2522.5384773935934,2.9877463373285305,3432.388182018204
sampling_proportion,0.4755755755755755,relevance,2.2294835003054647,2.8447281389567998,2397.7627703608496,2.923070914643535,3235.3531634939645
sampling_proportion,0.4755755755755755,denseweight,2.2991300114590754,2.936846178668205,2555.1290507034023,3.0053269111506724,3429.2112475950157
sampling_proportion,0.47697697697697694,relevance,2.254568874854317,2.8833285649250175,2463.437834313213,2.966728950525056,3296.860039373581
sampling_proportion,0.47697697697697694,denseweight,2.3098961430143885,2.969908606415477,2613.129965465224,3.02940207247764,3486.731995210824
sampling_proportion,0.4783783783783784,relevance,2.2922145854154694,2.911816189271908,2511.733355103165,3.0019733302551552,3430.2006356328975
sampling_proportion,0.4783783783783784,denseweight,2.3033544448058025,2.9256284955934873,2535.795301509978,2.993579443299862,3434.5094382699726
sampling_proportion,0.4797797797797798,relevance,2.255413832060718,2.9028895429915313,2496.949387037446,2.9949543468053235,3342.6705774391885
sampling_proportion,0.4797797797797798,denseweight,2.301750387106566,2.9162283586640125,2519.5598675609426,2.98027511207762,3418.6852341147633
sampling_proportion,0.48118118118118114,relevance,2.248936836111488,2.860341369556196,2424.1994969824154,2.9449559971647874,3293.9775849925704
sampling_proportion,0.48118118118118114,denseweight,2.2883342078635764,2.9380447459906573,2557.418637779684,2.9920574236223074,3416.6304599810023
sampling_proportion,0.4825825825825826,relevance,2.295324736138928,2.884410925735861,2464.598765565083,2.9807426313644343,3398.622723575341
sampling_proportion,0.4825825825825826,denseweight,2.2704610079855603,2.898523403283275,2489.0414084903537,2.9666182002098513,3332.1103982561076
sampling_proportion,0.483983983983984,relevance,2.2639982759979222,2.85737462433223,2418.585224228909,2.944112135661573,3298.86484933727
sampling_proportion,0.483983983983984,denseweight,2.2882453576396444,2.93331279877286,2549.311401515314,2.9953423409591107,3405.327532941506
sampling_proportion,0.48538538538538534,relevance,2.290461536991919,2.903890800414972,2498.0904335516047,2.9932697645616826,3380.242144709628
sampling_proportion,0.48538538538538534,denseweight,2.302658038771966,2.9322497974082435,2547.4133559210236,3.001827133477485,3421.6738512724028
sampling_proportion,0.4867867867867868,relevance,2.239338296865042,2.8442578533019955,2396.6256108343932,2.927158854938549,3244.8216709900826
sampling_proportion,0.4867867867867868,denseweight,2.2839700264233787,2.9051814377625162,2500.1585479362057,2.9685237340799717,3361.834229084065
sampling_proportion,0.4881881881881882,relevance,2.233767525607278,2.873046838526836,2446.0207104098636,2.955411948035176,3286.5398694309692
sampling_proportion,0.4881881881881882,denseweight,2.30568200224929,2.92736977715431,2538.8770921746213,2.98704764704528,3400.1973010258703
sampling_proportion,0.48958958958958954,relevance,2.292534480663225,2.922722759483647,2531.093261819642,3.0104509815099787,3417.1560718858123
sampling_proportion,0.48958958958958954,denseweight,2.2580172984561733,2.883286851855154,2463.099336478304,2.9405804106127036,3288.8840117763616
sampling_proportion,0.49099099099099097,relevance,2.2685381504548383,2.8765344790935514,2451.630251027503,2.9617177727406148,3315.5600137911547
sampling_proportion,0.49099099099099097,denseweight,2.294312854052464,2.928293777604668,2540.5162255317377,2.9984597095500716,3405.5242904899565
sampling_proportion,0.4923923923923924,relevance,2.266517177413227,2.896913421327337,2486.483918813759,2.9830264406522073,3356.9328056402733
sampling_proportion,0.4923923923923924,denseweight,2.3092819735955143,2.931746296831639,2546.225257532701,2.996329090090423,3430.8112372317987
sampling_proportion,0.49379379379379373,relevance,2.2500968797501226,2.8559006936186013,2416.3446717517127,2.9320865244139513,3267.8213116951083
sampling_proportion,0.49379379379379373,denseweight,2.298935662212824,2.9206754282762852,2526.9649942470073,2.9962770106680336,3403.680809369947
sampling_proportion,0.49519519519519517,relevance,2.3137676616073732,2.895931519451599,2484.691587270455,2.9834689147299827,3422.662435063053
sampling_proportion,0.49519519519519517,denseweight,2.3210521007653724,2.9591841467597844,2594.3421803964457,3.020709301244208,3480.9784820595673
sampling_proportion,0.4965965965965966,relevance,2.2772441815256115,2.901923912327327,2495.320882725356,2.974658572656934,3383.751093498265
sampling_proportion,0.4965965965965966,denseweight,2.291352192631301,2.928660457454472,2541.073562373241,2.98307349715751,3405.4515643976697
sampling_proportion,0.49799799799799793,relevance,2.24786580172875,2.878291785243934,2454.609753090067,2.9586561986565556,3298.4084068966695
sampling_proportion,0.49799799799799793,denseweight,2.2813413455217333,2.926365306637036,2537.0728089503887,2.981148440951197,3380.3866961514414
sampling_proportion,0.49939939939939937,relevance,2.274805412896151,2.8765747942752684,2451.4922873623555,2.9596233673641184,3323.4974349506065
sampling_proportion,0.49939939939939937,denseweight,2.2734190903926046,2.899622566287981,2491.142793811173,2.963493265676616,3364.4690677137005
sampling_proportion,0.5008008008008008,relevance,2.2625224433170574,2.886963415498781,2469.091055290381,2.962898825603794,3314.1922256611824
sampling_proportion,0.5008008008008008,denseweight,2.3173827313234603,2.9579595138048327,2592.244980227735,3.0158775644613574,3482.0318523552623
sampling_proportion,0.5022022022022021,relevance,2.2534358078644714,2.846735905804002,2400.988975501578,2.9360346570711116,3278.851366057934
sampling_proportion,0.5022022022022021,denseweight,2.2810723324552264,2.895285406100894,2483.204214776512,2.958762188043799,3326.1141908275454
sampling_proportion,0.5036036036036036,relevance,2.248876435885417,2.849702234028318,2406.0722180783546,2.934385994575289,3250.666010769084
sampling_proportion,0.5036036036036036,denseweight,2.2996441819979188,2.944175964612506,2568.2380468899037,3.007018579519529,3443.3955854311084
sampling_proportion,0.505005005005005,relevance,2.2657180515594866,2.88777453877354,2470.3866272161345,2.9721888633447064,3323.8816658281025
sampling_proportion,0.505005005005005,denseweight,2.316630393308959,2.93216369957623,2547.1203570654175,2.9867005872574004,3450.519035873261
sampling_proportion,0.5064064064064063,relevance,2.271214046838898,2.91493328455358,2517.453419270695,2.9886546051841676,3370.855639655596
sampling_proportion,0.5064064064064063,denseweight,2.2965956090217694,2.919724131750647,2525.6935558505447,2.9893764382178754,3394.7630566777384
sampling_proportion,0.5078078078078078,relevance,2.2510439268320686,2.8851107154464457,2466.383937287482,2.963731864287337,3322.7615864889963
sampling_proportion,0.5078078078078078,denseweight,2.2817184379649706,2.90155328839844,2494.107877609657,2.961801870909406,3356.4149108039937
sampling_proportion,0.5092092092092092,relevance,2.2501006369840475,2.8735990251190806,2446.7364167094406,2.95575616203886,3301.0095010574723
sampling_proportion,0.5092092092092092,denseweight,2.3079141050939636,2.9277360133773804,2539.66958263078,2.9984627978855447,3423.49530639058
sampling_proportion,0.5106106106106106,relevance,2.2413421935164304,2.8566030431245286,2417.6593455113743,2.9340768031430597,3263.182801593255
sampling_proportion,0.5106106106106106,denseweight,2.264693182465597,2.8868095343207907,2468.8023171835066,2.9466601296418116,3312.9974207577525
sampling_proportion,0.512012012012012,relevance,2.2458398018503094,2.8717965773066436,2443.724160780535,2.962123122683532,3309.32676314866
sampling_proportion,0.512012012012012,denseweight,2.3025802078714066,2.930127406010127,2543.3745518890105,2.9984224109067306,3413.9036625735107
sampling_proportion,0.5134134134134134,relevance,2.266262538144405,2.900948197428801,2493.3129042735272,2.990888443822055,3362.7159072420422
sampling_proportion,0.5134134134134134,denseweight,2.2880247361780746,2.895531381592576,2483.688435598195,2.970474842522865,3371.237808837422
sampling_proportion,0.5148148148148148,relevance,2.2587809026664534,2.9310181827717297,2545.3119143489,3.0098444617375106,3389.0897448505916
sampling_proportion,0.5148148148148148,denseweight,2.3016981883864855,2.9257386850445424,2535.7190614609844,2.991151873680108,3412.2508316612257
sampling_proportion,0.5162162162162162,relevance,2.2941859325999308,2.929121813267095,2542.1391212592343,3.0248287495427233,3462.7317740340955
sampling_proportion,0.5162162162162162,denseweight,2.298002951230322,2.938604893383933,2558.5806557308692,2.9997051735456464,3415.2187461243398
sampling_proportion,0.5176176176176176,relevance,2.273602208610484,2.89728792116413,2487.098950743251,2.992087564853612,3384.686833626275
sampling_proportion,0.5176176176176176,denseweight,2.3004517769738086,2.920041212028087,2525.8844770933197,2.983148599359954,3392.4863952473743
sampling_proportion,0.519019019019019,relevance,2.2597689053349708,2.8975455870057174,2487.8180897487873,2.975149560246728,3323.3185110475292
sampling_proportion,0.519019019019019,denseweight,2.317941287560598,2.935167473793679,2552.185072122,3.00372655591187,3459.789297032216
sampling_proportion,0.5204204204204204,relevance,2.262957565037925,2.9138628138754705,2515.5366296950183,2.9949128513496173,3364.49168576386
sampling_proportion,0.5204204204204204,denseweight,2.2742810508917124,2.8913239934540718,2476.701296004324,2.955806968510303,3327.3434571885405
sampling_proportion,0.5218218218218218,relevance,2.262583298970748,2.9062137800030166,2502.3095993682155,2.9871893756744208,3362.366109679109
sampling_proportion,0.5218218218218218,denseweight,2.3041787744137903,2.9691543343411406,2611.9361233507466,3.025964018641387,3472.597881895012
sampling_proportion,0.5232232232232232,relevance,2.2465735701782337,2.8900908507660215,2474.773607172896,2.975395771955221,3324.993729760921
sampling_proportion,0.5232232232232232,denseweight,2.313008179863825,2.929531925657386,2542.5732813725767,3.0013816315950184,3442.959039192649
sampling_proportion,0.5246246246246246,relevance,2.2919760259631987,2.9027432564948317,2496.095147530978,2.99165581789305,3396.6092332346752
sampling_proportion,0.5246246246246246,denseweight,2.291723593406217,2.924198233545728,2533.30739991405,2.9827014313793203,3407.7243086311455
sampling_proportion,0.526026026026026,relevance,2.2952673219252597,2.902688874462244,2496.282491875625,2.9836880757958317,3390.340583455554
sampling_proportion,0.526026026026026,denseweight,2.290028546639784,2.9270450829568544,2538.23291996448,2.9871353784684938,3401.253797807533
sampling_proportion,0.5274274274274274,relevance,2.245334350335338,2.8553674596222836,2415.8410522223185,2.9354575020175173,3258.0483221420027
sampling_proportion,0.5274274274274274,denseweight,2.299009561416207,2.926128207774883,2536.776375600974,2.984854006851091,3411.904948733719
sampling_proportion,0.5288288288288288,relevance,2.2549143751239735,2.8490973499904877,2405.1020733856244,2.9410719410078254,3295.894852727878
sampling_proportion,0.5288288288288288,denseweight,2.287632764085872,2.9191098363820034,2524.716509349112,2.9735964538397965,3391.191474878086
sampling_proportion,0.5302302302302302,relevance,2.246720998206454,2.858991029365332,2421.9236938060662,2.9492566102679687,3289.7640254945823
sampling_proportion,0.5302302302302302,denseweight,2.2819866795944974,2.881830639076621,2460.3491851216113,2.9525761404749513,3331.7409884589442
sampling_proportion,0.5316316316316316,relevance,2.2776737287180384,2.8755462173837003,2449.8898852169964,2.9696745605049966,3349.0999550106667
sampling_proportion,0.5316316316316316,denseweight,2.2943497713665835,2.925133794080624,2534.981276371898,2.996255635102728,3426.8316258805257
sampling_proportion,0.533033033033033,relevance,2.2719914696964447,2.915993020786087,2519.3334056035424,3.007091693509826,3399.43588189078
sampling_proportion,0.533033033033033,denseweight,2.2977522375992185,2.9245613303117746,2534.003740043363,2.9867837289366017,3394.4504172978636
sampling_proportion,0.5344344344344344,relevance,2.2767344026981515,2.867423478530504,2435.7459614515615,2.9575119206495417,3326.3394437031825
sampling_proportion,0.5344344344344344,denseweight,2.2969768192402515,2.937599851013127,2556.6015814074476,3.0140308194393235,3445.062293138171
sampling_proportion,0.5358358358358358,relevance,2.2422012616806293,2.8413978898807235,2392.041069639575,2.9265186993063734,3253.8985218304083
sampling_proportion,0.5358358358358358,denseweight,2.286944216392978,2.920668674287981,2527.3244317133094,2.9773888111789595,3383.545888542195
sampling_proportion,0.5372372372372373,relevance,2.2344499757799587,2.824603855996898,2363.8011146478,2.9118425987247747,3217.659486785477
sampling_proportion,0.5372372372372373,denseweight,2.2791527669537075,2.9028968768947756,2496.557460595889,2.9698920867895864,3349.4765854933344
sampling_proportion,0.5386386386386386,relevance,2.30405837777215,2.9154884923852755,2518.0946689119673,2.9831702470937342,3439.840573816688
sampling_proportion,0.5386386386386386,denseweight,2.297692039629024,2.9132459078868127,2514.109238777863,2.9894009387787546,3403.62361964524
sampling_proportion,0.54004004004004,relevance,2.2731953041009234,2.891880320647616,2477.6298107942675,2.9815231485455764,3363.2277379209218
sampling_proportion,0.54004004004004,denseweight,2.2951894606661836,2.9222947042995435,2530.2798566912534,2.988968534989032,3406.4188823331147
sampling_proportion,0.5414414414414415,relevance,2.2581903333181423,2.862213441407176,2427.2190159657716,2.93761808511351,3269.593691455645
sampling_proportion,0.5414414414414415,denseweight,2.2842979769637637,2.908984281331636,2507.2164687184104,2.9764788815154075,3389.3375497148977
sampling_proportion,0.5428428428428428,relevance,2.258597415025424,2.888830330170142,2472.661470027171,2.9773852929327163,3323.8025326342076
sampling_proportion,0.5428428428428428,denseweight,2.3107143917070574,2.9191470670056185,2524.2243046936305,2.980320009527553,3399.9622310483414
sampling_proportion,0.5442442442442442,relevance,2.3095016466180467,2.9358878072739016,2553.5135533810076,3.025225821530899,3452.685377841854
sampling_proportion,0.5442442442442442,denseweight,2.293216707071417,2.9170726338456743,2521.107233330591,2.9791370275031777,3392.198566669068
sampling_proportion,0.5456456456456457,relevance,2.273234566154185,2.885757367338566,2467.342657079376,2.9760655243192438,3357.060467816987
sampling_proportion,0.5456456456456457,denseweight,2.281246165246166,2.924535756966061,2533.612650564702,2.9857279343140117,3392.4389117142523
sampling_proportion,0.547047047047047,relevance,2.253762137352094,2.860415955161314,2424.1360657787645,2.9527272112272462,3313.7734459169887
sampling_proportion,0.547047047047047,denseweight,2.2817566086880166,2.8880867662522154,2470.784957834169,2.970774211056125,3328.6501552819877
sampling_proportion,0.5484484484484484,relevance,2.2748500196983645,2.89754719802871,2487.734857385918,2.990714724592351,3364.1617863768356
sampling_proportion,0.5484484484484484,denseweight,2.3107345968458564,2.9332379534870596,2549.0850517201548,2.999444107294497,3421.723160930463
sampling_proportion,0.5498498498498499,relevance,2.2371738397246324,2.8425236426744442,2393.996624083043,2.932927021711196,3262.822849124292
sampling_proportion,0.5498498498498499,denseweight,2.2916969233487117,2.9200914940160057,2526.307691687062,2.984820072656467,3387.6293374225033
sampling_proportion,0.5512512512512512,relevance,2.2244309282096975,2.8210774115806214,2357.8455010684233,2.9119277123617437,3212.371007937473
sampling_proportion,0.5512512512512512,denseweight,2.2865495039572354,2.9144794798233207,2516.827854258693,2.978026324407723,3360.0311999927685
sampling_proportion,0.5526526526526526,relevance,2.2230999589449927,2.8080998815791687,2336.403809320201,2.897502328118722,3181.89464899302
sampling_proportion,0.5526526526526526,denseweight,2.284011450915044,2.918894701413745,2524.042333986954,2.9792758505269283,3357.2795239917828
sampling_proportion,0.5540540540540541,relevance,2.2604519629199435,2.88512340010781,2466.3551100925424,2.9711689642009307,3311.5688237580925
sampling_proportion,0.5540540540540541,denseweight,2.2868266352408613,2.9158165556948297,2518.8834850801218,2.974052302564021,3365.2146975625474
sampling_proportion,0.5554554554554554,relevance,2.2643378158862317,2.87836463649061,2454.7261740893655,2.964436425106254,3319.573069645793
sampling_proportion,0.5554554554554554,denseweight,2.3145259658582127,2.9552331614875973,2587.32065399574,3.014505492112749,3465.0975259635707
sampling_proportion,0.5568568568568568,relevance,2.2708955093655727,2.8733287187140193,2445.975579706529,2.9719817319638318,3351.6467010388687
sampling_proportion,0.5568568568568568,denseweight,2.270076174081791,2.9086678947550477,2506.450521262591,2.973377908302686,3350.8580623189673
sampling_proportion,0.5582582582582583,relevance,2.2784280747049794,2.8975764627369434,2487.506343384649,2.9872318529123882,3369.0985754090543
sampling_proportion,0.5582582582582583,denseweight,2.310489156030069,2.9493355143723954,2577.0662812163628,3.013820632011647,3459.818636243591
sampling_proportion,0.5596596596596596,relevance,2.263967081813358,2.9032762541131385,2497.4475560198307,2.99229517755428,3353.040366064025
sampling_proportion,0.5596596596596596,denseweight,2.281554170120014,2.902318975276957,2495.526108974576,2.971745583246143,3343.9428083649595
sampling_proportion,0.561061061061061,relevance,2.2390000555197638,2.8738210998728677,2447.0176023623053,2.9574413267479045,3277.0673381559914
sampling_proportion,0.561061061061061,denseweight,2.2909825375768045,2.9039533531996455,2498.504928778987,2.968348939336048,3376.6678273101434
sampling_proportion,0.5624624624624625,relevance,2.2641489717320917,2.8797968399992353,2456.86556299614,2.96969863093192,3310.7962602339353
sampling_proportion,0.5624624624624625,denseweight,2.2955784252567804,2.9388861411170706,2558.839623502695,2.990683283776701,3426.57572139056
sampling_proportion,0.5638638638638639,relevance,2.279478654799405,2.888932095519301,2472.977629452946,2.9849772136459904,3370.508138067729
sampling_proportion,0.5638638638638639,denseweight,2.3081513158353175,2.9350441496953783,2552.0237155649174,2.997452811471046,3439.5603018015536
sampling_proportion,0.5652652652652652,relevance,2.2724833122106607,2.8932498453471616,2479.847913159107,2.9890945523653976,3370.4946510130426
sampling_proportion,0.5652652652652652,denseweight,2.299638662220856,2.90628842167346,2502.075012102574,2.9616330786979552,3359.2983912024793
sampling_proportion,0.5666666666666667,relevance,2.2487590564748814,2.8089176718377744,2337.8886082865033,2.8990782664407186,3211.3848698259385
sampling_proportion,0.5666666666666667,denseweight,2.3051310913566394,2.9356305956953164,2553.135867553861,2.999358540419949,3414.1905070399703
sampling_proportion,0.5680680680680681,relevance,2.279453258676608,2.889570210806793,2473.357838663809,2.9834380478087374,3371.8072367052855
sampling_proportion,0.5680680680680681,denseweight,2.3013494166784407,2.9473423285700084,2573.541406033138,3.0062588680955384,3449.268319182457
sampling_proportion,0.5694694694694694,relevance,2.282530840732859,2.915783619364908,2519.0978429330603,2.997108387022556,3388.319725668437
sampling_proportion,0.5694694694694694,denseweight,2.293209828343577,2.930353268560667,2543.7424954067806,2.9943499139214027,3407.160493671301
sampling_proportion,0.5708708708708709,relevance,2.2646718242983606,2.8555537475146577,2415.5709189752456,2.9443503288851107,3303.5474292827325
sampling_proportion,0.5708708708708709,denseweight,2.30839867262454,2.951911235131112,2581.5026371702284,3.009779151847289,3453.6704056284707
sampling_proportion,0.5722722722722723,relevance,2.2670058773658135,2.8593711322686413,2422.3022788490766,2.9515654969998546,3313.680845941581
sampling_proportion,0.5722722722722723,denseweight,2.3126807625851002,2.9428317089212834,2565.711076771994,3.010867815936793,3454.0874986688896
sampling_proportion,0.5736736736736736,relevance,2.2782412227916886,2.929274866746164,2542.268085470598,3.01334478605562,3404.385250811134
sampling_proportion,0.5736736736736736,denseweight,2.288974958952887,2.922704199574721,2530.582330658782,2.9959849672158954,3399.2509180073407
sampling_proportion,0.575075075075075,relevance,2.2682098834914175,2.9097159434872513,2508.356218348335,2.990852857365161,3368.113462677475
sampling_proportion,0.575075075075075,denseweight,2.3063126183489744,2.929455731568719,2542.5362135055775,2.993072747125557,3430.7191075410815
sampling_proportion,0.5764764764764765,relevance,2.2446260589311335,2.859019371062601,2421.7809901038427,2.956938142480598,3295.1310046997864
sampling_proportion,0.5764764764764765,denseweight,2.2872726189657775,2.8959159930789573,2484.5436967220826,2.96577198752538,3376.903720946042
sampling_proportion,0.5778778778778778,relevance,2.285870988903886,2.889141865348039,2473.1154662520603,2.9807322983446545,3363.2096874841427
sampling_proportion,0.5778778778778778,denseweight,2.2811794028375147,2.908132513437643,2505.678551595822,2.974449588060114,3367.458894358896
sampling_proportion,0.5792792792792792,relevance,2.256860958522351,2.8639017441692007,2429.9147777096223,2.9510998890085465,3300.558837891208
sampling_proportion,0.5792792792792792,denseweight,2.3019724802026102,2.936467535628464,2554.7048942844876,3.0022629047979437,3449.6834907150483
sampling_proportion,0.5806806806806807,relevance,2.2421234561290277,2.8624602649191564,2427.414356787996,2.9501674021004467,3273.9654866167853
sampling_proportion,0.5806806806806807,denseweight,2.291614455902846,2.91681409149469,2520.762903609237,2.9757375918487643,3364.617215748513
sampling_proportion,0.582082082082082,relevance,2.244893110775695,2.851813766270633,2409.3803166913285,2.927045747986382,3247.8148706794755
sampling_proportion,0.582082082082082,denseweight,2.289968925331462,2.9179991620456227,2522.69298842445,2.9771847586964304,3390.185282430002
sampling_proportion,0.5834834834834834,relevance,2.2570534157852,2.8756599127578433,2450.0802463588716,2.966777992011302,3329.331799010411
sampling_proportion,0.5834834834834834,denseweight,2.2783423998217356,2.915314243414604,2517.9066223494,2.976636100324884,3352.0887424581756
sampling_proportion,0.5848848848848849,relevance,2.27704184963246,2.889262420394715,2473.453287785381,2.9731660289833015,3339.793098647347
sampling_proportion,0.5848848848848849,denseweight,2.300111056452154,2.9263688670708397,2536.9078559888717,3.000904423098828,3422.7487517950863
sampling_proportion,0.5862862862862862,relevance,2.2646923960678684,2.9010857834567223,2493.652569208116,2.9873707594983703,3354.6023129119417
sampling_proportion,0.5862862862862862,denseweight,2.284436607181132,2.9136399837806652,2514.958127789677,2.9698486268918876,3352.91672579175
sampling_proportion,0.5876876876876876,relevance,2.2545099403383744,2.8755371631234294,2449.6603260364495,2.9549129502470057,3291.882953940228
sampling_proportion,0.5876876876876876,denseweight,2.308412079047698,2.945281431136952,2570.0171122480333,3.0040355615268517,3429.729826671279
sampling_proportion,0.5890890890890891,relevance,2.266407628016371,2.8654156916498215,2432.37177488387,2.9474629899072173,3296.829809611424
sampling_proportion,0.5890890890890891,denseweight,2.2970704572102427,2.9295142422256117,2542.799502798354,2.9936781823148118,3419.219074562449
sampling_proportion,0.5904904904904905,relevance,2.246162655133174,2.8837034311935628,2464.0861885596505,2.9707120336447455,3309.635560691544
sampling_proportion,0.5904904904904905,denseweight,2.287734447741049,2.9184285497745193,2523.5279659218077,2.9738473537527024,3366.3802589329225
sampling_proportion,0.5918918918918918,relevance,2.2596820999312763,2.8735323281057625,2446.4172322910254,2.957832222851446,3304.0813970773283
sampling_proportion,0.5918918918918918,denseweight,2.296174967262518,2.9126576470668164,2513.4185545441223,2.984769568104444,3389.5074756007407
sampling_proportion,0.5932932932932933,relevance,2.230297565960035,2.8526787414322556,2411.1463665678225,2.940126950527474,3253.882872637558
sampling_proportion,0.5932932932932933,denseweight,2.2942942501544463,2.9075533637687063,2504.5642169703706,2.976465531900523,3363.520027651569
sampling_proportion,0.5946946946946947,relevance,2.2604234098689773,2.897996057007367,2488.3525883712136,2.984696927346037,3341.1025816209417
sampling_proportion,0.5946946946946947,denseweight,2.3248629483237533,2.9503159377349784,2578.687888037912,3.0131349574579187,3457.667298192109
sampling_proportion,0.596096096096096,relevance,2.2587483295501487,2.896320157415631,2485.861519623932,2.9800254575913785,3324.6048526942795
sampling_proportion,0.596096096096096,denseweight,2.2928332600560206,2.938756572318106,2558.4795856131977,3.002597349937256,3399.220371966965
sampling_proportion,0.5974974974974975,relevance,2.256001616751715,2.85750845668155,2419.172120075681,2.9447941518818794,3292.2628035339876
sampling_proportion,0.5974974974974975,denseweight,2.2906527454078445,2.9397905868427103,2560.3234629682242,3.005598366349743,3415.485352474491
sampling_proportion,0.5988988988988989,relevance,2.261743249952443,2.878413874481059,2454.7296253016048,2.972293462708093,3338.6598714172574
sampling_proportion,0.5988988988988989,denseweight,2.314704237349096,2.9470751990770063,2572.814852658628,3.010081814561474,3469.7147610459183
sampling_proportion,0.6003003003003002,relevance,2.2548909317401384,2.8793209293289843,2456.0629551356556,2.959043521108379,3305.0821332346886
sampling_proportion,0.6003003003003002,denseweight,2.288466216367055,2.912845444618611,2513.8118178421896,2.970540251992156,3377.3730832568326
sampling_proportion,0.6017017017017017,relevance,2.2829594334452072,2.8888466568376368,2472.572536211758,2.9807301480690636,3364.9320201891314
sampling_proportion,0.6017017017017017,denseweight,2.278181189261534,2.898902610982902,2489.539002939433,2.96559067125764,3346.372668234919
sampling_proportion,0.603103103103103,relevance,2.244535229537207,2.8735141655096794,2446.2087743364905,2.962426286956638,3299.360509154007
sampling_proportion,0.603103103103103,denseweight,2.2940378508648256,2.958334638513152,2593.0583779284952,3.0181061154047573,3450.9410991826326
sampling_proportion,0.6045045045045044,relevance,2.2624207354053643,2.877110391149279,2452.6618110436702,2.961218118520011,3313.8517896521153
sampling_proportion,0.6045045045045044,denseweight,2.2910788823487898,2.9432434437478885,2566.695071324103,3.0082461594359167,3449.780722268033
sampling_proportion,0.6059059059059059,relevance,2.255702196832041,2.8773594481347184,2452.888193373428,2.959804421768073,3306.4816930058932
sampling_proportion,0.6059059059059059,denseweight,2.267082418844256,2.88995064944854,2474.4968102423645,2.951115076288052,3335.986892039479
sampling_proportion,0.6073073073073072,relevance,2.2588346716179393,2.832171979777092,2376.2801064677183,2.9356607025113344,3294.743935920417
sampling_proportion,0.6073073073073072,denseweight,2.320783801573452,2.9392698828713755,2558.98638953242,2.9994481202125134,3455.377095405768
sampling_proportion,0.6087087087087086,relevance,2.255151577480825,2.918829269673994,2524.0151483495106,2.9995677978814546,3359.5536577870416
sampling_proportion,0.6087087087087086,denseweight,2.2984824678362146,2.9242159709509394,2533.5522879802884,3.003604785681233,3430.8507390099903
sampling_proportion,0.6101101101101101,relevance,2.224983167795379,2.840853738793928,2391.1850086356444,2.9204203490630967,3231.3035734388804
sampling_proportion,0.6101101101101101,denseweight,2.2819772314096287,2.930184424960172,2543.9372343090413,2.989714100163248,3402.6743055387974
sampling_proportion,0.6115115115115115,relevance,2.280819623043703,2.892476523199535,2478.6076622924925,2.988122142026716,3366.2400454007234
sampling_proportion,0.6115115115115115,denseweight,2.323969010640851,2.961165163710734,2597.987218813335,3.0259386224991967,3503.5376442706583
sampling_proportion,0.6129129129129128,relevance,2.2486222045843487,2.8589384835864546,2421.6997814543074,2.940367055530239,3259.3034321655336
sampling_proportion,0.6129129129129128,denseweight,2.312427803840977,2.9613856968873917,2598.32612461369,3.0154864121657248,3479.564484286016
sampling_proportion,0.6143143143143143,relevance,2.245174741745699,2.8335189290980156,2378.567884029911,2.9263904569967263,3242.556676180865
sampling_proportion,0.6143143143143143,denseweight,2.3198120574203283,2.962821836011312,2600.6303314473616,3.019770170648153,3478.812393071879
sampling_proportion,0.6157157157157157,relevance,2.2599321807965365,2.8364051401733734,2383.766759782107,2.9396544180730824,3290.873801892212
sampling_proportion,0.6157157157157157,denseweight,2.309967113947113,2.9515177831867256,2581.096520630186,2.9972290197933584,3437.840069459191
sampling_proportion,0.617117117117117,relevance,2.2568047688167794,2.885942804952427,2467.698959254228,2.9694467594110625,3317.4775954364045
sampling_proportion,0.617117117117117,denseweight,2.3010389317678923,2.9549816273124985,2586.982161320294,3.009666818629804,3441.4703106579
sampling_proportion,0.6185185185185185,relevance,2.227673356344281,2.8614936028282187,2425.7967523552447,2.9372734428460214,3234.915722243732
sampling_proportion,0.6185185185185185,denseweight,2.297751156043635,2.942972576040299,2565.6388714945574,3.00172867049225,3393.7957457738717
sampling_proportion,0.6199199199199199,relevance,2.262198445192373,2.8679786377861634,2437.086079945563,2.9601736363008766,3315.3999569242274
sampling_proportion,0.6199199199199199,denseweight,2.2697834407706963,2.8882046532303303,2471.9525143742912,2.9493056530827095,3322.8028100802817
sampling_proportion,0.6213213213213212,relevance,2.268852986000695,2.870850088324598,2441.669020758891,2.9584805161575103,3322.0608836163756
sampling_proportion,0.6213213213213212,denseweight,2.295811710998976,2.9167366725643293,2520.2480868673438,2.982869488350133,3392.069923584764
sampling_proportion,0.6227227227227227,relevance,2.2532891217342343,2.8596624127258496,2422.748253850553,2.9491713940358943,3265.188489841306
sampling_proportion,0.6227227227227227,denseweight,2.3399759709415897,2.9735512215372535,2619.5214973470706,3.031672890094811,3544.883894569134
sampling_proportion,0.6241241241241241,relevance,2.23507175657815,2.820057422085901,2356.3951480437468,2.904564419280675,3200.548217429435
sampling_proportion,0.6241241241241241,denseweight,2.2931688665137626,2.9328598986373504,2548.3317153235116,2.996147617846126,3416.8705290416833
sampling_proportion,0.6255255255255254,relevance,2.259364130796091,2.891827159726728,2477.7466488311647,2.9693771709348846,3322.447481215474
sampling_proportion,0.6255255255255254,denseweight,2.2595777930586314,2.863526782170899,2429.394240379484,2.936204284184275,3299.1806314057285
sampling_proportion,0.6269269269269269,relevance,2.2729605728727416,2.8870821752572167,2469.514896959368,2.972158501032915,3330.9048287071787
sampling_proportion,0.6269269269269269,denseweight,2.3071710483363743,2.9578484345441907,2591.863824320022,3.0062710073675976,3430.324367424389
sampling_proportion,0.6283283283283283,relevance,2.2616466068526004,2.8421027116299338,2393.330215062166,2.932820391209132,3271.2495654632344
sampling_proportion,0.6283283283283283,denseweight,2.3342757352230095,2.961755688769203,2598.7761495361715,3.025838466381125,3514.676038174983
sampling_proportion,0.6297297297297296,relevance,2.2563712977465022,2.8772900832971766,2452.567477897128,2.9672704260216376,3328.435464982566
sampling_proportion,0.6297297297297296,denseweight,2.3065716345443903,2.954037668504318,2584.970154744951,3.012122044737005,3464.3383076367977
sampling_proportion,0.6311311311311311,relevance,2.249509570437424,2.864770343240479,2431.785885915642,2.952879700758881,3293.912909131105
sampling_proportion,0.6311311311311311,denseweight,2.3261070426288906,2.9417727450822344,2563.694178727467,3.0096677366454245,3465.397961268201
sampling_proportion,0.6325325325325325,relevance,2.2582216288364685,2.8645088512306374,2430.74648798347,2.9480044744288274,3282.7546629851468
sampling_proportion,0.6325325325325325,denseweight,2.298163993301438,2.9340791674514475,2550.943786785189,2.9875809452295043,3422.200399627748
sampling_proportion,0.6339339339339338,relevance,2.26866181341349,2.886717625987377,2468.7231660486627,2.9658981843041836,3331.510198185373
sampling_proportion,0.6339339339339338,denseweight,2.2846225275617753,2.899536360615937,2490.719844862671,2.9649386156798516,3369.6047152280744
sampling_proportion,0.6353353353353353,relevance,2.255658368811862,2.8762574486960317,2451.415985940836,2.9697581929937535,3319.2604904061527
sampling_proportion,0.6353353353353353,denseweight,2.3307447468004288,2.970747077293475,2614.520352758733,3.036519760611282,3512.72777041159
sampling_proportion,0.6367367367367367,relevance,2.277286589624867,2.8469162833185737,2401.535664347442,2.942538232004317,3316.17136482882
sampling_proportion,0.6367367367367367,denseweight,2.298466943680752,2.9185232846439386,2523.393788119159,2.986664280508132,3409.087606246546
sampling_proportion,0.638138138138138,relevance,2.277831902763066,2.8706080567256054,2441.593753474702,2.9529921571525057,3345.591646090938
sampling_proportion,0.638138138138138,denseweight,2.269751465703827,2.9058056582187204,2501.4727811145335,2.974521314866294,3355.1799720956083
sampling_proportion,0.6395395395395395,relevance,2.2712506927731675,2.8991892870775966,2490.3597181998944,2.9915868294166117,3359.020068463604
sampling_proportion,0.6395395395395395,denseweight,2.318816846364377,2.968977584646857,2611.4693844622598,3.0245826339616775,3475.1802966012183
sampling_proportion,0.6409409409409409,relevance,2.2407937060230165,2.8725853618681128,2445.068345936049,2.9586131476119153,3282.676542822822
sampling_proportion,0.6409409409409409,denseweight,2.2774341172136356,2.88757917865406,2470.3898686133975,2.959644978735002,3330.448299158821
sampling_proportion,0.6423423423423423,relevance,2.2547816089779515,2.8609918554565446,2425.2868200400376,2.9452246338086807,3293.5757156879863
sampling_proportion,0.6423423423423423,denseweight,2.2987690924164554,2.9548030579971836,2586.7608624486998,3.0083324770119844,3424.661384744395
sampling_proportion,0.6437437437437437,relevance,2.2737676479610216,2.87893316204754,2455.555968036504,2.9688667711969803,3320.686438081319
sampling_proportion,0.6437437437437437,denseweight,2.2830815167690712,2.9415235895696066,2563.5148900882155,2.998921141690522,3411.180611905417
sampling_proportion,0.6451451451451451,relevance,2.2642530187876404,2.8938563120807026,2481.3354259929642,2.9769652015648322,3334.3151472765358
sampling_proportion,0.6451451451451451,denseweight,2.283128901240282,2.8855787442423346,2466.7586600670566,2.9530072582280398,3338.564328766192
sampling_proportion,0.6465465465465465,relevance,2.2719666630031647,2.88603324627349,2467.9509206136886,2.9776101284323575,3345.0833700475314
sampling_proportion,0.6465465465465465,denseweight,2.3119953460153893,2.918967646632587,2524.2799229813277,2.9901501094226672,3436.1334970856146
sampling_proportion,0.6479479479479479,relevance,2.2697464667094818,2.880881094347015,2458.967550960931,2.974192406109118,3324.718069021427
sampling_proportion,0.6479479479479479,denseweight,2.328895855858239,2.9850503898216596,2640.029898581345,3.036767014102387,3526.5848838536667
sampling_proportion,0.6493493493493493,relevance,2.2712439136836933,2.869834696296069,2440.1570947266046,2.9576560267651497,3317.176389507256
sampling_proportion,0.6493493493493493,denseweight,2.2725959109125764,2.9082480636800137,2506.073302790574,2.9647487418159413,3352.08509756112
sampling_proportion,0.6507507507507507,relevance,2.255001900388691,2.8874417406529687,2470.2520107316764,2.972088483562628,3316.169873200059
sampling_proportion,0.6507507507507507,denseweight,2.2925337076442736,2.907540143191674,2504.5096590383528,2.971671480776962,3390.7499842648785
sampling_proportion,0.652152152152152,relevance,2.252267315598646,2.8833338014233734,2463.1376874077587,2.967417574762206,3304.8350837431253
sampling_proportion,0.652152152152152,denseweight,2.2799736765994565,2.900395156372715,2492.3904059390725,2.9713434743166363,3337.4910797735915
sampling_proportion,0.6535535535535535,relevance,2.2628192360794905,2.8868322393724983,2469.431910691246,2.967635259020172,3313.9348869799646
sampling_proportion,0.6535535535535535,denseweight,2.309135201745601,2.9798523690295853,2631.042092786349,3.0326222076301694,3498.340926321379
sampling_proportion,0.6549549549549549,relevance,2.239137612498518,2.838216266614946,2386.438486945939,2.9257213620229825,3222.4837831672203
sampling_proportion,0.6549549549549549,denseweight,2.311313155398149,2.9471473610922203,2573.301920846224,3.0079285603046286,3448.78674245189
sampling_proportion,0.6563563563563563,relevance,2.2608164005571565,2.8508774391237925,2408.2859868449455,2.9406638248894694,3275.034088103889
sampling_proportion,0.6563563563563563,denseweight,2.3171796875903925,2.952957440454817,2583.43191792939,3.0207895311073187,3466.902062023914
sampling_proportion,0.6577577577577577,relevance,2.272823038603003,2.8660038473916813,2433.5484998351712,2.9766490789138107,3361.686826593998
sampling_proportion,0.6577577577577577,denseweight,2.321622656282752,2.9419405780491745,2563.8835064861096,3.016164469507641,3488.6408700762263
sampling_proportion,0.6591591591591591,relevance,2.256818359127959,2.8672570282283307,2435.656851044195,2.9440272537735375,3293.238306762408
sampling_proportion,0.6591591591591591,denseweight,2.3031491727333484,2.9419640513193377,2564.3083096738683,3.007861337514297,3423.044040949821
sampling_proportion,0.6605605605605605,relevance,2.2438383459542295,2.838091574667983,2386.4257678315016,2.9228180263063384,3240.0282914296736
sampling_proportion,0.6605605605605605,denseweight,2.2853595334466,2.9227166958753745,2530.6186951629597,2.9911045494839406,3382.376557966719
sampling_proportion,0.6619619619619619,relevance,2.245899249468922,2.868603201654316,2437.9783379703126,2.9530766282888385,3275.0821276268643
sampling_proportion,0.6619619619619619,denseweight,2.3218621096621552,2.948380796119341,2575.38704550899,3.010115869410937,3482.755674899203
sampling_proportion,0.6633633633633633,relevance,2.2833610874455728,2.915006969843116,2517.8450395201517,3.017861471055598,3426.827389591347
sampling_proportion,0.6633633633633633,denseweight,2.3134222732345915,2.9492765620310495,2576.9307357193557,3.0067784465653906,3465.7762880430028
sampling_proportion,0.6647647647647646,relevance,2.2562097847186915,2.8807640461581276,2458.954032993979,2.9705859564224855,3325.4106464614333
sampling_proportion,0.6647647647647646,denseweight,2.2737631796358078,2.89539498731577,2483.709736978423,2.9562879276304415,3342.048308295971
sampling_proportion,0.6661661661661661,relevance,2.2862495696310794,2.90011113240897,2492.1774477367285,2.9917943005278214,3371.542125434399
sampling_proportion,0.6661661661661661,denseweight,2.2650525455182873,2.8773717355769737,2453.211052676737,2.941009362679624,3304.1634927617624
sampling_proportion,0.6675675675675675,relevance,2.240848532079129,2.81814611506923,2353.389880829351,2.9063979319830544,3216.8383434932516
sampling_proportion,0.6675675675675675,denseweight,2.294732895235995,2.9063839681977797,2502.20999987512,2.9871553475486956,3350.249632151748
sampling_proportion,0.668968968968969,relevance,2.2561732190885353,2.827187138013356,2367.8192842593116,2.907024510501344,3233.3652120757906
sampling_proportion,0.668968968968969,denseweight,2.268853541966983,2.893795235528987,2480.996077054245,2.95905415495696,3324.5315440278073
sampling_proportion,0.6703703703703703,relevance,2.263938458298219,2.8850949222840896,2466.224556640195,2.978681545290073,3325.971799049442
sampling_proportion,0.6703703703703703,denseweight,2.3261700664376406,2.9513878130073774,2580.6105134311233,3.0099855806151776,3473.6898794939025
sampling_proportion,0.6717717717717717,relevance,2.25880093970589,2.8598907208078934,2423.3797147677824,2.950276531261782,3305.418910179935
sampling_proportion,0.6717717717717717,denseweight,2.3105772256015364,2.975111357161575,2622.2826347315076,3.024346935536452,3478.4484106197065
sampling_proportion,0.6731731731731732,relevance,2.284024275681599,2.927074649909717,2538.1542229792644,3.011168896409204,3416.9643732481786
sampling_proportion,0.6731731731731732,denseweight,2.309065667068214,2.9350068292052356,2551.94960365099,3.007531918937256,3448.403208733721
sampling_proportion,0.6745745745745745,relevance,2.25650178329636,2.860425545566179,2424.141844064803,2.9388842133931132,3281.0618109754273
sampling_proportion,0.6745745745745745,denseweight,2.2901814822128586,2.9226190823586906,2530.7765090359662,2.98618517475149,3405.547468924271
sampling_proportion,0.6759759759759759,relevance,2.2677707319376172,2.8764601273778108,2451.6181641446015,2.9699127361241455,3320.871557431359
sampling_proportion,0.6759759759759759,denseweight,2.301518222548586,2.909085119001372,2507.229566591961,2.983494372747212,3403.251629737733
sampling_proportion,0.6773773773773774,relevance,2.2515497049870876,2.8917516157707586,2477.6229853039426,2.9753181353148115,3334.287082244917
sampling_proportion,0.6773773773773774,denseweight,2.3174261365852824,2.9363046789919993,2554.3210397304283,2.996647783927722,3452.4087877978104
sampling_proportion,0.6787787787787787,relevance,2.256126681469368,2.89189148036797,2477.837045582296,2.979641544403669,3345.202599422646
sampling_proportion,0.6787787787787787,denseweight,2.3539676127213713,2.973008274427726,2618.422528407811,3.0276167079014615,3565.8356928382996
sampling_proportion,0.6801801801801801,relevance,2.2495946141107575,2.8333815975877275,2378.8017014220345,2.9245868327841107,3255.094739281821
sampling_proportion,0.6801801801801801,denseweight,2.3108082180014438,2.9247545769585392,2534.1018693391056,2.9800309248788004,3419.0191717268494
sampling_proportion,0.6815815815815816,relevance,2.2702013778733643,2.8532988837193494,2412.1564296244474,2.9585586361097027,3328.8431962100844
sampling_proportion,0.6815815815815816,denseweight,2.303508545647568,2.932898836124709,2548.41178063809,3.0098002522420493,3433.9002096044287
sampling_proportion,0.6829829829829829,relevance,2.2714680752129106,2.8794986062240158,2456.627033702066,2.968449130539595,3317.546612940958
sampling_proportion,0.6829829829829829,denseweight,2.3512608119538476,2.9650878408135073,2604.4393112354733,3.028859488796091,3554.1037880269223
sampling_proportion,0.6843843843843843,relevance,2.2469669095628166,2.8637150520444496,2429.732234208842,2.953780828840485,3274.368559647796
sampling_proportion,0.6843843843843843,denseweight,2.2740897065899954,2.913355097323299,2514.570051815566,2.9676427670331402,3346.9432818710543
sampling_proportion,0.6857857857857858,relevance,2.28152448289609,2.8892182691504855,2472.8954145825764,2.9687918695597237,3353.558072827281
sampling_proportion,0.6857857857857858,denseweight,2.31614176098196,2.921875037397808,2529.3706423573844,2.9985877155961735,3446.1627022863854
sampling_proportion,0.6871871871871871,relevance,2.261576314386276,2.8841112934124444,2464.8601538711105,2.9693913511703593,3318.6247353588737
sampling_proportion,0.6871871871871871,denseweight,2.285438760198742,2.9227949557357835,2530.9654477901536,2.987728872008404,3386.8663347604265
sampling_proportion,0.6885885885885885,relevance,2.286983494890343,2.9027859282592634,2496.359397723609,3.0025124681669038,3403.5955473405074
sampling_proportion,0.6885885885885885,denseweight,2.289723312192915,2.8924546004808924,2478.4303410084467,2.952200233247001,3356.8610890884775
sampling_proportion,0.68998998998999,relevance,2.248100144406889,2.857277129174629,2418.8645901867917,2.944240552068473,3280.887432421164
sampling_proportion,0.68998998998999,denseweight,2.327124683057549,2.9392634812124965,2559.6449523467727,3.0116756050587266,3469.762598553911
sampling_proportion,0.6913913913913913,relevance,2.2771690713969694,2.8866687275712106,2468.6664212858645,2.973111616895426,3351.933179049917
sampling_proportion,0.6913913913913913,denseweight,2.29411601570114,2.900410249038629,2492.0785019505365,2.9731493270694647,3360.83701064437
sampling_proportion,0.6927927927927927,relevance,2.272461383205983,2.872649057803898,2444.8126532207034,2.9699088274083527,3339.4034666908906
sampling_proportion,0.6927927927927927,denseweight,2.3093189900441127,2.939127616618219,2559.2564468622536,3.00561226743981,3449.5336042441204
sampling_proportion,0.6941941941941941,relevance,2.24591666283165,2.850133438562216,2406.484535478283,2.935353501396093,3258.3637487682627
sampling_proportion,0.6941941941941941,denseweight,2.305262951946985,2.9276206118251813,2539.269616329044,2.9966098018465734,3420.2578517384386
sampling_proportion,0.6955955955955956,relevance,2.2459564964195264,2.8563387069680433,2417.4009018334273,2.9411752267013354,3282.707471562906
sampling_proportion,0.6955955955955956,denseweight,2.3156190399047825,2.9524492246558984,2582.4761579821165,3.0053822608430467,3443.8871024179066
sampling_proportion,0.6969969969969969,relevance,2.2734275046450394,2.8810018934958563,2459.227086577589,2.98089079365021,3358.859379729627
sampling_proportion,0.6969969969969969,denseweight,2.2903128901018523,2.922423883698093,2530.164679517028,2.9891030820702102,3413.8257596137614
sampling_proportion,0.6983983983983983,relevance,2.260417041150885,2.859186152595926,2421.94977184048,2.9463807759315497,3300.9873837683544
sampling_proportion,0.6983983983983983,denseweight,2.3156746481217976,2.943773211185871,2567.2489067177567,3.00217139035626,3473.3714718049073
sampling_proportion,0.6997997997997998,relevance,2.2461993112431013,2.8485160086566936,2404.0811202866767,2.9453112078754153,3269.178459211447
sampling_proportion,0.6997997997997998,denseweight,2.3056336317174924,2.9175384940417484,2521.750166479795,2.9853517455036247,3434.391837131958
sampling_proportion,0.7012012012012011,relevance,2.2672049562105125,2.8732126675515333,2445.782046924194,2.964839758927354,3332.7211137695685
sampling_proportion,0.7012012012012011,denseweight,2.3079900052438984,2.8980581347070036,2487.9665515082647,2.9557412673159087,3360.901887873326
sampling_proportion,0.7026026026026025,relevance,2.2514600705010515,2.8451670956747916,2398.434406103559,2.9359377939427587,3274.0333577745555
sampling_proportion,0.7026026026026025,denseweight,2.3414112713870567,2.952949444268307,2583.2520841867135,3.0178384777251734,3513.4510426371385
sampling_proportion,0.704004004004004,relevance,2.28027046325992,2.883718428891443,2464.003800784674,2.975116423555846,3349.2127279821543
sampling_proportion,0.704004004004004,denseweight,2.3192874972196216,2.9515007689953983,2580.714268107208,3.0031950596969694,3465.5556887198804
sampling_proportion,0.7054054054054053,relevance,2.263482277632551,2.8777339863475184,2453.450193714383,2.9599525442096137,3292.6028154827786
sampling_proportion,0.7054054054054053,denseweight,2.297837779261381,2.9214019375084717,2528.437909444892,2.9867346201248006,3399.9864884214376
sampling_proportion,0.7068068068068067,relevance,2.2725609778359948,2.8685658921681862,2437.881655999582,2.9605572681698717,3330.9425799511396
sampling_proportion,0.7068068068068067,denseweight,2.3122919770531762,2.9523854523618227,2582.030061999699,3.0089141781456585,3456.5338447590725
sampling_proportion,0.7082082082082082,relevance,2.2848434890751363,2.922774210468071,2530.9945800166006,3.0099656830797623,3401.763968464187
sampling_proportion,0.7082082082082082,denseweight,2.333405165138659,2.9620659798126825,2599.2441177988358,3.025254911579127,3517.1594358654634
sampling_proportion,0.7096096096096095,relevance,2.2576742405036185,2.8479506273422976,2403.065526769232,2.9427010881349775,3297.1022033099134
sampling_proportion,0.7096096096096095,denseweight,2.2869068191168616,2.8957670873960306,2484.242632121593,2.954457050875032,3331.696832719518
sampling_proportion,0.7110110110110109,relevance,2.2455735917817994,2.855480969819419,2415.4583531091635,2.940379631552027,3278.9852599293904
sampling_proportion,0.7110110110110109,denseweight,2.301776960104288,2.91382711852243,2515.5843895256353,2.9732812940177396,3405.737341288612
sampling_proportion,0.7124124124124124,relevance,2.245974560001535,2.8675411227280625,2436.2297459627425,2.9488997931093857,3279.4314573026613
sampling_proportion,0.7124124124124124,denseweight,2.303775365588573,2.9339150332852966,2550.1635650842804,2.9934631966402603,3439.9971008146936
sampling_proportion,0.7138138138138137,relevance,2.2571041646241046,2.8638025164893905,2429.6412448945857,2.9504243170214544,3268.691141985729
sampling_proportion,0.7138138138138137,denseweight,2.3113242314643276,2.944097417578601,2567.9067949519163,3.0062694831787202,3471.3082501028284
sampling_proportion,0.7152152152152151,relevance,2.293234648095599,2.8852299858802115,2466.164646028919,2.9787447193190326,3360.557701240607
sampling_proportion,0.7152152152152151,denseweight,2.304438258894865,2.9210185688231434,2527.6632301310487,2.979129507999807,3384.2679930066242
sampling_proportion,0.7166166166166166,relevance,2.2565465507555795,2.8611368199656275,2425.2156359969968,2.9522254940540624,3286.2910687154395
sampling_proportion,0.7166166166166166,denseweight,2.292687014883945,2.8948887628039173,2482.7013196609296,2.962372306144863,3379.7985243056155
sampling_proportion,0.7180180180180179,relevance,2.2825136933594994,2.8866696791960376,2469.104477474634,2.9776248851560196,3353.0417706880476
sampling_proportion,0.7180180180180179,denseweight,2.302475241962119,2.9355645376833825,2553.0357179473435,2.9947729933174037,3433.51763166663
sampling_proportion,0.7194194194194193,relevance,2.2738266231442883,2.862742057995126,2428.197854688511,2.957378074809265,3316.942669015294
sampling_proportion,0.7194194194194193,denseweight,2.310393289342697,2.9488782822893094,2576.1202921349254,3.012698646522003,3468.569716160153
sampling_proportion,0.7208208208208208,relevance,2.241401849114991,2.8226620771674367,2360.921794556848,2.918513169611524,3217.850115681618
sampling_proportion,0.7208208208208208,denseweight,2.3106052897246014,2.9590008146681783,2594.071737723841,3.0172491317603463,3478.292877560321
sampling_proportion,0.7222222222222222,relevance,2.266176653779477,2.8680636243759627,2437.4061007464875,2.9486775694786664,3285.3448388379034
sampling_proportion,0.7222222222222222,denseweight,2.3161418755148544,2.927701214177895,2539.0135823826176,2.980083040924887,3432.362785705977
sampling_proportion,0.7236236236236235,relevance,2.2680095114377403,2.8532819590473637,2411.946917451628,2.944992491174477,3315.4329121465444
sampling_proportion,0.7236236236236235,denseweight,2.309045231371326,2.963629527678668,2602.1935940618564,3.0248322125524814,3481.9640698774547
sampling_proportion,0.725025025025025,relevance,2.2706205929528496,2.857742089347239,2419.626412469632,2.9464365096382616,3287.0575940892695
sampling_proportion,0.725025025025025,denseweight,2.3092167355543443,2.9440560779250062,2567.7999413169528,3.0130942201420945,3461.0770693611917
sampling_proportion,0.7264264264264264,relevance,2.2933035380540865,2.8886979582277372,2472.654923594847,2.977621639423922,3361.5928428975176
sampling_proportion,0.7264264264264264,denseweight,2.301660472342572,2.936180826991474,2554.0314832728814,2.9901244634216844,3407.65224337531
sampling_proportion,0.7278278278278277,relevance,2.270711760507569,2.8692604489807416,2439.0729658153905,2.9630717011502954,3334.4008482268264
sampling_proportion,0.7278278278278277,denseweight,2.3137548170527378,2.929605320190317,2542.461740575519,2.993284026379672,3434.35563935251
sampling_proportion,0.7292292292292292,relevance,2.2657312055319956,2.886826540629737,2469.284701598127,2.9822691591246318,3338.488175362095
sampling_proportion,0.7292292292292292,denseweight,2.310083980671148,2.919573768894251,2525.2641147975214,2.9875871317372673,3425.4369696346416
sampling_proportion,0.7306306306306306,relevance,2.2664052506349033,2.8834535484851966,2463.179335332197,2.9756023119402943,3351.0329550964607
sampling_proportion,0.7306306306306306,denseweight,2.3316952749915996,2.983734634057385,2637.5143150316753,3.0320317657759457,3514.5283475217248
sampling_proportion,0.7320320320320319,relevance,2.274779981484967,2.9095892943021173,2508.165707515141,2.9961421499880063,3374.3956684826844
sampling_proportion,0.7320320320320319,denseweight,2.3275131476138498,2.979981098516725,2630.9329184980375,3.036144826499535,3522.601147632053
sampling_proportion,0.7334334334334334,relevance,2.2821646539199274,2.8929249832193804,2479.3853115818956,2.983469774448444,3366.2301229593354
sampling_proportion,0.7334334334334334,denseweight,2.300633047950501,2.9157072726748248,2518.5751847647207,2.9843329506566847,3401.124581635079
sampling_proportion,0.7348348348348348,relevance,2.285713609681744,2.8824264451811583,2461.436236449332,2.978620953469637,3381.8675856916693
sampling_proportion,0.7348348348348348,denseweight,2.285986058070346,2.881269921102012,2459.290861478528,2.957778359175275,3346.5328055472764
sampling_proportion,0.7362362362362361,relevance,2.252362464665428,2.842186880519424,2393.273133283359,2.9330788975260442,3263.618020516796
sampling_proportion,0.7362362362362361,denseweight,2.3022153488282457,2.9389513703062735,2558.9797591749057,2.9978605505288543,3438.7687653786215
sampling_proportion,0.7376376376376376,relevance,2.266984140992224,2.8883565789982484,2471.947327244345,2.9728548428067163,3330.6239024804977
sampling_proportion,0.7376376376376376,denseweight,2.3236625470632375,2.9237151542796727,2532.589862512935,2.9939237388237476,3462.3449807152297
sampling_proportion,0.739039039039039,relevance,2.2862825311362984,2.8900687948407993,2474.6279114437616,2.9884766876704556,3364.425705460476
sampling_proportion,0.739039039039039,denseweight,2.3170260826968403,2.94297179549579,2565.8922307464672,3.0106328430529112,3476.9877322064162
sampling_proportion,0.7404404404404403,relevance,2.27414949503167,2.876531295665639,2451.659838661086,2.971130859056779,3323.729471113615
sampling_proportion,0.7404404404404403,denseweight,2.3155225113914706,2.9559427162708403,2588.62213958951,3.022729035786753,3487.556706969245
sampling_proportion,0.7418418418418418,relevance,2.242462223109105,2.8550619521466127,2415.4010296493243,2.946650394141587,3253.3697939795934
sampling_proportion,0.7418418418418418,denseweight,2.3022647941227627,2.9132320737984965,2514.373206079134,2.9722069714226103,3405.080248045093
sampling_proportion,0.7432432432432432,relevance,2.254806026708082,2.8907221110274666,2475.625538509785,2.9735686233968184,3328.551353547263
sampling_proportion,0.7432432432432432,denseweight,2.2774712535237613,2.899540448000476,2490.6662637270097,2.970069867698512,3348.153810013125
sampling_proportion,0.7446446446446445,relevance,2.2508533982506282,2.8320126534076113,2376.1578089588215,2.925739988649553,3259.3230520485554
sampling_proportion,0.7446446446446445,denseweight,2.2954678414279295,2.9219859210846066,2529.508740314106,2.9855953648910405,3416.970381462126
sampling_proportion,0.746046046046046,relevance,2.28390833476957,2.9014164769523676,2494.1708048129967,2.9932716170973026,3387.3779248645046
sampling_proportion,0.746046046046046,denseweight,2.316472223645053,2.941644933231938,2563.726795461424,3.0013426235302525,3447.534660431671
sampling_proportion,0.7474474474474474,relevance,2.2168510253174287,2.8355158039551314,2382.3080985968295,2.9184563319951273,3215.715583796125
sampling_proportion,0.7474474474474474,denseweight,2.3110627561076154,2.9349264430453825,2552.1267251888717,3.000073223737349,3452.0483182043963
sampling_proportion,0.7488488488488488,relevance,2.266420365269133,2.8995811506867937,2491.195564736519,2.98447784483805,3347.3982811592678
sampling_proportion,0.7488488488488488,denseweight,2.3241583077337817,2.951483505597362,2580.756923981395,3.0052342298838504,3482.833082890045
sampling_proportion,0.7502502502502502,relevance,2.2715572247977915,2.8628356356231106,2428.1171366027775,2.948173512750216,3308.987893475669
sampling_proportion,0.7502502502502502,denseweight,2.315901957274888,2.9322782717571485,2547.48503430743,2.9972060085640355,3459.3990566540647
sampling_proportion,0.7516516516516516,relevance,2.252663882325344,2.8608425432465046,2424.6139457278928,2.9397310175940956,3267.3708814625224
sampling_proportion,0.7516516516516516,denseweight,2.2755844532645466,2.87300101303207,2445.4879153875295,2.9343728187640994,3318.0021802452247
sampling_proportion,0.753053053053053,relevance,2.272746431432491,2.877426584836849,2453.034653202791,2.9641062345182436,3319.8213879551263
sampling_proportion,0.753053053053053,denseweight,2.309061019360844,2.9375143623751847,2556.4956923512827,3.0021054240114347,3450.9543531901722
sampling_proportion,0.7544544544544544,relevance,2.258800325790176,2.8624960314303336,2427.4469399881855,2.9521246373205754,3299.07724995417
sampling_proportion,0.7544544544544544,denseweight,2.314825126876349,2.936448722819503,2554.6500700907045,2.9992463015377107,3434.6398970096707
sampling_proportion,0.7558558558558558,relevance,2.2781876238899548,2.897900060728728,2488.369900885265,2.991523806669762,3367.3325574484766
sampling_proportion,0.7558558558558558,denseweight,2.320172979722518,2.917127891485192,2520.732665140877,2.9858447273802264,3425.0586973680533
sampling_proportion,0.7572572572572572,relevance,2.277337698808866,2.9000040351012792,2491.6985909750674,2.9789638712001087,3347.5120761590256
sampling_proportion,0.7572572572572572,denseweight,2.319765939057052,2.9518197628916476,2581.311668793358,3.013828074976916,3467.4094353855853
sampling_proportion,0.7586586586586586,relevance,2.251804530883452,2.8690349761282214,2439.0462468673363,2.969901930093344,3327.844542633487
sampling_proportion,0.7586586586586586,denseweight,2.339999478148099,2.9701298479929843,2613.5083118584052,3.038938007905479,3527.7628110059904
sampling_proportion,0.76006006006006,relevance,2.2618747667953154,2.890508730372981,2475.4665780340197,2.967981635296367,3331.093270670475
sampling_proportion,0.76006006006006,denseweight,2.30883966371841,2.9262274026956243,2536.3344466616213,2.9893114324741106,3434.919481681728
sampling_proportion,0.7614614614614614,relevance,2.286030547713308,2.893130261819312,2479.8351860099647,2.977217705222381,3359.6090454237856
sampling_proportion,0.7614614614614614,denseweight,2.314440541271834,2.945750827399904,2570.396497584552,3.008757135054294,3469.341877166468
sampling_proportion,0.7628628628628628,relevance,2.2536417879856474,2.8733064134305106,2446.245022735735,2.9600912416449408,3303.406327021272
sampling_proportion,0.7628628628628628,denseweight,2.3202062854455714,2.925166282802264,2534.7561122822954,2.9920757824529063,3446.2547855365565
sampling_proportion,0.7642642642642642,relevance,2.2750436517494155,2.9224271644560194,2530.349531409884,3.00908508031421,3403.308822234845
sampling_proportion,0.7642642642642642,denseweight,2.289778913072126,2.9254007481987787,2535.1445763744096,2.990566154279481,3392.2421236503824
sampling_proportion,0.7656656656656656,relevance,2.2762884463155526,2.888325844450228,2471.665004012643,2.985458459455147,3377.9762872307924
sampling_proportion,0.7656656656656656,denseweight,2.323629875311442,2.943197990288061,2566.3805862960457,3.014402069211048,3493.4373556587198
sampling_proportion,0.767067067067067,relevance,2.2961123488169903,2.889984039865034,2474.459442604446,2.9808063853975373,3392.138807220637
sampling_proportion,0.767067067067067,denseweight,2.3013109903308244,2.9092743199976896,2507.3456742063972,2.9830267265489487,3406.8022195142503
sampling_proportion,0.7684684684684684,relevance,2.2866560615890443,2.8881337371313522,2471.3136232118536,2.9753984214923803,3338.1955706725457
sampling_proportion,0.7684684684684684,denseweight,2.3537962835423336,2.98635731286231,2641.872273745421,3.046407614443696,3563.567130102839
sampling_proportion,0.7698698698698698,relevance,2.288230190437168,2.895173197115782,2483.494635687979,2.982598039024479,3395.853892247989
sampling_proportion,0.7698698698698698,denseweight,2.285582176263629,2.902806700145141,2496.4807846042318,2.9700909740574306,3372.172365308351
sampling_proportion,0.7712712712712712,relevance,2.2738827028414677,2.8762195970424824,2451.000012200801,2.9661725499558553,3320.7768647903667
sampling_proportion,0.7712712712712712,denseweight,2.2987661842860008,2.913439975698612,2514.5912515874943,2.983273469341794,3416.765974360891
sampling_proportion,0.7726726726726726,relevance,2.2651922683021364,2.8892327567562415,2473.1132981531596,2.9812175258074043,3344.396573390672
sampling_proportion,0.7726726726726726,denseweight,2.314612925546409,2.934993218659965,2551.892639742106,3.005963381358095,3485.823242527994
sampling_proportion,0.774074074074074,relevance,2.304357646274859,2.915844668255121,2518.658872190019,2.9992445010907542,3421.9065196809383
sampling_proportion,0.774074074074074,denseweight,2.310486133485813,2.9282053446270644,2539.974684214548,2.9944636977303634,3421.200849703943
sampling_proportion,0.7754754754754754,relevance,2.2823002293593158,2.8649941561510572,2431.4344286006426,2.949310964282021,3301.5733434274975
sampling_proportion,0.7754754754754754,denseweight,2.3361231249863734,2.947456582202548,2573.649424222798,3.008218161948588,3489.1012724004013
sampling_proportion,0.7768768768768768,relevance,2.2839111850529594,2.8811045405151496,2459.3737096958203,2.9774751132067956,3359.3952151753656
sampling_proportion,0.7768768768768768,denseweight,2.2999689937181493,2.947259929803611,2573.2973599474813,3.002790898980762,3428.709917477773
sampling_proportion,0.7782782782782782,relevance,2.2597469884624055,2.8826602046135297,2461.9089678916125,2.9675615754647318,3316.123005021004
sampling_proportion,0.7782782782782782,denseweight,2.315717622399779,2.927142525362814,2538.000574581703,2.980981603882927,3433.2686290032857
sampling_proportion,0.7796796796796797,relevance,2.2962995760348774,2.9048395666338314,2499.7799538005115,2.9990376041007605,3407.160014683521
sampling_proportion,0.7796796796796797,denseweight,2.311961005667009,2.964759172937179,2604.179368713302,3.0295342924121185,3507.275851116528
sampling_proportion,0.781081081081081,relevance,2.2851266977585305,2.901370125088543,2494.028861962446,2.9852730336015307,3360.9452389508574
sampling_proportion,0.781081081081081,denseweight,2.325448400032345,2.9414311156759445,2563.172219284024,3.0122814456941303,3487.3545660218474
sampling_proportion,0.7824824824824824,relevance,2.2570026161724615,2.870678737836903,2441.8201214059764,2.9542500238425404,3286.9328951983607
sampling_proportion,0.7824824824824824,denseweight,2.332895840611447,2.9493364671771545,2577.04886508755,3.013906317757753,3486.225543025323
sampling_proportion,0.7838838838838839,relevance,2.2654383472422244,2.8705117432585308,2441.2545757121998,2.961279770842769,3312.6142416160246
sampling_proportion,0.7838838838838839,denseweight,2.28499044954524,2.9105683576649883,2509.741726041855,2.9800179321665974,3400.677082066659
sampling_proportion,0.7852852852852852,relevance,2.2473050483979486,2.863716513207695,2429.867675712582,2.946126256266638,3280.0782031636104
sampling_proportion,0.7852852852852852,denseweight,2.3056776738383467,2.9057964451919913,2501.2867304476454,2.979655511716455,3409.1130609343118
sampling_proportion,0.7866866866866866,relevance,2.286529699178725,2.906251377229083,2502.2657211758296,2.986729438001627,3372.6974519555993
sampling_proportion,0.7866866866866866,denseweight,2.342409327808116,2.9753828396209125,2622.6031335002776,3.0382739177482527,3530.293972409526
sampling_proportion,0.7880880880880881,relevance,2.2508663524146866,2.843003461939524,2395.087228401625,2.935473221369641,3262.8604177212005
sampling_proportion,0.7880880880880881,denseweight,2.304145825221513,2.914782085083643,2517.0662479181465,2.9936626953392294,3441.8769101336766
sampling_proportion,0.7894894894894894,relevance,2.2778208682347367,2.904216407631093,2498.7355472564295,2.9872575315745076,3371.6677864721305
sampling_proportion,0.7894894894894894,denseweight,2.296065217544893,2.9071556325552406,2503.8460515083843,2.9660421191950603,3384.8376970911136
sampling_proportion,0.7908908908908908,relevance,2.249816037163679,2.833239658671332,2378.1586108572283,2.925726256518933,3254.3878001504254
sampling_proportion,0.7908908908908908,denseweight,2.3191797253309026,2.9572610476115826,2590.833205773079,3.0269681991761526,3499.673237659447
sampling_proportion,0.7922922922922923,relevance,2.2754230059214713,2.900800403831406,2493.353572617155,2.9925107917010103,3376.4166424597147
sampling_proportion,0.7922922922922923,denseweight,2.3215038889667388,2.942685968139179,2565.2588134842,3.0050164129620494,3471.745343107221
sampling_proportion,0.7936936936936936,relevance,2.2823471665091626,2.8893828661526446,2473.4872385576004,2.968990180963216,3342.082256159626
sampling_proportion,0.7936936936936936,denseweight,2.3167069600063037,2.9504427352450464,2578.8616783845914,3.0133426064880977,3469.2400615439774
sampling_proportion,0.795095095095095,relevance,2.2598205693229003,2.8721563466953497,2443.9821326928013,2.9597744159617068,3306.577484979887
sampling_proportion,0.795095095095095,denseweight,2.3290283547477393,2.964129577721941,2602.4778548292115,3.0228156503244374,3497.346905284143
sampling_proportion,0.7964964964964965,relevance,2.270700019427941,2.905931319903492,2501.9030952910707,2.991055176293585,3352.354969918156
sampling_proportion,0.7964964964964965,denseweight,2.2820632508489562,2.9170983325834094,2521.246216738143,2.9810798841121593,3375.9619708600126
sampling_proportion,0.7978978978978978,relevance,2.264438828254241,2.855751626790347,2416.0503827046687,2.9344567459835167,3285.7933075153296
sampling_proportion,0.7978978978978978,denseweight,2.3108810696287745,2.961854109101412,2598.98948241332,3.01411342999075,3457.410431084888
sampling_proportion,0.7992992992992992,relevance,2.2984553737778715,2.9336205123564456,2549.983884756632,3.024434111802985,3454.8878742137554
sampling_proportion,0.7992992992992992,denseweight,2.3012947731975406,2.942106134997024,2564.268275682938,3.009929273985467,3434.1241042004726
sampling_proportion,0.8007007007007007,relevance,2.2894030764696107,2.8855170143589866,2466.427951363537,2.9670307421317488,3354.1817324091053
sampling_proportion,0.8007007007007007,denseweight,2.301032603092323,2.924909038464011,2534.5151934295295,2.981371750211554,3391.374603878782
sampling_proportion,0.802102102102102,relevance,2.2839069891867303,2.882881003534791,2462.251847967055,2.9712979834000692,3330.382402656431
sampling_proportion,0.802102102102102,denseweight,2.3232674586847297,2.9754082486833346,2622.747453966718,3.040340117889752,3540.99134890058
sampling_proportion,0.8035035035035034,relevance,2.276834725220448,2.889588637712306,2473.632107380169,2.9742392947108067,3352.4604722712843
sampling_proportion,0.8035035035035034,denseweight,2.313644089933234,2.945456987633358,2570.0916871192717,3.004456511179585,3458.060421997061
sampling_proportion,0.8049049049049048,relevance,2.2566225399346784,2.868822437029949,2438.4613569739267,2.9551739209244388,3304.3804881730644
sampling_proportion,0.8049049049049048,denseweight,2.3222617035034996,2.945494016131122,2570.309860487105,3.008872638724086,3467.5234029790154
sampling_proportion,0.8063063063063063,relevance,2.275779913492486,2.8939124771453453,2481.584706157016,2.984465391941343,3365.568995090079
sampling_proportion,0.8063063063063063,denseweight,2.307868003252501,2.935256441838908,2552.3381019709814,3.0060306414783327,3449.4856308447884
sampling_proportion,0.8077077077077076,relevance,2.2767946380153354,2.8952434656224604,2483.4405900636616,2.973430778916928,3353.7769257404793
sampling_proportion,0.8077077077077076,denseweight,2.3053787292833388,2.9186856589483026,2523.5336786588673,2.983999085755384,3407.5308354384842
sampling_proportion,0.809109109109109,relevance,2.2685886572285927,2.890223752634902,2474.880230195104,2.977892998542054,3336.4724875748857
sampling_proportion,0.809109109109109,denseweight,2.313088589735639,2.9326295689660022,2547.8209550002584,2.993921853675585,3442.3457306907117
sampling_proportion,0.8105105105105105,relevance,2.270834976211082,2.85710753511961,2418.8192084645448,2.9486486267622016,3311.5925222158144
sampling_proportion,0.8105105105105105,denseweight,2.311780533196643,2.941464959751572,2563.287947251218,3.0007466711675357,3467.5605249373825
sampling_proportion,0.8119119119119118,relevance,2.288039316824809,2.9186614770907267,2524.1384604648542,2.9938252733816544,3375.196674007179
sampling_proportion,0.8119119119119118,denseweight,2.2845609254492314,2.8979967562137188,2488.1948693465306,2.969300008184394,3358.7896205518405
sampling_proportion,0.8133133133133132,relevance,2.247303607598583,2.8486305734477586,2404.0667854387243,2.927724539269357,3238.4496504739304
sampling_proportion,0.8133133133133132,denseweight,2.3274992955010148,2.962557193786468,2600.177158429082,3.03109049620827,3532.7694833611718
sampling_proportion,0.8147147147147147,relevance,2.2720664202364254,2.8841348049298667,2464.2519924235357,2.9715954294711824,3338.787360635465
sampling_proportion,0.8147147147147147,denseweight,2.3092871047313612,2.950404762764446,2578.9243755741886,3.012020747156734,3466.32813109796
sampling_proportion,0.816116116116116,relevance,2.2705173247393353,2.8704585764503947,2440.978712684695,2.952980117742029,3323.5917777685577
sampling_proportion,0.816116116116116,denseweight,2.3289534688175455,2.9693174564963165,2611.936942520771,3.03622053023356,3534.3623361109626
sampling_proportion,0.8175175175175174,relevance,2.281384886626257,2.8832002650285276,2463.006401091708,2.982378348122462,3356.2902417345827
sampling_proportion,0.8175175175175174,denseweight,2.302962116413496,2.9299429288569256,2543.2123861212835,2.9980588371832426,3435.5804041661804
sampling_proportion,0.8189189189189189,relevance,2.2617692033869488,2.875801062304886,2450.300362203245,2.9625311770086555,3291.412954974892
sampling_proportion,0.8189189189189189,denseweight,2.280720005933576,2.9114278723712297,2511.256129192086,2.972458126855736,3359.8980577857287
sampling_proportion,0.8203203203203202,relevance,2.2465702484181085,2.844222706369218,2396.7774427506492,2.933268067937858,3254.802965481576
sampling_proportion,0.8203203203203202,denseweight,2.325919810932956,2.934531093667037,2551.177438927399,2.9997624467076536,3461.9462812569745
sampling_proportion,0.8217217217217216,relevance,2.266345122869149,2.8567369645203353,2418.3796575062147,2.948610138018978,3286.6441581721097
sampling_proportion,0.8217217217217216,denseweight,2.3140627835012504,2.954460778379694,2586.007116758154,3.0056280832151208,3471.3553364190375
sampling_proportion,0.8231231231231231,relevance,2.2631394578313753,2.88335260390086,2462.951596254413,2.969079667704141,3312.2409062583674
sampling_proportion,0.8231231231231231,denseweight,2.3255490173890867,2.938544623386482,2558.149777055352,3.004364175638866,3471.294178453968
sampling_proportion,0.8245245245245244,relevance,2.277147063039182,2.8682861031983973,2437.5418897046607,2.9607744280559887,3344.212246199206
sampling_proportion,0.8245245245245244,denseweight,2.301400217071737,2.942551021590921,2565.1344329286417,3.002192776321465,3436.903582839007
sampling_proportion,0.8259259259259258,relevance,2.2619427447037466,2.879454565535021,2456.8677465763544,2.968133404051689,3338.4287316142463
sampling_proportion,0.8259259259259258,denseweight,2.298941236943495,2.929373681184189,2542.060052464028,2.991310881090147,3409.5125371837253
sampling_proportion,0.8273273273273273,relevance,2.2900863316849005,2.8701575041622,2440.5503076461405,2.967000189935621,3341.8454428227105
sampling_proportion,0.8273273273273273,denseweight,2.302132797321599,2.9333468142373946,2548.9741340152714,2.997756770278747,3414.1223373340513
sampling_proportion,0.8287287287287286,relevance,2.276345316426095,2.872923034244117,2445.6007110020128,2.959771720218865,3324.7387156280374
sampling_proportion,0.8287287287287286,denseweight,2.3163737049765674,2.9508538170979546,2579.684075320901,3.0086370445114254,3472.21559051861
sampling_proportion,0.83013013013013,relevance,2.2513747673319924,2.884166712403207,2464.798145828175,2.96487510771074,3307.923213167219
sampling_proportion,0.83013013013013,denseweight,2.329892041387337,2.947048425807152,2573.11895653176,3.013099996632323,3486.7197808532032
sampling_proportion,0.8315315315315315,relevance,2.2699609265228498,2.876384360828005,2451.3717397282817,2.9545022708945643,3298.188847298108
sampling_proportion,0.8315315315315315,denseweight,2.320990462941424,2.927318048351322,2538.627503534817,2.979765410362577,3437.2509583459187
sampling_proportion,0.8329329329329329,relevance,2.2659505878167807,2.874281532697998,2448.0970797042446,2.957842418241357,3326.7938531463165
sampling_proportion,0.8329329329329329,denseweight,2.28966458546628,2.915639681864959,2518.5156407937884,2.9737396215334697,3390.6412325026913
sampling_proportion,0.8343343343343342,relevance,2.2612677737175355,2.896329460656048,2485.6737393153644,2.9685083158548835,3313.5275520640153
sampling_proportion,0.8343343343343342,denseweight,2.3378558480977687,2.960444895350929,2596.2771720694936,3.0148017129108995,3506.069455391895
sampling_proportion,0.8357357357357357,relevance,2.2566347294322147,2.87698278322404,2452.2675366582616,2.96837454003632,3307.952699028603
sampling_proportion,0.8357357357357357,denseweight,2.302385675477241,2.9289483213235754,2541.544630314219,2.986112721597597,3420.1797668184736
sampling_proportion,0.8371371371371371,relevance,2.2601036545019104,2.880364979963003,2458.1321650172986,2.963158881832027,3306.3072058701046
sampling_proportion,0.8371371371371371,denseweight,2.3169684880909567,2.9585791278633646,2593.283249335386,3.017638426388666,3495.085586410324
sampling_proportion,0.8385385385385384,relevance,2.2564123972350796,2.8741848748162253,2447.7858032767126,2.9655519421747116,3317.128663555604
sampling_proportion,0.8385385385385384,denseweight,2.347752255344205,2.971038812739777,2614.7134497012967,3.0365913473407686,3560.149742787115
sampling_proportion,0.8399399399399399,relevance,2.24096609999542,2.852573145468233,2410.918552703786,2.9356579746720994,3274.4634635074067
sampling_proportion,0.8399399399399399,denseweight,2.3299110282386244,2.9542629592444576,2585.6222273755043,3.017944168263977,3497.645304195395
sampling_proportion,0.8413413413413413,relevance,2.255329067629088,2.8485838480392354,2404.0749315465346,2.9325124794619737,3241.7992338992885
sampling_proportion,0.8413413413413413,denseweight,2.291158930867394,2.920033696535107,2525.8785309047253,2.978620165813401,3397.4498870441803
sampling_proportion,0.8427427427427426,relevance,2.2675969144765653,2.9223844602045457,2530.328300357,3.011781217570808,3404.048747803338
sampling_proportion,0.8427427427427426,denseweight,2.303832500926833,2.9259752286159046,2536.4094557666,2.9968597305017717,3411.0938717048966
sampling_proportion,0.8441441441441441,relevance,2.2578337734403915,2.8851469105477268,2466.2581241291023,2.9677174074375734,3315.2663150679778
sampling_proportion,0.8441441441441441,denseweight,2.3068695717859935,2.92434922279355,2533.4604324310526,2.9877431641537857,3422.329608949208
sampling_proportion,0.8455455455455455,relevance,2.2570009568681506,2.835812314090183,2382.7399534679594,2.924478988999395,3260.671998154704
sampling_proportion,0.8455455455455455,denseweight,2.305264931626619,2.9480724812973516,2574.8839050342667,3.0085904301282853,3466.3080013778194
sampling_proportion,0.8469469469469468,relevance,2.2753576650482823,2.8754384923399434,2449.576365677268,2.9715875573614725,3333.8294115125477
sampling_proportion,0.8469469469469468,denseweight,2.3208720791401585,2.9603456923755602,2596.335995187606,3.0109677442563427,3475.6678932934765
sampling_proportion,0.8483483483483483,relevance,2.2541038683634453,2.8896599313286675,2473.814811594375,2.9762797805178494,3325.9630679251864
sampling_proportion,0.8483483483483483,denseweight,2.314343349193447,2.9564144106485504,2589.1348611612643,3.007366926320803,3459.7681649680803
sampling_proportion,0.8497497497497497,relevance,2.2509158700657967,2.8633444703473034,2428.94979396688,2.9493610377425563,3287.8070492098564
sampling_proportion,0.8497497497497497,denseweight,2.321040120369207,2.9342652896975108,2550.7436283520706,3.0017077385446647,3461.418409738199
sampling_proportion,0.851151151151151,relevance,2.2521300979295353,2.892376990695471,2478.5509495172078,2.975375718008157,3307.9674247358034
sampling_proportion,0.851151151151151,denseweight,2.305163469882917,2.9368317857129065,2555.297925221282,2.991833075516447,3419.645019627425
sampling_proportion,0.8525525525525525,relevance,2.2732019265543606,2.8985621298753297,2489.321639860985,2.984350195456726,3356.487281547737
sampling_proportion,0.8525525525525525,denseweight,2.3234057999308417,2.985542645165782,2640.6373667233634,3.028671613466436,3502.060538202662
sampling_proportion,0.8539539539539539,relevance,2.264510210119834,2.890179322991246,2474.8799469455817,2.972049873465069,3327.94438206317
sampling_proportion,0.8539539539539539,denseweight,2.3346322613952295,2.95832269933476,2592.59401428283,3.0225908500883714,3511.301164180386
sampling_proportion,0.8553553553553552,relevance,2.3216026165302766,2.94566913229185,2570.7450746599957,3.0321109712610643,3485.6368474050905
sampling_proportion,0.8553553553553552,denseweight,2.327156679008297,2.9649918305276834,2604.4223222475407,3.0165618829892495,3496.235351615625
sampling_proportion,0.8567567567567567,relevance,2.302281017815406,2.898465723412493,2488.837169260077,2.9904955914722113,3411.9090615935147
sampling_proportion,0.8567567567567567,denseweight,2.316041247715135,2.9621123903639353,2599.5085549838354,3.001938219639484,3468.496365608131
sampling_proportion,0.8581581581581581,relevance,2.2733744506320117,2.8773567007174763,2452.830165625202,2.9662529994346105,3319.6572582496565
sampling_proportion,0.8581581581581581,denseweight,2.3309960814030575,2.956995466387201,2590.2103405169905,3.0233992946143164,3503.2333031039866
sampling_proportion,0.8595595595595595,relevance,2.236275598063778,2.8646983968965745,2431.344998413474,2.9427348124841792,3270.912949189012
sampling_proportion,0.8595595595595595,denseweight,2.3089109238835714,2.938660838367023,2558.4550388666003,3.000815223565498,3437.344773998188
sampling_proportion,0.8609609609609609,relevance,2.3103750143269006,2.9319617501423205,2546.7844822920433,3.0174607196758902,3437.018940811218
sampling_proportion,0.8609609609609609,denseweight,2.309926046369426,2.9499799719786184,2578.10830819166,3.0076690438425264,3461.87547744016
sampling_proportion,0.8623623623623623,relevance,2.257279834510225,2.8979784599913674,2488.3303446035625,2.9767214090767755,3329.322075842093
sampling_proportion,0.8623623623623623,denseweight,2.322731067584744,2.9216097531479903,2528.6704275771135,2.994775673777432,3455.286882694277
sampling_proportion,0.8637637637637637,relevance,2.2872881367875513,2.9065426006081347,2503.1998748073142,2.9931913363313982,3381.9323868272945
sampling_proportion,0.8637637637637637,denseweight,2.300228875015621,2.908701631062259,2506.2843086453154,2.9667743719556707,3382.832421219512
sampling_proportion,0.8651651651651651,relevance,2.287904748509186,2.90036051440743,2492.46040240999,2.9882372134117476,3377.1178641395963
sampling_proportion,0.8651651651651651,denseweight,2.3292944550597374,2.971915952679094,2616.9448307344214,3.02758131117743,3504.1628814754113
sampling_proportion,0.8665665665665665,relevance,2.234027409312256,2.856845772243324,2418.1325708927025,2.9451982794016827,3265.801000622134
sampling_proportion,0.8665665665665665,denseweight,2.329555124026704,2.9588366957632783,2593.6971475467612,3.0204454131404908,3490.932327889103
sampling_proportion,0.8679679679679679,relevance,2.2653284173438255,2.8871909018204325,2469.5625548693038,2.9775544265083913,3330.860124918748
sampling_proportion,0.8679679679679679,denseweight,2.314505468184274,2.9394780115834473,2559.79286065856,3.0035576158047834,3438.8481681333333
sampling_proportion,0.8693693693693693,relevance,2.308473049916885,2.902273770975654,2495.7181472337393,2.988774347320002,3392.264994780201
sampling_proportion,0.8693693693693693,denseweight,2.33324134249489,2.936409594818302,2554.292352565679,3.0061212274133604,3477.4948962379
sampling_proportion,0.8707707707707707,relevance,2.242766186939243,2.825592084036747,2365.6355555119735,2.920571591387628,3222.9406703356435
sampling_proportion,0.8707707707707707,denseweight,2.3352790485535375,2.976004907011375,2623.9869068338016,3.0292478157463054,3532.948992932428
sampling_proportion,0.8721721721721721,relevance,2.260408840526941,2.8824824236923905,2461.904575062992,2.968758860419009,3322.941341473364
sampling_proportion,0.8721721721721721,denseweight,2.307159603618154,2.9395924412595105,2560.005651750761,3.000332536918079,3451.195981900022
sampling_proportion,0.8735735735735735,relevance,2.2427376524193106,2.8463432038117666,2400.350717056326,2.9408206473335383,3266.8800161654403
sampling_proportion,0.8735735735735735,denseweight,2.302629918743831,2.9208017576153753,2527.1124993197627,2.9885800662205937,3431.9851411977743
sampling_proportion,0.8749749749749749,relevance,2.2616978558532805,2.867273836603163,2435.825524568129,2.9611397669391475,3320.8584961198217
sampling_proportion,0.8749749749749749,denseweight,2.3098977175160758,2.964601297155138,2604.0626258486914,3.0132343208598074,3492.2693545118036
sampling_proportion,0.8763763763763763,relevance,2.27422601456281,2.8915574310272687,2477.1017516027855,2.9815775440725747,3352.731423167111
sampling_proportion,0.8763763763763763,denseweight,2.3154324782843267,2.9538682585762692,2584.819067762427,3.0185301212837854,3497.7819286238314
sampling_proportion,0.8777777777777777,relevance,2.274068931804075,2.886679725183754,2468.9014226048566,2.979090228043623,3332.6059359918877
sampling_proportion,0.8777777777777777,denseweight,2.2986286887100342,2.930989478136236,2544.8214057542395,2.990633891758239,3416.7715133300185
sampling_proportion,0.8791791791791791,relevance,2.260231755449123,2.858023117031013,2420.182679027375,2.9445490487014303,3288.4586502610264
sampling_proportion,0.8791791791791791,denseweight,2.3051561396530817,2.936601519388727,2554.7503232953163,2.9944009923855672,3427.875336628527
sampling_proportion,0.8805805805805805,relevance,2.271756162348276,2.8595226212595146,2422.2675949890504,2.945938333710054,3289.4537239416486
sampling_proportion,0.8805805805805805,denseweight,2.3501252447952234,2.9905092963148547,2649.4978382295876,3.055573757828421,3583.707793741862
sampling_proportion,0.8819819819819819,relevance,2.2987736539609425,2.9131785230533236,2514.3588742344514,3.0077689839074893,3408.7231681639973
sampling_proportion,0.8819819819819819,denseweight,2.3124272331727247,2.91550906356878,2518.1526667520957,2.984447996447319,3447.1375334339914
sampling_proportion,0.8833833833833833,relevance,2.273919052854871,2.859830501376238,2422.9918847914155,2.9571017310902143,3318.489615145489
sampling_proportion,0.8833833833833833,denseweight,2.324910143969245,2.9181027366917274,2522.7392741033914,2.9838512523094094,3459.5652067805195
sampling_proportion,0.8847847847847847,relevance,2.272985958111861,2.8383638775325113,2387.098290981212,2.9359956156782174,3283.5020069350417
sampling_proportion,0.8847847847847847,denseweight,2.3176761474028247,2.968530705641501,2610.690835384617,3.0359867822029276,3504.025102302571
sampling_proportion,0.886186186186186,relevance,2.258790800845082,2.8648366936115095,2431.6636938734514,2.9419691356489297,3281.8331543109134
sampling_proportion,0.886186186186186,denseweight,2.3068313247086265,2.937669473332644,2556.803199183791,2.9891670566564312,3427.0886548086696
sampling_proportion,0.8875875875875875,relevance,2.290610052883966,2.887526107101221,2469.7270425674265,2.976602977061366,3375.9946054951856
sampling_proportion,0.8875875875875875,denseweight,2.3263918667197494,2.9476736166964113,2573.9696517307984,3.0073991000848252,3488.790050046581
sampling_proportion,0.8889889889889889,relevance,2.2690360980299613,2.8455567674286932,2398.7980591940827,2.9419288390408256,3295.9981921094736
sampling_proportion,0.8889889889889889,denseweight,2.299942367450256,2.9361709626285473,2553.9802326703907,3.0032979307496626,3443.6639130152535
sampling_proportion,0.8903903903903904,relevance,2.2523403860604745,2.824399673773741,2363.6182356589716,2.9068054339770155,3238.7527614718488
sampling_proportion,0.8903903903903904,denseweight,2.307770147187252,2.9167322658091104,2520.4163943218555,2.9753857415246374,3408.2404246773667
sampling_proportion,0.8917917917917917,relevance,2.270552421953471,2.860122887897396,2423.281183065269,2.941234827519346,3280.334184094446
sampling_proportion,0.8917917917917917,denseweight,2.327013580898543,2.9673009947431974,2608.2187324638803,3.027334034435038,3503.9395243162853
sampling_proportion,0.8931931931931931,relevance,2.2902465274996424,2.886562474142499,2468.834974032589,2.971727480687232,3371.18202398304
sampling_proportion,0.8931931931931931,denseweight,2.3059722987021583,2.9371150410654456,2555.754420303416,2.9981508209957703,3458.9352253658385
sampling_proportion,0.8945945945945946,relevance,2.251371429460692,2.8498693181883445,2406.1375571415433,2.9422394614777456,3281.5204633228504
sampling_proportion,0.8945945945945946,denseweight,2.303676819562964,2.9480850081390217,2574.832060510488,3.0041470485255766,3461.4817177847513
sampling_proportion,0.8959959959959959,relevance,2.2875170830934555,2.860554641687544,2424.3338941490415,2.958584729097132,3331.2727087287685
sampling_proportion,0.8959959959959959,denseweight,2.3293238804449596,2.9824632427588775,2635.355828834266,3.0375026767399835,3531.271479889453
sampling_proportion,0.8973973973973973,relevance,2.257262836519189,2.8727439163089246,2445.1527528292413,2.971857602014472,3334.305078557593
sampling_proportion,0.8973973973973973,denseweight,2.308830384805305,2.924286721114967,2533.4637327648575,2.985806246673214,3407.9424992581908
sampling_proportion,0.8987987987987988,relevance,2.242779406613292,2.830191229383426,2373.105139164626,2.922247393725286,3231.393098550541
sampling_proportion,0.8987987987987988,denseweight,2.303899584596485,2.9340891776789864,2550.590802755013,3.00093758550712,3445.867920427041
sampling_proportion,0.9002002002002001,relevance,2.2832531412878287,2.90820030450524,2505.977514601264,2.993598136043388,3365.859750490536
sampling_proportion,0.9002002002002001,denseweight,2.3016184248491096,2.914806425346136,2516.775045440298,2.978864517701462,3407.8224587833374
sampling_proportion,0.9016016016016015,relevance,2.297960935100688,2.921724633436117,2529.2821698568337,3.002393167019216,3431.645436598728
sampling_proportion,0.9016016016016015,denseweight,2.27924389407982,2.891380983883717,2476.607962309963,2.9589623062999393,3345.318839587318
sampling_proportion,0.903003003003003,relevance,2.248242461248532,2.8402207628312377,2389.9334931044705,2.923230428083309,3248.21138834102
sampling_proportion,0.903003003003003,denseweight,2.3053136914723353,2.941741094400677,2564.077656373059,2.999375322418125,3440.6920634888097
sampling_proportion,0.9044044044044043,relevance,2.271168621852824,2.891156873535668,2476.186564969659,2.975492795205014,3336.2415931994415
sampling_proportion,0.9044044044044043,denseweight,2.3096897668551875,2.9581843820298905,2592.7618779154527,3.018992737088176,3484.065642480335
sampling_proportion,0.9058058058058057,relevance,2.259034774821299,2.88238175245691,2461.253747998203,2.9644037504054204,3308.5077775517857
sampling_proportion,0.9058058058058057,denseweight,2.306249119695749,2.932114390933564,2546.775538934766,3.0012475899316122,3446.0769398542184
sampling_proportion,0.9072072072072072,relevance,2.269243215038424,2.876906450811316,2452.352918941314,2.9649188258026453,3307.52141993363
sampling_proportion,0.9072072072072072,denseweight,2.3172782490412214,2.958196438747961,2592.5654312767833,3.019684954896452,3486.163459517912
sampling_proportion,0.9086086086086085,relevance,2.2660480765109274,2.863693019693101,2429.7598331263757,2.95674253280333,3323.516030932147
sampling_proportion,0.9086086086086085,denseweight,2.3087719999181084,2.952239260853472,2582.029844044396,3.0104559473915176,3448.456994984202
sampling_proportion,0.9100100100100099,relevance,2.258748338249374,2.886175207097979,2467.9215444775828,2.977216552067499,3322.796098932531
sampling_proportion,0.9100100100100099,denseweight,2.3159393636385177,2.9311971775056826,2545.6357414279373,2.9935241794212053,3432.5110370806888
sampling_proportion,0.9114114114114114,relevance,2.3027250319193926,2.894568895619865,2482.219457029832,2.991006986163622,3414.189668063645
sampling_proportion,0.9114114114114114,denseweight,2.3496108653466776,2.9797312536991623,2630.3312763795952,3.0418948612509524,3549.664189507579
sampling_proportion,0.9128128128128127,relevance,2.2729821500686644,2.899233032309132,2490.0858384661938,2.989626103314016,3372.9516240360967
sampling_proportion,0.9128128128128127,denseweight,2.299078854348606,2.9332305265893215,2548.745458627041,2.99101098479305,3407.0388071299353
sampling_proportion,0.9142142142142141,relevance,2.262928766397776,2.864684277494425,2431.3831064959954,2.95313020510916,3306.8217991409483
sampling_proportion,0.9142142142142141,denseweight,2.3360953933435304,2.9654851453408426,2605.338914724101,3.039269949862408,3524.4949887744287
sampling_proportion,0.9156156156156156,relevance,2.2645250391665,2.841101096333799,2391.4359955589966,2.932223704320236,3282.8145524558827
sampling_proportion,0.9156156156156156,denseweight,2.3114216033240513,2.9461522073772395,2571.144814057959,2.988610469912755,3461.785992910454
sampling_proportion,0.917017017017017,relevance,2.293928111889527,2.896214528669832,2485.011487944854,2.991611134384388,3398.0939733016007
sampling_proportion,0.917017017017017,denseweight,2.3037821213324303,2.9340529633032535,2550.3701095832275,2.9998604684777357,3434.92951298816
sampling_proportion,0.9184184184184183,relevance,2.253425395023817,2.8586030497012946,2421.035390049726,2.953088465227717,3275.666123492052
sampling_proportion,0.9184184184184183,denseweight,2.3317499611330295,2.958908454532938,2593.7135198634705,3.0253597473502545,3511.46707222541
sampling_proportion,0.9198198198198198,relevance,2.2565095071372223,2.868633600940095,2437.868922643365,2.951874134036689,3309.980669675353
sampling_proportion,0.9198198198198198,denseweight,2.330034906458023,2.92481054730219,2534.263977117863,2.9826370703559233,3445.287778986475
sampling_proportion,0.9212212212212212,relevance,2.2880525439668364,2.894525124387436,2482.1645667440425,2.9868045505966836,3383.8518073050122
sampling_proportion,0.9212212212212212,denseweight,2.325108902646898,2.9463589382266484,2571.5341145660605,3.014789977985366,3482.0774785692365
sampling_proportion,0.9226226226226225,relevance,2.289070192083668,2.88640272278413,2468.1691165379,2.975674362315832,3331.950665456184
sampling_proportion,0.9226226226226225,denseweight,2.2989354953458485,2.9448934641874613,2569.6692059199236,2.9970150032603327,3435.6874687026516
sampling_proportion,0.924024024024024,relevance,2.247748249317043,2.846265840756248,2399.981649605194,2.9382940607527144,3270.5865344352765
sampling_proportion,0.924024024024024,denseweight,2.320000965462182,2.9541740133298227,2585.31874213196,3.0192162569537366,3490.35370868324
sampling_proportion,0.9254254254254254,relevance,2.286246731134282,2.867382123364999,2436.077292541129,2.9506452990270495,3323.0976326807013
sampling_proportion,0.9254254254254254,denseweight,2.3147063967894232,2.934883255499214,2551.6113586492575,2.9872803607039713,3437.7002301051316
sampling_proportion,0.9268268268268267,relevance,2.262146798885723,2.850530801627977,2407.240540251893,2.9415553734206745,3291.1502157763694
sampling_proportion,0.9268268268268267,denseweight,2.322408028001065,2.965010593305158,2604.3939743899236,3.0312380567446042,3501.4114838618993
sampling_proportion,0.9282282282282281,relevance,2.28924412676209,2.8678591553352395,2436.4078619716324,2.9693525774066383,3365.946825286915
sampling_proportion,0.9282282282282281,denseweight,2.3058767253051498,2.9358991258713507,2553.666388015571,3.0082909901942423,3451.6677542337884
sampling_proportion,0.9296296296296296,relevance,2.2859220957637616,2.9039757216268582,2498.4466697456637,2.9943712937815183,3367.9314191172875
sampling_proportion,0.9296296296296296,denseweight,2.3075972072524538,2.9396507782934957,2559.8541389837633,2.993483244669814,3447.5008037603216
sampling_proportion,0.9310310310310309,relevance,2.263507934296058,2.877445567759114,2452.972028434587,2.9588724432773574,3311.2975501173064
sampling_proportion,0.9310310310310309,denseweight,2.3127163040655714,2.9342449745910004,2550.915962274342,2.9945985589314428,3450.086280334782
sampling_proportion,0.9324324324324323,relevance,2.2658840258598176,2.8612642610844885,2425.5460976296063,2.9568928536357553,3311.5857614373626
sampling_proportion,0.9324324324324323,denseweight,2.3152239118356324,2.951160888080222,2580.024733529362,3.0132603534602422,3458.9242308127195
sampling_proportion,0.9338338338338338,relevance,2.241502646517395,2.849773950442867,2406.026936779248,2.9307054859663,3231.4844855899596
sampling_proportion,0.9338338338338338,denseweight,2.307785553902601,2.9637851300587204,2602.308051454416,3.020717149850893,3468.387909716922
sampling_proportion,0.9352352352352351,relevance,2.3202059203593395,2.9074266561442217,2504.529398980599,2.9945910738377424,3435.8233421724103
sampling_proportion,0.9352352352352351,denseweight,2.3095516121657,2.910798487328479,2510.1310015592726,2.970602468131432,3413.1474233210483
sampling_proportion,0.9366366366366365,relevance,2.299397923620852,2.8936687458496166,2480.624551682832,2.9770137068775835,3376.2049894594697
sampling_proportion,0.9366366366366365,denseweight,2.302034726093677,2.9407274931461598,2562.1143752885955,2.9930145816464915,3415.6787320475687
sampling_proportion,0.938038038038038,relevance,2.2842944996617645,2.895283951965398,2483.7034727516693,2.984193016870388,3352.3044408672167
sampling_proportion,0.938038038038038,denseweight,2.318861354093289,2.943314123440877,2566.3277026386418,3.0087391728798174,3464.094038148579
sampling_proportion,0.9394394394394393,relevance,2.2487319253261195,2.834149159172414,2379.651584243321,2.924290634623993,3246.9659099423206
sampling_proportion,0.9394394394394393,denseweight,2.307894389372795,2.9465334214592267,2572.2807974232787,3.009547780828684,3467.3354242172463
sampling_proportion,0.9408408408408407,relevance,2.258430317477536,2.871599544045087,2443.3755597515988,2.950798862663377,3301.7831422637664
sampling_proportion,0.9408408408408407,denseweight,2.329060040998565,2.949283432823401,2576.991546507199,3.0110887923404595,3480.384816228412
sampling_proportion,0.9422422422422422,relevance,2.2733638384314094,2.868190624773047,2437.2661000745543,2.9489775044717144,3299.252110426296
sampling_proportion,0.9422422422422422,denseweight,2.3002048219875504,2.9312122113596706,2545.286142029126,2.988771596723271,3398.8738901482634
sampling_proportion,0.9436436436436436,relevance,2.273840969754809,2.8890948299639354,2472.988390242006,2.968615212143581,3335.8089792364085
sampling_proportion,0.9436436436436436,denseweight,2.3118879247225625,2.9492898487246233,2577.3100859682045,3.0128014437815844,3470.693599187454
sampling_proportion,0.9450450450450449,relevance,2.300389669188448,2.9043388226449873,2498.9149726835044,2.9938758741385563,3402.8554382923753
sampling_proportion,0.9450450450450449,denseweight,2.3359257705512233,2.960945688909159,2597.1922030370197,3.0201251714130715,3496.135682452101
sampling_proportion,0.9464464464464464,relevance,2.2818954330572137,2.9123815602400427,2512.6777610358245,2.9946599296230563,3383.3786380859306
sampling_proportion,0.9464464464464464,denseweight,2.294641326285134,2.9136723639086894,2515.2645398494546,2.9838498240800733,3402.6187263083825
sampling_proportion,0.9478478478478478,relevance,2.285723128400066,2.870677923471689,2441.6162030661962,2.9674336048779435,3344.269031515337
sampling_proportion,0.9478478478478478,denseweight,2.304815328398993,2.9415793849881293,2563.337828103459,2.9991329843807173,3442.3112385831905
sampling_proportion,0.9492492492492491,relevance,2.290107254677677,2.9003380909073373,2491.9701542029206,2.9876962790649313,3405.5272373114108
sampling_proportion,0.9492492492492491,denseweight,2.3056590189345103,2.943484806097264,2566.842036415841,3.001086763646005,3446.1878206599445
sampling_proportion,0.9506506506506506,relevance,2.2817850241559,2.89715128886285,2486.7173009326607,2.976211064762101,3358.462145688507
sampling_proportion,0.9506506506506506,denseweight,2.316298964078569,2.9322315994441595,2547.0348763187462,2.993830900833741,3449.7922406499006
sampling_proportion,0.952052052052052,relevance,2.257146720482892,2.8533577890439874,2412.2831629688235,2.942491892443457,3290.656495702234
sampling_proportion,0.952052052052052,denseweight,2.3403138565261217,2.9513751462056286,2580.871874614363,3.0247266472259238,3529.9198636371534
sampling_proportion,0.9534534534534533,relevance,2.2680643048905496,2.86071847535743,2424.783172647035,2.9503629827093993,3289.9443721140965
sampling_proportion,0.9534534534534533,denseweight,2.3545995200735743,2.9862964726946775,2641.777560545398,3.05332526338344,3564.7349772768703
sampling_proportion,0.9548548548548548,relevance,2.2829609707083423,2.8998964593211194,2491.3883442389433,2.9785409443633193,3354.623355908083
sampling_proportion,0.9548548548548548,denseweight,2.304592121327398,2.9221694759730097,2529.868152453688,2.977966969643369,3408.8557618423674
sampling_proportion,0.9562562562562562,relevance,2.2727857918148313,2.8766827467953315,2451.7550717263994,2.9660354160472093,3329.1253781001833
sampling_proportion,0.9562562562562562,denseweight,2.310272656820362,2.9416228656868126,2563.4838337453302,3.0113506127943266,3448.665334017513
sampling_proportion,0.9576576576576575,relevance,2.2836030815690265,2.861436238546666,2425.7259915143136,2.960111172383852,3326.981136288984
sampling_proportion,0.9576576576576575,denseweight,2.3167532043874948,2.9349963716064313,2551.8569828789005,2.996372902757495,3448.647524336456
sampling_proportion,0.959059059059059,relevance,2.259674289117794,2.8744390621776605,2448.1788926603567,2.960744126900565,3317.3780590681313
sampling_proportion,0.959059059059059,denseweight,2.3284270493326686,2.934414075345914,2550.952238819095,2.9997038283095545,3463.8005011655105
sampling_proportion,0.9604604604604604,relevance,2.258400720083951,2.8763602652538083,2451.2121468739524,2.964084281372291,3282.9032215284756
sampling_proportion,0.9604604604604604,denseweight,2.313863094022677,2.938466620388863,2557.7270353450294,3.0022701222228205,3443.963439125772
sampling_proportion,0.9618618618618617,relevance,2.268690111557018,2.853057521762076,2411.815040622452,2.9441140997401285,3315.0962593746694
sampling_proportion,0.9618618618618617,denseweight,2.2981382298065767,2.9278112123333964,2539.338996620815,2.9877182826553965,3424.7866915881814
sampling_proportion,0.9632632632632632,relevance,2.268572510524968,2.840643482720406,2390.731748070893,2.932758596275015,3279.103169374034
sampling_proportion,0.9632632632632632,denseweight,2.341467488765968,2.952568035800315,2582.528285781131,3.01813363695376,3514.800147265011
sampling_proportion,0.9646646646646646,relevance,2.273956351077976,2.866572807886226,2434.7863012309413,2.951004629002228,3300.1952005046974
sampling_proportion,0.9646646646646646,denseweight,2.3238235456232172,2.9473425983254398,2573.8351908970294,3.019681614671422,3493.8467388781137
sampling_proportion,0.9660660660660659,relevance,2.2620420730180903,2.826987838808088,2368.3244774597088,2.9220568693596003,3258.3075032761
sampling_proportion,0.9660660660660659,denseweight,2.315130326467297,2.93949230724691,2559.453879923472,3.004409713339636,3448.0415875901194
sampling_proportion,0.9674674674674674,relevance,2.2843351069155093,2.8719001727471563,2443.753699714256,2.9597575701350274,3328.688849493484
sampling_proportion,0.9674674674674674,denseweight,2.3016864206580046,2.927708560765175,2539.285358674886,2.99451706474187,3423.7266015560613
sampling_proportion,0.9688688688688688,relevance,2.241844303213432,2.8409018212022903,2390.97479920522,2.927987333272008,3242.1089839772026
sampling_proportion,0.9688688688688688,denseweight,2.304994362182789,2.915820889677989,2518.702941816684,2.9849889505893628,3411.7567618816142
sampling_proportion,0.9702702702702702,relevance,2.265836606656455,2.868180495152085,2437.339878868943,2.9676536014540633,3333.9395953675207
sampling_proportion,0.9702702702702702,denseweight,2.3121205024609313,2.942571019770072,2565.019527166441,3.005717956928653,3464.8463442228494
sampling_proportion,0.9716716716716716,relevance,2.2597838724161488,2.872327588938541,2444.4255178093813,2.957276172246546,3297.2348518194945
sampling_proportion,0.9716716716716716,denseweight,2.326553188305257,2.94928744113062,2576.945562607974,3.00718156249442,3482.4648724587805
sampling_proportion,0.973073073073073,relevance,2.3042694115078475,2.904390753680896,2499.071185041603,2.990911019124168,3404.418523346988
sampling_proportion,0.973073073073073,denseweight,2.3070831551642312,2.94306323770551,2565.963171249373,2.999068957400919,3444.3327887187666
sampling_proportion,0.9744744744744744,relevance,2.283941198911796,2.880275597171283,2457.788243323448,2.966298097384874,3325.5542002444836
sampling_proportion,0.9744744744744744,denseweight,2.3103972653131635,2.921191995064478,2528.4460462404704,2.977671908199897,3428.573202636067
sampling_proportion,0.9758758758758758,relevance,2.3044829807985496,2.8982772856776147,2488.5602807365703,2.986700381846379,3379.0981044498008
sampling_proportion,0.9758758758758758,denseweight,2.3308263596046266,2.954120114883998,2585.425320485579,3.025134234848448,3534.2909244984053
sampling_proportion,0.9772772772772772,relevance,2.280570128826046,2.8640242083086007,2430.1009621907683,2.9674819623899285,3347.064573666419
sampling_proportion,0.9772772772772772,denseweight,2.3118179435755115,2.930629803206409,2544.4827583943324,2.9958076086603005,3463.4419478758955
sampling_proportion,0.9786786786786786,relevance,2.275192120871039,2.897878281975884,2487.8295148393418,2.982648906060454,3333.920225805897
sampling_proportion,0.9786786786786786,denseweight,2.306161156919604,2.931218741225571,2545.6547508453914,2.9886444749614314,3435.9392136936613
sampling_proportion,0.98008008008008,relevance,2.2682793031885264,2.8572893150565624,2418.818136480651,2.948593370471745,3316.371863968281
sampling_proportion,0.98008008008008,denseweight,2.2806216949672904,2.926100626933691,2536.7691847847827,2.9780426271139944,3406.564200175002
sampling_proportion,0.9814814814814814,relevance,2.264486356565432,2.8434687962645415,2395.5557331686537,2.937016028282928,3284.569162005614
sampling_proportion,0.9814814814814814,denseweight,2.3134843536455496,2.9466483054020705,2572.338638566615,3.008775913424235,3467.9552123091285
sampling_proportion,0.9828828828828828,relevance,2.269472773246203,2.850994317024079,2408.162642907966,2.937743720708455,3264.5346422018697
sampling_proportion,0.9828828828828828,denseweight,2.284133597817101,2.8994026948582285,2490.3227678526528,2.9613150864911093,3346.0101472495912
sampling_proportion,0.9842842842842842,relevance,2.255871699148673,2.865914173612385,2433.5783717771938,2.9665667749439493,3320.5251077693183
sampling_proportion,0.9842842842842842,denseweight,2.3030152056596513,2.9342836797302763,2550.871697558527,2.993289499980442,3441.637684323291
sampling_proportion,0.9856856856856856,relevance,2.2697244716494986,2.8641437367663807,2430.568970950526,2.953711578164914,3320.9561670593766
sampling_proportion,0.9856856856856856,denseweight,2.29678694500165,2.924535052364756,2533.688680110203,2.9862704942159763,3403.0044204251594
sampling_proportion,0.987087087087087,relevance,2.2637559189016536,2.8566913193408934,2417.9642129239987,2.9458718710758873,3287.9518795047825
sampling_proportion,0.987087087087087,denseweight,2.322230769103162,2.959669882077898,2595.066533764393,3.0233476227292453,3498.667119125051
sampling_proportion,0.9884884884884884,relevance,2.2675399723039136,2.8742927184838987,2447.8429283479413,2.9687935020960112,3337.4243690866138
sampling_proportion,0.9884884884884884,denseweight,2.3204258716801878,2.9508021562947566,2579.425597193086,3.0043484093892325,3476.006810446714
sampling_proportion,0.9898898898898898,relevance,2.2387978394767245,2.845308173706541,2398.8243512148106,2.9330632552123266,3271.0250300533276
sampling_proportion,0.9898898898898898,denseweight,2.321431373585387,2.963882555531204,2602.809687971881,3.0256763742507564,3496.512464252828
sampling_proportion,0.9912912912912912,relevance,2.284492665974104,2.8572432811255286,2418.5395792937848,2.951194094794269,3313.878044666517
sampling_proportion,0.9912912912912912,denseweight,2.2916001597832962,2.905449742132956,2500.853669029879,2.959012836529897,3376.8467254129546
sampling_proportion,0.9926926926926926,relevance,2.282800342583117,2.8956873342440796,2484.640682838392,2.9794609774836034,3349.8626794980783
sampling_proportion,0.9926926926926926,denseweight,2.317362556017192,2.9660539572610287,2606.209391946882,3.022951961606806,3491.138537807289
sampling_proportion,0.994094094094094,relevance,2.2491954283727176,2.846332414660363,2400.1410017762432,2.9408139939328746,3266.8961134407273
sampling_proportion,0.994094094094094,denseweight,2.3368853343180724,2.970070059910127,2613.077041552703,3.0286056653562414,3517.507642014613
sampling_proportion,0.9954954954954954,relevance,2.2509970677145406,2.8425507844826754,2393.8853870399826,2.9264958373772436,3249.681438624932
sampling_proportion,0.9954954954954954,denseweight,2.3168003398648658,2.9556688457620863,2587.9651348033376,3.00749237871152,3467.1502234620193
sampling_proportion,0.9968968968968969,relevance,2.2971184142912238,2.867173237116932,2435.4451581741823,2.961459717858128,3359.9897134164853
sampling_proportion,0.9968968968968969,denseweight,2.2832011580232394,2.914832888027644,2517.0551973126753,2.9746744503007636,3394.510677623145
sampling_proportion,0.9982982982982982,relevance,2.2726507954339574,2.8845551438018453,2464.9897411810857,2.9804684909065666,3371.819723205211
sampling_proportion,0.9982982982982982,denseweight,2.3119464611349416,2.9472091369840703,2573.1311459470403,3.014876881606957,3471.464070033826
sampling_proportion,0.9996996996996996,relevance,2.2656236664919365,2.8716915657166107,2443.457630570946,2.9607699571514505,3307.2418764309487
sampling_proportion,0.9996996996996996,denseweight,2.3338278263769174,2.94902229503984,2576.452174493342,3.007826392355607,3492.856714839996
sampling_proportion,1.001101101101101,relevance,2.2713128265004725,2.877155673813406,2452.7590825906523,2.9627160488060307,3327.7705451714633
sampling_proportion,1.001101101101101,denseweight,2.3267702967711794,2.9698330892453657,2613.068023634115,3.030401213660546,3525.245545921454
sampling_proportion,1.0025025025025025,relevance,2.2393317377204216,2.8310519554740945,2374.654092618522,2.924155917847636,3234.001955916129
sampling_proportion,1.0025025025025025,denseweight,2.307606704628343,2.925209277176869,2534.929804757739,2.991407065284294,3438.4648830968263
sampling_proportion,1.003903903903904,relevance,2.2840884156578474,2.8768983877957153,2452.2652723988404,2.980449738873536,3399.716869368051
sampling_proportion,1.003903903903904,denseweight,2.302092724342533,2.9234743413870867,2531.9651378868825,2.993177444515408,3431.3278270527994
sampling_proportion,1.0053053053053054,relevance,2.267226358294467,2.9058025853324594,2501.798252030298,2.990846238405914,3355.213610409756
sampling_proportion,1.0053053053053054,denseweight,2.317566510386516,2.9341987115296244,2550.3686505188266,3.0033358288004806,3453.8270683170126
sampling_proportion,1.0067067067067066,relevance,2.261324120093652,2.852444166586689,2410.359594479179,2.94874557560328,3291.5491029630666
sampling_proportion,1.0067067067067066,denseweight,2.334228698445098,2.928530691286181,2540.9351293438635,2.994707551091506,3489.8037285395935
sampling_proportion,1.008108108108108,relevance,2.248360556022185,2.8714872935051017,2443.121217415254,2.958822296484419,3311.128440374945
sampling_proportion,1.008108108108108,denseweight,2.3064538603244022,2.9317715544905933,2546.3233109510325,2.9900973072072294,3427.3502404164788
sampling_proportion,1.0095095095095095,relevance,2.2540868086879366,2.8635118692339927,2429.2381500857273,2.9504604065126188,3290.5545020173195
sampling_proportion,1.0095095095095095,denseweight,2.330984328904432,2.935155249660317,2551.7706423816962,2.986721888198606,3472.458888110324
sampling_proportion,1.010910910910911,relevance,2.2830165684564823,2.8615116395544473,2426.1042645862544,2.957864300266319,3325.0370117822913
sampling_proportion,1.010910910910911,denseweight,2.3139632231720273,2.9195818320866764,2525.135764152058,2.984377031048309,3423.132870945918
sampling_proportion,1.0123123123123123,relevance,2.249544065902505,2.84173521183277,2392.8789868680883,2.9189918287550753,3237.371843394494
sampling_proportion,1.0123123123123123,denseweight,2.312672142222804,2.92962354496019,2542.5607301791088,3.00588170812685,3453.990722703594
sampling_proportion,1.0137137137137138,relevance,2.251811314359036,2.870282358673773,2441.015426120257,2.960727344684618,3314.254777087555
sampling_proportion,1.0137137137137138,denseweight,2.346496673376236,2.9489027722532324,2576.0525557272663,3.0169381097238683,3500.671387068131
sampling_proportion,1.015115115115115,relevance,2.2898573719884108,2.897367469513302,2487.333688124898,2.994444727018673,3416.184142897944
sampling_proportion,1.015115115115115,denseweight,2.313181212538131,2.9469879122205094,2573.0406776385007,3.008652672191558,3455.309375449274
sampling_proportion,1.0165165165165164,relevance,2.2447632446294983,2.8356326043490525,2382.192311178336,2.9066745446107745,3230.2790204998196
sampling_proportion,1.0165165165165164,denseweight,2.3214328632004624,2.9325456975245143,2547.80633316375,3.0049936807067392,3476.1809314072907
sampling_proportion,1.0179179179179179,relevance,2.257628785488314,2.8763626857115585,2451.3361768061245,2.9651148014288338,3319.616475658008
sampling_proportion,1.0179179179179179,denseweight,2.313105142512677,2.9365195283958054,2554.6166443457773,3.000128239798636,3464.2483291192525
sampling_proportion,1.0193193193193193,relevance,2.2630512413596207,2.868979788729223,2438.6886805225536,2.9624545807426115,3317.039875387135
sampling_proportion,1.0193193193193193,denseweight,2.3278775630302952,2.9523266739821468,2582.161769473456,3.0180875513483305,3485.0104338331967
sampling_proportion,1.0207207207207207,relevance,2.2810016585772193,2.8585987173303784,2421.0094245350533,2.946027707108841,3333.4136493469937
sampling_proportion,1.0207207207207207,denseweight,2.291749816374917,2.9131439678985265,2513.9430999495066,2.9739358245656784,3383.9548475939855
sampling_proportion,1.0221221221221222,relevance,2.2695010782156193,2.8767082312856425,2451.6027546880046,2.971273124203908,3336.3077305417455
sampling_proportion,1.0221221221221222,denseweight,2.304845762266451,2.909893399930577,2508.4061950005744,2.9844775988817256,3440.881388890105
sampling_proportion,1.0235235235235234,relevance,2.268902518697561,2.871442028873747,2442.792873470616,2.9616029009255653,3306.899129535519
sampling_proportion,1.0235235235235234,denseweight,2.302717372078828,2.908159261441084,2505.8066091715227,2.9821353924454717,3416.5145666794388
sampling_proportion,1.0249249249249248,relevance,2.250612948644738,2.829372500320331,2371.905883745954,2.921486505252727,3253.2495711179845
sampling_proportion,1.0249249249249248,denseweight,2.3369261295987127,2.9521133731397082,2581.6220177955815,3.0227516152886222,3525.175832046945
sampling_proportion,1.0263263263263263,relevance,2.2646693611351907,2.8967199064506213,2486.058109735602,2.981228453363017,3346.35251928203
sampling_proportion,1.0263263263263263,denseweight,2.3316136553160764,2.938521695186539,2557.9487331002383,3.0036288525714454,3476.0424954674895
sampling_proportion,1.0277277277277277,relevance,2.2493152193805503,2.846219131054341,2400.2204252319293,2.9308425396572675,3250.1196807929155
sampling_proportion,1.0277277277277277,denseweight,2.310710618542808,2.930816269472794,2544.8356245755026,2.9931030729731,3447.0957976526
sampling_proportion,1.0291291291291291,relevance,2.2684154368434615,2.837362790645663,2385.26610233062,2.9249028804078243,3266.836811176892
sampling_proportion,1.0291291291291291,denseweight,2.3198010516353134,2.9402204263468743,2560.7944177278077,2.998159734860686,3461.1919790444404
sampling_proportion,1.0305305305305306,relevance,2.2429089252301497,2.8459784899963947,2399.598701599736,2.943681350220624,3294.313832984681
sampling_proportion,1.0305305305305306,denseweight,2.3287637857248344,2.951631293563002,2581.0009336978724,3.0189190236995933,3511.5956220609214
sampling_proportion,1.031931931931932,relevance,2.2567237755298186,2.886920648852255,2468.944766582693,2.9686493930720794,3317.4237574402346
sampling_proportion,1.031931931931932,denseweight,2.3413323805402144,2.9739651276535537,2620.1284513283767,3.036208996911588,3536.1305733421786
sampling_proportion,1.0333333333333332,relevance,2.2724692647497036,2.845941079664381,2399.568645262567,2.9417980982647736,3293.0984743533286
sampling_proportion,1.0333333333333332,denseweight,2.3315717249970396,2.9738689510531375,2620.3116605222885,3.031476046584111,3539.2541269476637
sampling_proportion,1.0347347347347347,relevance,2.2978919676798744,2.897609975031692,2487.6949517908624,2.988365086553899,3402.087816884903
sampling_proportion,1.0347347347347347,denseweight,2.3050617699795932,2.9190611315628274,2524.702221389763,2.9823638749952774,3419.5907629918815
sampling_proportion,1.036136136136136,relevance,2.2653464936688423,2.871107163354342,2442.4358755548346,2.9552068611577766,3298.310895753286
sampling_proportion,1.036136136136136,denseweight,2.3208492713313564,2.9532123604243234,2583.6649046801567,3.021706672610219,3483.5975267565696
sampling_proportion,1.0375375375375375,relevance,2.2558943257774295,2.8703936451134875,2441.0939315487662,2.95276706809493,3303.997091414338
sampling_proportion,1.0375375375375375,denseweight,2.297709280549634,2.930734396299824,2544.3930396865976,2.992518357888593,3418.901127970586
sampling_proportion,1.038938938938939,relevance,2.2769031219200158,2.8571986979695185,2418.677144431117,2.9479631142616975,3303.486143781697
sampling_proportion,1.038938938938939,denseweight,2.326070379324607,2.9456423651196046,2570.667493703914,3.0100999597594034,3504.048758678821
sampling_proportion,1.0403403403403404,relevance,2.2847422166364058,2.881265597503546,2459.7973808030747,2.9663417023325342,3339.3650161649502
sampling_proportion,1.0403403403403404,denseweight,2.3176917041717857,2.907464523765887,2504.2189280957273,2.973347300245108,3437.2512727340804
sampling_proportion,1.0417417417417416,relevance,2.301405406960105,2.921679916014505,2529.196214789345,3.0182511586171126,3437.548324513197
sampling_proportion,1.0417417417417416,denseweight,2.3301254232479676,2.941305143931701,2563.0838282874274,3.0103606218181636,3484.141351186637
sampling_proportion,1.043143143143143,relevance,2.2809536993626747,2.8748970318005207,2448.8561257435267,2.957648565499971,3331.6646718376915
sampling_proportion,1.043143143143143,denseweight,2.310965205102212,2.92848907118275,2540.8161360848117,2.9992054130438275,3438.5356520789437
sampling_proportion,1.0445445445445445,relevance,2.2677983886101614,2.8699348831889453,2439.824087005422,2.957203535084828,3309.470421280761
sampling_proportion,1.0445445445445445,denseweight,2.312510486129746,2.9329881195328817,2548.6265005682603,3.007702350050915,3458.4228563041393
sampling_proportion,1.045945945945946,relevance,2.264388714623057,2.8748011290867694,2448.635456936487,2.9620556775182108,3319.6789188056946
sampling_proportion,1.045945945945946,denseweight,2.3417578859486357,2.9572171131826503,2590.749676146462,3.0105671154023597,3520.53197928348
sampling_proportion,1.0473473473473474,relevance,2.2713733175028783,2.8985277371238385,2489.333053553321,2.990018206202666,3363.39116790428
sampling_proportion,1.0473473473473474,denseweight,2.300387873130676,2.9151366501831872,2517.729950304844,2.9878931530642108,3411.7860654257347
sampling_proportion,1.0487487487487488,relevance,2.2531564353539855,2.847014507057167,2401.493716188989,2.9324144396374976,3271.1229437111024
sampling_proportion,1.0487487487487488,denseweight,2.3388198896989425,2.9552323012025736,2587.3589900206684,3.0250824503257934,3514.0796756321706
sampling_proportion,1.05015015015015,relevance,2.280968554992772,2.8666513834113903,2435.040134882595,2.961544635961459,3319.1726033966133
sampling_proportion,1.05015015015015,denseweight,2.3271891014901747,2.9657971255528004,2605.609411390756,3.037004054439716,3511.754108161348
sampling_proportion,1.0515515515515514,relevance,2.2709788741965906,2.843150515141811,2394.944313862397,2.933604450022936,3281.303233342487
sampling_proportion,1.0515515515515514,denseweight,2.3385915552266634,2.958841497827868,2593.8317582186664,3.0326067347996664,3541.709679517345
sampling_proportion,1.0529529529529529,relevance,2.287815745074357,2.9142626188527925,2516.2833278119315,3.0023976565963246,3407.536706212349
sampling_proportion,1.0529529529529529,denseweight,2.319645851464485,2.9324397957510766,2547.5870376885528,2.994538963690646,3465.6781342506697
sampling_proportion,1.0543543543543543,relevance,2.2646986502562427,2.8704610945964415,2441.471321886207,2.955983612451077,3300.3587505423643
sampling_proportion,1.0543543543543543,denseweight,2.329874253319862,2.914697670865261,2516.6522366942168,2.980870611601431,3445.7126459927804
sampling_proportion,1.0557557557557558,relevance,2.2807458839404116,2.907312773553803,2504.1646285429574,2.993002701506049,3380.3843797592326
sampling_proportion,1.0557557557557558,denseweight,2.3291930642893317,2.9207734362405944,2527.080665626916,2.997580304491111,3462.2335942850027
sampling_proportion,1.0571571571571572,relevance,2.264040102432457,2.8796815026821374,2456.7881448156854,2.973006374876995,3330.899165331493
sampling_proportion,1.0571571571571572,denseweight,2.316614450364721,2.9362187773820603,2554.246470491588,3.0004979796675797,3460.3666582712785
sampling_proportion,1.0585585585585586,relevance,2.2469589497456166,2.859601917298203,2422.784152281513,2.9509250457427663,3281.9843549364377
sampling_proportion,1.0585585585585586,denseweight,2.3620720814548144,2.9772068922739683,2625.688849745786,3.0405492833779175,3580.9422064712194
sampling_proportion,1.0599599599599598,relevance,2.250998082830712,2.8534153345868125,2412.363340534622,2.948840915936277,3300.5348713110116
sampling_proportion,1.0599599599599598,denseweight,2.3012254419844234,2.9026009836592275,2495.7525809239396,2.984814795976038,3375.4520602413077
sampling_proportion,1.0613613613613613,relevance,2.2460043558192444,2.8382614325263895,2387.195965424235,2.928014046403007,3237.613699263697
sampling_proportion,1.0613613613613613,denseweight,2.3347962409509515,2.945801739841968,2570.85009934511,3.0075069848236917,3499.2274629856843
sampling_proportion,1.0627627627627627,relevance,2.2595735644338952,2.8701474943928065,2440.5386243674534,2.95085258914849,3285.435456505104
sampling_proportion,1.0627627627627627,denseweight,2.3182261366687937,2.9416026768663373,2563.326828827398,3.0073956495915666,3468.921377896705
sampling_proportion,1.0641641641641642,relevance,2.2529412745174393,2.8414010561616814,2391.9816078160347,2.933471394521063,3264.8379065771687
sampling_proportion,1.0641641641641642,denseweight,2.3238418947886688,2.947739856078105,2574.35315531637,3.015685316257439,3476.268945884831
sampling_proportion,1.0655655655655656,relevance,2.282051642060657,2.8942571746148253,2481.7023686989114,2.975609004821048,3361.470916814682
sampling_proportion,1.0655655655655656,denseweight,2.329206170072089,2.939779105638216,2560.4205686106648,3.0095817282848008,3488.2761221307
sampling_proportion,1.066966966966967,relevance,2.237576712772903,2.839011684122314,2388.0945470179777,2.917882943410943,3233.899566335677
sampling_proportion,1.066966966966967,denseweight,2.3380943453853598,2.980006447857462,2630.9037410763913,3.037638603944763,3545.6503516706857
sampling_proportion,1.0683683683683682,relevance,2.267044547575214,2.8882557125879447,2471.6664020000726,2.966769314811718,3317.796295793525
sampling_proportion,1.0683683683683682,denseweight,2.2887236833959665,2.899505970491316,2490.5144197684244,2.972281156877922,3356.109188663565
sampling_proportion,1.0697697697697697,relevance,2.258311460036497,2.8510111163201106,2408.115806899837,2.9291039978376716,3258.274963150553
sampling_proportion,1.0697697697697697,denseweight,2.3389925158296285,2.9645024154737962,2603.3613538655795,3.0325487370014605,3551.8435066295174
sampling_proportion,1.071171171171171,relevance,2.2869657841756004,2.8950650559273567,2483.1195970291237,2.9940854267476116,3383.997780524855
sampling_proportion,1.071171171171171,denseweight,2.3422570515648804,2.9342096463441774,2550.762757969508,3.0052380620494663,3513.1486175263844
sampling_proportion,1.0725725725725725,relevance,2.2876687846696453,2.8722898962753787,2444.0784884949235,2.9650857385343694,3346.900139325265
sampling_proportion,1.0725725725725725,denseweight,2.319667951068872,2.960805787508702,2596.954783631663,3.021073172961278,3486.2675042127157
sampling_proportion,1.073973973973974,relevance,2.2926196487599038,2.873053257313288,2445.4720155753394,2.9589899814748373,3348.3981420258265
sampling_proportion,1.073973973973974,denseweight,2.3317279574065757,2.958302537014207,2592.4629591221037,3.018154699735085,3505.6348402704975
sampling_proportion,1.0753753753753754,relevance,2.2536606269376063,2.807998755720566,2335.9335714093477,2.909810409829009,3229.5711678059633
sampling_proportion,1.0753753753753754,denseweight,2.3092053516110385,2.911479420325824,2511.0525489220536,2.983715542756182,3431.3920182264233
sampling_proportion,1.0767767767767766,relevance,2.2607851934446987,2.8225835286824252,2360.334453292326,2.9206100944826128,3268.164042433792
sampling_proportion,1.0767767767767766,denseweight,2.3073623621482002,2.9140531708162123,2515.82900088167,2.983014472244696,3415.494667770294
sampling_proportion,1.078178178178178,relevance,2.2677563581271984,2.859507093214237,2422.502144871008,2.9513685628058224,3286.3984275748862
sampling_proportion,1.078178178178178,denseweight,2.3114318774619904,2.9391717489500424,2559.209168370887,2.997498132617343,3437.4751771845686
sampling_proportion,1.0795795795795795,relevance,2.234397501073834,2.8133237590984774,2344.9210053148718,2.895412384033351,3196.4531753718
sampling_proportion,1.0795795795795795,denseweight,2.3245919293191397,2.9405580046966997,2561.6645619453006,3.002261656305935,3462.027413033444
sampling_proportion,1.080980980980981,relevance,2.2734361499180524,2.8693772624052856,2439.351406038558,2.974394177108008,3360.0876619613446
sampling_proportion,1.080980980980981,denseweight,2.3081032982379903,2.916149657434468,2519.253355537695,2.989607028906621,3426.8456249593887
sampling_proportion,1.0823823823823824,relevance,2.2880122647460297,2.891593169322019,2477.2150829669245,2.9838944952662767,3380.2006790826267
sampling_proportion,1.0823823823823824,denseweight,2.3201074701051545,2.910637382691702,2509.7222221763122,2.9837099136376155,3450.9572291714953
sampling_proportion,1.0837837837837838,relevance,2.2849189901582796,2.8858229584802633,2467.375392769823,2.9697460114843364,3367.208537168786
sampling_proportion,1.0837837837837838,denseweight,2.323377193885775,2.96366209153773,2602.0669191714896,3.024827170885325,3504.1243280430294
sampling_proportion,1.0851851851851853,relevance,2.2806414721673227,2.8645462954658667,2431.1936871091557,2.9450257942151556,3324.171015213347
sampling_proportion,1.0851851851851853,denseweight,2.2966948491621717,2.9205601746050194,2526.9608395345963,2.972787123803962,3396.6799112015497
sampling_proportion,1.0865865865865865,relevance,2.2516375876693835,2.853760213747605,2412.7926758157887,2.941915002056452,3301.4296864807175
sampling_proportion,1.0865865865865865,denseweight,2.329311658065882,2.9254485434130513,2535.5364446492163,2.977515037972328,3460.579080053648
sampling_proportion,1.087987987987988,relevance,2.2760509156306306,2.876282480527681,2451.1348731519442,2.9611624230209403,3344.5796858244585
sampling_proportion,1.087987987987988,denseweight,2.322099108915791,2.95587108154033,2588.529213347635,3.0228486610416687,3482.671598956304
sampling_proportion,1.0893893893893893,relevance,2.2593650540033456,2.8656166087947015,2432.8771697422167,2.955628625153589,3292.434239899163
sampling_proportion,1.0893893893893893,denseweight,2.344365094494445,2.9778349935885955,2626.845201934309,3.0377671539142614,3551.0321850316654
sampling_proportion,1.0907907907907908,relevance,2.2995290276033007,2.9195888186165893,2525.9309135462936,2.9986597011660163,3401.6599734620104
sampling_proportion,1.0907907907907908,denseweight,2.3206510005048417,2.9555741883507025,2587.8463940193456,3.013577344595113,3475.767591078458
sampling_proportion,1.0921921921921922,relevance,2.253998697497785,2.879400328758698,2456.481547941652,2.949112928325099,3295.6486560380677
sampling_proportion,1.0921921921921922,denseweight,2.293725539074737,2.938389107636499,2557.967805623691,3.0030058367420485,3459.008487026538
sampling_proportion,1.0935935935935936,relevance,2.2556957607789996,2.873606334820533,2446.822753231119,2.962290972911854,3312.21858840203
sampling_proportion,1.0935935935935936,denseweight,2.3119255786257273,2.9258156132150486,2536.2865196778494,2.9977059234474353,3470.5464308182586
sampling_proportion,1.0949949949949949,relevance,2.292856913034613,2.894948215309757,2483.0553874690872,2.9975896080457884,3410.574262527096
sampling_proportion,1.0949949949949949,denseweight,2.335811831506674,2.9507236564846275,2579.5470704138215,3.024487793930874,3530.2903803478907
sampling_proportion,1.0963963963963963,relevance,2.285673133576054,2.9035875167593646,2498.0875887674038,2.9925355208657525,3388.198319620728
sampling_proportion,1.0963963963963963,denseweight,2.3385178795367287,2.9762936100325756,2624.225529711163,3.0334343845338054,3550.6097427776785
sampling_proportion,1.0977977977977977,relevance,2.2532673213931043,2.823588238319528,2362.2113496535667,2.9076010775258134,3211.9459553846727
sampling_proportion,1.0977977977977977,denseweight,2.297090806855594,2.9059589623335347,2501.5807347159216,2.979727736490555,3408.4324511628347
sampling_proportion,1.0991991991991992,relevance,2.2472542009560725,2.8300789014835326,2372.746057304999,2.9124735314075907,3240.1805782271017
sampling_proportion,1.0991991991991992,denseweight,2.331757496138643,2.9577380037008374,2591.679062323595,3.018978923440915,3514.4029579063813
sampling_proportion,1.1006006006006006,relevance,2.26867576996531,2.8494885348425547,2405.6705535242518,2.9415141286552298,3293.608576405635
sampling_proportion,1.1006006006006006,denseweight,2.318584053812367,2.940819576275984,2562.1117128845112,3.0104108528080236,3466.821921825466
sampling_proportion,1.102002002002002,relevance,2.244328019511381,2.821121069735244,2357.7458195591003,2.9054699410060487,3218.6805800774464
sampling_proportion,1.102002002002002,denseweight,2.3102765394345375,2.9254963654472617,2535.4181038975107,2.9957939316740627,3439.9250982307135
sampling_proportion,1.1034034034034035,relevance,2.282148952489267,2.8682439548266765,2437.095489985674,2.953699298239945,3320.7098257956254
sampling_proportion,1.1034034034034035,denseweight,2.3065401030535493,2.9345493336483983,2551.177817883776,2.9935760994601615,3440.756204508405
sampling_proportion,1.104804804804805,relevance,2.283294949144815,2.880788234025947,2458.7609592181852,2.970877268643819,3344.024389439871
sampling_proportion,1.104804804804805,denseweight,2.289304085216632,2.8767341740304975,2451.483053184648,2.930657501702282,3324.1180655960493
sampling_proportion,1.1062062062062061,relevance,2.2492484546227596,2.8181244986997878,2353.0367670854926,2.9134183448778397,3238.5364575212957
sampling_proportion,1.1062062062062061,denseweight,2.3363583862438673,2.974166102085269,2620.797335052265,3.0360327465916117,3529.267237718696
sampling_proportion,1.1076076076076076,relevance,2.2698617962109653,2.877654348477613,2453.5225949955593,2.97191675022142,3347.7980232276163
sampling_proportion,1.1076076076076076,denseweight,2.318357181106374,2.9297542391942413,2542.770730149066,2.996329105153944,3446.606281011694
sampling_proportion,1.109009009009009,relevance,2.2979378120541747,2.908250536441271,2505.7932822252837,3.0076940252391378,3409.53440039771
sampling_proportion,1.109009009009009,denseweight,2.3298127928734664,2.966265268686718,2606.5987148077093,3.026028693333523,3515.566025267227
sampling_proportion,1.1104104104104104,relevance,2.2812746807825004,2.8730166329579085,2445.4257639194984,2.962007417301001,3326.64028347494
sampling_proportion,1.1104104104104104,denseweight,2.3224425754779534,2.9577810900411845,2591.7086375680883,3.0245406805229327,3494.5851966312766
sampling_proportion,1.1118118118118119,relevance,2.2527156730751297,2.8119005933734056,2342.838355552362,2.904583891947383,3217.0226399455146
sampling_proportion,1.1118118118118119,denseweight,2.3367950639782595,2.9559311743040397,2588.378588103975,3.0211137039083296,3502.447042396021
sampling_proportion,1.1132132132132133,relevance,2.2573400960135714,2.869322139796183,2439.354732136257,2.9641839253674087,3325.7912862874346
sampling_proportion,1.1132132132132133,denseweight,2.313625178902198,2.9316282047654116,2546.069796220705,2.9971540881824046,3452.0018669593696
sampling_proportion,1.1146146146146145,relevance,2.261081987905824,2.838244796301124,2386.8891636304475,2.93986887666353,3283.6793424832504
sampling_proportion,1.1146146146146145,denseweight,2.3180946510472817,2.9461075739292926,2571.206462406736,3.0038981927558437,3474.9254554345584
sampling_proportion,1.116016016016016,relevance,2.263174615639876,2.853349229305271,2412.3109312274546,2.9419696651558525,3285.6040598212794
sampling_proportion,1.116016016016016,denseweight,2.29798399710666,2.9085106090663158,2506.112405814601,2.982524680385863,3398.413300250175
sampling_proportion,1.1174174174174174,relevance,2.2383399584169705,2.861369081590612,2425.8477512859854,2.9381533711155776,3269.838827868353
sampling_proportion,1.1174174174174174,denseweight,2.3089841149725965,2.923611562530403,2532.1256952902695,2.995588805372022,3438.642286538241
sampling_proportion,1.1188188188188188,relevance,2.2895259789052265,2.906129852033639,2502.0967958861406,2.9985729943044093,3397.8060158680214
sampling_proportion,1.1188188188188188,denseweight,2.3070409872461033,2.927577454593987,2539.0347154404235,2.9946580489598293,3416.9031800761786
sampling_proportion,1.1202202202202203,relevance,2.261554723031143,2.857201287892562,2418.8240810254624,2.940007750465657,3285.8059005628074
sampling_proportion,1.1202202202202203,denseweight,2.3209386657515485,2.9481595397587292,2575.1956801569986,3.00658074648291,3485.2765863986115
sampling_proportion,1.1216216216216217,relevance,2.2694391255030295,2.865415139711723,2432.8123252980968,2.9510416474621692,3302.5072721858114
sampling_proportion,1.1216216216216217,denseweight,2.3260809550030626,2.945109336895969,2569.5313894510778,3.01031643821613,3484.3381671433463
sampling_proportion,1.1230230230230231,relevance,2.275657031456377,2.8780049827154035,2454.220078303598,2.9640100334990054,3345.15966540763
sampling_proportion,1.1230230230230231,denseweight,2.3407539260144308,2.957674134225907,2591.5718591009027,3.0200830163424506,3533.198254893724
sampling_proportion,1.1244244244244244,relevance,2.2765673264343445,2.8783366242410393,2454.8498068633444,2.9647118661315006,3322.343398192753
sampling_proportion,1.1244244244244244,denseweight,2.3103665631750174,2.9127212638209836,2513.510498039115,2.9815180503091616,3445.606018392835
sampling_proportion,1.1258258258258258,relevance,2.2635525906086476,2.826798522973937,2367.2621738404227,2.911300963728458,3243.932739379486
sampling_proportion,1.1258258258258258,denseweight,2.324778312167205,2.958799856274386,2593.5069665395545,3.0286800873269426,3511.0465747594626
sampling_proportion,1.1272272272272272,relevance,2.280601953006057,2.875984072477774,2450.4942130002555,2.968527091476051,3369.796078645203
sampling_proportion,1.1272272272272272,denseweight,2.314028085894476,2.9409084916391564,2562.173232435872,3.0082376608182706,3466.724774713188
sampling_proportion,1.1286286286286287,relevance,2.2999878930261497,2.8948351755868087,2482.511476453286,2.9937029131696127,3419.2705702736216
sampling_proportion,1.1286286286286287,denseweight,2.337567837192543,2.9626759557102718,2600.2657621320327,3.0303210586322904,3523.2587727175974
sampling_proportion,1.13003003003003,relevance,2.298941975799514,2.9088484207160596,2506.8914023934435,3.0116127916375794,3419.433438347335
sampling_proportion,1.13003003003003,denseweight,2.3261578022098526,2.9423955462748883,2564.836754375243,3.003632103626963,3489.4496235056495
sampling_proportion,1.1314314314314315,relevance,2.267563642143622,2.8381132215313407,2386.349824107093,2.9252190879714113,3270.514640870925
sampling_proportion,1.1314314314314315,denseweight,2.317754707650021,2.941648956358931,2563.628408642548,3.006837801699697,3461.76730451277
sampling_proportion,1.1328328328328328,relevance,2.264170969806865,2.8585656384412896,2420.7801778061416,2.949610369397668,3311.418566634819
sampling_proportion,1.1328328328328328,denseweight,2.3291039127357105,2.9644081118694365,2603.2136680437925,3.0362314199933276,3542.4890363564778
sampling_proportion,1.1342342342342342,relevance,2.2553348747554764,2.848389561377964,2403.668811316143,2.9364511725452425,3276.694756017685
sampling_proportion,1.1342342342342342,denseweight,2.3348214665447715,2.9667270857786048,2607.545730191228,3.02334269420829,3519.956563128253
sampling_proportion,1.1356356356356356,relevance,2.3002683239449757,2.912949870955047,2514.263847332334,3.013365860061885,3450.7230735663484
sampling_proportion,1.1356356356356356,denseweight,2.3164797838044455,2.958294099146365,2592.7727332988056,3.0214296558252838,3488.836342017513
sampling_proportion,1.137037037037037,relevance,2.2566833215765887,2.852746494456544,2411.080880640125,2.935465910910735,3270.149260633874
sampling_proportion,1.137037037037037,denseweight,2.309766636624065,2.9146485814441,2516.44248006804,2.9827313084500595,3415.0489925980587
sampling_proportion,1.1384384384384385,relevance,2.2527314258516755,2.845501284289615,2399.428050134246,2.942544877729736,3290.996783377994
sampling_proportion,1.1384384384384385,denseweight,2.3144877980679555,2.933160228443617,2548.8694544852747,2.997496298424537,3459.472252278658
sampling_proportion,1.13983983983984,relevance,2.2750019318883075,2.8770612466713126,2452.281005940759,2.968309322737102,3343.9022594648004
sampling_proportion,1.13983983983984,denseweight,2.294766025485304,2.891014112385922,2476.2005044097505,2.956071777660811,3359.696302248824
sampling_proportion,1.1412412412412412,relevance,2.2549722596792487,2.808287954478848,2336.598589350933,2.9133740188342716,3215.0179737098115
sampling_proportion,1.1412412412412412,denseweight,2.320564643465618,2.916157029765538,2519.1794905966785,2.9767238433993652,3426.3290255843417
sampling_proportion,1.1426426426426426,relevance,2.255035270607083,2.852959648839881,2411.322657418542,2.936870982531803,3276.704766166756
sampling_proportion,1.1426426426426426,denseweight,2.3077661898876154,2.9338302632508317,2549.9472544495106,2.9967241966681466,3436.312009073382
sampling_proportion,1.144044044044044,relevance,2.2909204732520165,2.861422490035788,2425.4919551145454,2.9620456040620815,3344.4899219559393
sampling_proportion,1.144044044044044,denseweight,2.313239321489825,2.9519491647933034,2581.4220495985805,3.0084184336499336,3470.955060141792
sampling_proportion,1.1454454454454455,relevance,2.2772792192452225,2.8782181961691182,2454.4334761544847,2.9643443391963125,3341.954552485165
sampling_proportion,1.1454454454454455,denseweight,2.3625076422877216,2.9798558057568374,2630.663447739911,3.0431118898085097,3588.7275684148467
sampling_proportion,1.146846846846847,relevance,2.2652738555707685,2.857428813749864,2419.320318349539,2.9583810854161525,3309.734609310218
sampling_proportion,1.146846846846847,denseweight,2.346269383980522,2.9522133845274428,2581.894193018246,3.0257552930778626,3509.765725536904
sampling_proportion,1.1482482482482483,relevance,2.2715170978303667,2.8485443123634364,2404.0519015121545,2.9435736749999295,3301.666150783824
sampling_proportion,1.1482482482482483,denseweight,2.3376212150365663,2.944023158115592,2567.547261460657,3.0151669894392117,3517.8204510077244
sampling_proportion,1.1496496496496498,relevance,2.2620949564679966,2.8704293548017343,2441.4267262154644,2.955471100104675,3301.6586530898144
sampling_proportion,1.1496496496496498,denseweight,2.319907340089096,2.921208115635295,2527.875843575129,2.986246249667398,3454.6819746441806
sampling_proportion,1.151051051051051,relevance,2.294932354203737,2.847720439234845,2402.8837372784287,2.9589111995343926,3355.748196297729
sampling_proportion,1.151051051051051,denseweight,2.325659329032051,2.9308485780890763,2544.9479275005015,3.0047704049695745,3469.9727939310833
sampling_proportion,1.1524524524524524,relevance,2.2864045745507764,2.8886425737074592,2472.3699129780744,2.982289739942971,3368.1990317643886
sampling_proportion,1.1524524524524524,denseweight,2.308733865482364,2.9009997774717213,2493.192616840774,2.963677040332279,3396.803760930367
sampling_proportion,1.1538538538538539,relevance,2.279478541116243,2.85477398121051,2415.100084829282,2.9364508469914243,3324.827758000673
sampling_proportion,1.1538538538538539,denseweight,2.345981654292421,2.942638011058078,2565.335607992497,3.0159119815140456,3517.4207270950837
sampling_proportion,1.1552552552552553,relevance,2.286734648342694,2.872385502078229,2444.292846269938,2.97811849937751,3371.0826164043124
sampling_proportion,1.1552552552552553,denseweight,2.3162684405390586,2.9425681297222517,2565.115424285617,3.01746815379383,3464.2401096187955
sampling_proportion,1.1566566566566567,relevance,2.284668860688603,2.882702982623693,2461.934760189384,2.9697504594258373,3365.9694820766613
sampling_proportion,1.1566566566566567,denseweight,2.3011562272235753,2.92530280560493,2535.3364440808887,2.991524586366781,3420.535440105523
sampling_proportion,1.1580580580580582,relevance,2.2632976852415214,2.85228188025901,2410.2931576763544,2.9371155630521675,3272.206519036765
sampling_proportion,1.1580580580580582,denseweight,2.311696730055456,2.9072880048979566,2504.1052884203277,2.9668483936011554,3417.7995694969222
sampling_proportion,1.1594594594594594,relevance,2.264994294030243,2.8407466923782856,2390.7498748687717,2.929279949623732,3295.049155749393
sampling_proportion,1.1594594594594594,denseweight,2.305467899455046,2.9257693688900077,2535.983833612099,2.9895515631344556,3426.5669292064963
sampling_proportion,1.1608608608608608,relevance,2.29230981273002,2.8890933206997538,2472.5833114131883,2.9770531446173845,3382.9052422482287
sampling_proportion,1.1608608608608608,denseweight,2.32128821725885,2.9494342837758984,2577.246748465497,3.0213796920669322,3484.1719958066865
sampling_proportion,1.1622622622622623,relevance,2.2747157699655225,2.887925220803113,2471.1733040785284,2.9681599135771823,3339.6826192025483
sampling_proportion,1.1622622622622623,denseweight,2.344379379305578,2.9463976891213077,2571.849278811686,3.0298405386619915,3541.7018600179526
sampling_proportion,1.1636636636636637,relevance,2.2781030331675867,2.8837680071244436,2463.9532190978184,2.9738529663199054,3346.681321105734
sampling_proportion,1.1636636636636637,denseweight,2.3133632103491992,2.9555746316098337,2588.0407229395155,3.0235556904732928,3490.322129062155
sampling_proportion,1.1650650650650651,relevance,2.2567879879341812,2.835512123612942,2382.1448015801216,2.9293772488698266,3243.6016677050698
sampling_proportion,1.1650650650650651,denseweight,2.3000114143781842,2.9326866202152235,2548.0614886627795,2.9971606778321616,3413.278241228066
sampling_proportion,1.1664664664664666,relevance,2.2848166836784287,2.8639572641027113,2430.171551163683,2.959198867703868,3325.329975144509
sampling_proportion,1.1664664664664666,denseweight,2.3542921029025905,2.9945922667054274,2656.9130019335057,3.0470260805074427,3587.274776712865
sampling_proportion,1.1678678678678678,relevance,2.2406391870790454,2.839772601718302,2389.09921316876,2.9364604729782595,3260.1627265610828
sampling_proportion,1.1678678678678678,denseweight,2.3047103067191763,2.9008659529351224,2492.8444811698564,2.9719294878790454,3397.03482422509
sampling_proportion,1.1692692692692692,relevance,2.279275996719546,2.8720819582297823,2443.9951126191836,2.957279459537255,3296.1336024893726
sampling_proportion,1.1692692692692692,denseweight,2.3167355791004516,2.93248654522109,2547.4457092226153,2.997880824801604,3473.5551901697986
sampling_proportion,1.1706706706706707,relevance,2.2693470187741585,2.8510065786607766,2408.2836941231694,2.9397522613109954,3290.0455545470963
sampling_proportion,1.1706706706706707,denseweight,2.3487245684499585,2.963524163554521,2601.6758596376862,3.029138997080773,3528.882708865126
sampling_proportion,1.172072072072072,relevance,2.2614525893343904,2.8817235161131096,2460.817375677315,2.970731216148199,3312.576392084379
sampling_proportion,1.172072072072072,denseweight,2.325605355341614,2.937956950800795,2557.021139430166,3.004658164350597,3483.4649277486133
sampling_proportion,1.1734734734734735,relevance,2.2606846623893664,2.861160059928088,2425.62847128468,2.943411640472926,3288.030190826318
sampling_proportion,1.1734734734734735,denseweight,2.2872973733693813,2.903761929154654,2497.9137615302157,2.979105332242167,3376.863806808924
sampling_proportion,1.174874874874875,relevance,2.2611133438130797,2.8890217973809795,2473.1889072240056,2.978635219017887,3332.179405115586
sampling_proportion,1.174874874874875,denseweight,2.313062135890922,2.9493738460136614,2577.056326205118,3.00638076525786,3462.3462367640677
sampling_proportion,1.1762762762762762,relevance,2.303636347419343,2.908429528775762,2506.0104587366923,2.9914844469087085,3395.3929253642827
sampling_proportion,1.1762762762762762,denseweight,2.327777739805948,2.934772365177437,2551.6750820753914,3.001114264032306,3494.5423470548335
sampling_proportion,1.1776776776776776,relevance,2.297944136882217,2.9110853059954964,2510.683337161671,3.0070797815959915,3417.230247918137
sampling_proportion,1.1776776776776776,denseweight,2.3317126934542913,2.9338978484841527,2550.1287326046863,2.9972904096634374,3490.430617420972
sampling_proportion,1.179079079079079,relevance,2.2720485767701266,2.8615718257329603,2425.9753420572165,2.9482444110626744,3304.7565845782315
sampling_proportion,1.179079079079079,denseweight,2.316355257484697,2.936090539023148,2554.149655732884,3.0039310114119564,3468.8008210371777
sampling_proportion,1.1804804804804805,relevance,2.274611674549379,2.8377919040752815,2385.786908260441,2.9325760908260157,3300.2670836759753
sampling_proportion,1.1804804804804805,denseweight,2.305526767070394,2.909714029529267,2508.566518427139,2.98680904691458,3442.5625026327875
sampling_proportion,1.181881881881882,relevance,2.2840170725492115,2.8735099445497325,2446.176405001355,2.9687388905803758,3342.970182475482
sampling_proportion,1.181881881881882,denseweight,2.2890806565291144,2.891028008801142,2476.062930721982,2.9572773156918184,3356.896924379126
sampling_proportion,1.1832832832832834,relevance,2.2586366935469355,2.8437755682286383,2396.1255001444447,2.9362306426882574,3294.1602652892916
sampling_proportion,1.1832832832832834,denseweight,2.3247585651005367,2.9508315528718962,2579.507824683369,3.012932649323675,3478.892765581565
sampling_proportion,1.1846846846846848,relevance,2.2678856024266585,2.8367794130914854,2383.9258311249305,2.9328095690937066,3282.9296405248674
sampling_proportion,1.1846846846846848,denseweight,2.3117772939516876,2.9473212828775086,2573.8242885614186,3.013221307778246,3450.2770592158436
sampling_proportion,1.186086086086086,relevance,2.3147062436858223,2.8970654346993747,2486.56334210991,2.991178815864505,3445.852935383298
sampling_proportion,1.186086086086086,denseweight,2.305881076691593,2.937586038323817,2556.599668405262,3.0113794126395326,3468.9862273563044
sampling_proportion,1.1874874874874874,relevance,2.2749591807955114,2.8608401324798414,2424.7846896378564,2.9598242106060697,3322.558742873711
sampling_proportion,1.1874874874874874,denseweight,2.309337259417922,2.9217844038564316,2528.9730897674526,2.989352076643132,3414.116028071139
sampling_proportion,1.1888888888888889,relevance,2.285244461259992,2.8786416992349597,2455.1132750920456,2.973688413850556,3356.0023663814272
sampling_proportion,1.1888888888888889,denseweight,2.315767759899936,2.9268189332455803,2537.3580308414944,3.0062558908598542,3474.281296723349
sampling_proportion,1.1902902902902903,relevance,2.3076068509468763,2.8995789255618867,2490.962502009925,2.989245151563543,3384.11934444636
sampling_proportion,1.1902902902902903,denseweight,2.321701843285156,2.94051269965917,2561.638496033762,3.000089834668129,3460.5188370886713
sampling_proportion,1.1916916916916918,relevance,2.308998691056993,2.8956015741101306,2484.3086194131024,2.9798767051777832,3412.966558866904
sampling_proportion,1.1916916916916918,denseweight,2.309416661261528,2.92584470853505,2535.9551201908102,2.9899313169774526,3446.1634931032795
sampling_proportion,1.1930930930930932,relevance,2.279717981108926,2.852562302631726,2411.107153896667,2.941235327986549,3309.619710243113
sampling_proportion,1.1930930930930932,denseweight,2.3540361196328345,2.9819204109791344,2634.2590465205576,3.0393301798801926,3562.6198388103076
sampling_proportion,1.1944944944944944,relevance,2.2767471256573835,2.8523796801172847,2410.5336007429546,2.9373965234592316,3305.536796878752
sampling_proportion,1.1944944944944944,denseweight,2.2923419237175784,2.9173685538730187,2521.5343419963524,2.9810092371048955,3407.332395390387
sampling_proportion,1.1958958958958958,relevance,2.2667650609921095,2.8465977249534986,2400.7374102896383,2.9484630968075094,3309.506531333525
sampling_proportion,1.1958958958958958,denseweight,2.3129016052409828,2.928924100014521,2541.242372727536,3.001968768149804,3451.5979550048855
sampling_proportion,1.1972972972972973,relevance,2.2702728546928377,2.855334904821733,2415.2751041556558,2.936877195028403,3305.762724258259
sampling_proportion,1.1972972972972973,denseweight,2.320319389061038,2.9544825908561836,2586.1265341851413,3.0243248906374602,3509.902098913457
sampling_proportion,1.1986986986986987,relevance,2.276567886242981,2.874830194794545,2448.633389079597,2.9621881432248562,3328.603361975606
sampling_proportion,1.1986986986986987,denseweight,2.3259401770055566,2.9528226000693616,2583.121931088482,3.011580922841874,3498.151742152449
sampling_proportion,1.2001001001001002,relevance,2.2701629091514803,2.849427263981311,2405.757707044468,2.9391823220027447,3297.734497161922
sampling_proportion,1.2001001001001002,denseweight,2.3559401013824535,2.965889852933049,2605.93967505225,3.0373938486874,3560.231644469075
sampling_proportion,1.2015015015015016,relevance,2.263949057821677,2.873177151548753,2446.1408185922796,2.969063822269108,3324.16218025258
sampling_proportion,1.2015015015015016,denseweight,2.345040306207797,2.9511755663836707,2580.1720124081003,3.0200652330896673,3520.712845989267
sampling_proportion,1.2029029029029028,relevance,2.2977638254504256,2.886168638584923,2467.829216097999,2.979825366964173,3391.579969425397
sampling_proportion,1.2029029029029028,denseweight,2.359646118108757,2.9901935895243312,2648.9211774116875,3.0440162529882495,3580.887119764117
sampling_proportion,1.2043043043043042,relevance,2.2933557931909583,2.8739616570545308,2446.934380414128,2.973470267039377,3333.619240319726
sampling_proportion,1.2043043043043042,denseweight,2.303301624519947,2.913122870560313,2514.1615521376148,2.976891178903319,3406.9902175265247
sampling_proportion,1.2057057057057057,relevance,2.275973140316658,2.860213504385725,2423.8612472023883,2.953240735668518,3327.6712416078317
sampling_proportion,1.2057057057057057,denseweight,2.308176768857428,2.91924672642094,2524.9666162775206,2.987398159848565,3435.552568396027
sampling_proportion,1.2071071071071071,relevance,2.2811412442950334,2.85302020283683,2411.592860911147,2.9515478256863084,3332.4356367205623
sampling_proportion,1.2071071071071071,denseweight,2.3386122380299756,2.965769674112099,2605.747609685264,3.0311721138924606,3519.863610966565
sampling_proportion,1.2085085085085085,relevance,2.2740601500151207,2.884716421189607,2465.601949946384,2.9653462103737667,3344.9376382241685
sampling_proportion,1.2085085085085085,denseweight,2.3184796919162793,2.9602547509683315,2595.991590258425,3.0148210722634428,3491.75468043915
sampling_proportion,1.20990990990991,relevance,2.2848575486407294,2.8380248054001984,2386.4002676687037,2.9335788628675594,3312.2918675093574
sampling_proportion,1.20990990990991,denseweight,2.2766975048047633,2.894896026141587,2482.92100898392,2.963668022685524,3339.792403649773
sampling_proportion,1.2113113113113114,relevance,2.286482840732807,2.870251513295221,2440.670076953924,2.969955216320869,3359.469184257477
sampling_proportion,1.2113113113113114,denseweight,2.3093210446688044,2.921584955006251,2528.8428464968624,2.9900211950463396,3442.3444268745106
sampling_proportion,1.2127127127127126,relevance,2.2547396759643306,2.825884129672159,2365.879488602792,2.910989671902726,3220.9870891988876
sampling_proportion,1.2127127127127126,denseweight,2.3346243578502213,2.9370247776431024,2555.330452915264,2.992173147600083,3452.472868240889
sampling_proportion,1.214114114114114,relevance,2.2527540094320786,2.8361291547929413,2383.4571577760175,2.9246057218849204,3261.9219898393326
sampling_proportion,1.214114114114114,denseweight,2.3254582682721887,2.9399134030625973,2560.7384647504477,3.0104595839272803,3486.17313178337
sampling_proportion,1.2155155155155155,relevance,2.2833627130210608,2.8616315611778314,2426.102129959802,2.9605513721003125,3347.9442840572606
sampling_proportion,1.2155155155155155,denseweight,2.3107622641495444,2.926274869134633,2537.1234239092596,2.982784871289229,3433.5728988996834
sampling_proportion,1.216916916916917,relevance,2.2777458804091673,2.843901354940535,2396.1217108450865,2.945220261769988,3320.6492307698336
sampling_proportion,1.216916916916917,denseweight,2.3115741146341238,2.934429002928936,2550.8326773306676,3.0086265011124675,3473.5285911692476
sampling_proportion,1.2183183183183184,relevance,2.261828828494132,2.8723048823360973,2444.5580151612007,2.960023385089958,3339.209016614731
sampling_proportion,1.2183183183183184,denseweight,2.3187849060044554,2.9435659319604683,2566.8942463289836,3.005003753632749,3452.2594475112346
sampling_proportion,1.2197197197197198,relevance,2.255243745601446,2.8409069376304052,2391.123822581803,2.934832679094846,3278.9860894943586
sampling_proportion,1.2197197197197198,denseweight,2.328814973322944,2.961097150582281,2597.39520517031,3.0120898085816252,3492.5581655641195
sampling_proportion,1.221121121121121,relevance,2.266411870795064,2.8573118031473848,2419.2288453522415,2.960601918147877,3342.384168199684
sampling_proportion,1.221121121121121,denseweight,2.3004545664699045,2.901972712169053,2494.826988338742,2.9862140041582856,3387.8120676036256
sampling_proportion,1.2225225225225225,relevance,2.2803886532118054,2.885106814935028,2466.3039326405355,2.9636939915323914,3338.5845283597473
sampling_proportion,1.2225225225225225,denseweight,2.3248728459936814,2.933381666115007,2549.5308338415953,3.008336815229916,3490.084076189743
sampling_proportion,1.223923923923924,relevance,2.2619383312694485,2.848388588615742,2403.850422802692,2.938063601224471,3275.766042629904
sampling_proportion,1.223923923923924,denseweight,2.317987975882275,2.9353298446202816,2552.498225548041,3.0108060041341695,3445.5994043445
sampling_proportion,1.2253253253253253,relevance,2.2690972378154965,2.860403875412642,2424.2341351667974,2.9470151596589624,3295.3001172035665
sampling_proportion,1.2253253253253253,denseweight,2.3031953523100652,2.9187472620692025,2523.646245590216,2.982653611902917,3407.391915187385
sampling_proportion,1.2267267267267268,relevance,2.286447246112683,2.855295760297348,2415.358600594147,2.9541937573049117,3339.9335003656956
sampling_proportion,1.2267267267267268,denseweight,2.289713146624325,2.89829186584941,2488.501151475219,2.964047004695974,3373.596848926838
sampling_proportion,1.2281281281281282,relevance,2.284891101222286,2.901901258115176,2494.918879526026,2.9846087179514864,3386.7013679267925
sampling_proportion,1.2281281281281282,denseweight,2.3451852871603225,2.974354721541918,2620.8219590392705,3.0453924054872967,3542.8337913915543
sampling_proportion,1.2295295295295294,relevance,2.259108919278434,2.849967804503263,2406.738122431794,2.9475295658660525,3300.7268917925403
sampling_proportion,1.2295295295295294,denseweight,2.3069982562544546,2.928619146507292,2541.1358390614514,2.986368524455432,3429.057362738855
sampling_proportion,1.2309309309309309,relevance,2.255449089609985,2.8512926799220404,2408.589674502659,2.934869618531343,3270.36588646963
sampling_proportion,1.2309309309309309,denseweight,2.351094354917896,2.9575923696285136,2591.6953113652503,3.0272216198944246,3550.274939773705
sampling_proportion,1.2323323323323323,relevance,2.2983289809816756,2.859278066467539,2422.112318638235,2.9582474151087603,3348.675228381013
sampling_proportion,1.2323323323323323,denseweight,2.330840790925177,2.928441535211605,2540.625882685349,2.9987879706664153,3479.401640562789
sampling_proportion,1.2337337337337337,relevance,2.254339768653473,2.8410719288857624,2391.3607072506675,2.922739253594355,3235.0998838680584
sampling_proportion,1.2337337337337337,denseweight,2.3238387569665067,2.9312135915070945,2545.6900401183334,2.9992904238058555,3470.5820051992882
sampling_proportion,1.2351351351351352,relevance,2.234738346886201,2.8146902282641837,2347.053672935577,2.9001219990537734,3190.8992934656667
sampling_proportion,1.2351351351351352,denseweight,2.328786305737836,2.9369031244029107,2555.3699611796505,2.9954950382687677,3474.1322861685576
sampling_proportion,1.2365365365365366,relevance,2.282383861474778,2.8749784412155046,2448.8637400825173,2.9679190189028435,3349.9886586780535
sampling_proportion,1.2365365365365366,denseweight,2.29333767904691,2.9181557838172756,2522.6356534871175,2.981086559282982,3380.8245302525456
sampling_proportion,1.237937937937938,relevance,2.2695419122256983,2.843584757567611,2395.6323985027234,2.935657239385206,3316.8887291078327
sampling_proportion,1.237937937937938,denseweight,2.325668788870606,2.9449868357935567,2569.4691397302004,3.003134998538858,3465.0817964441326
sampling_proportion,1.2393393393393393,relevance,2.264651126432334,2.8875347311929875,2470.365727042543,2.9757338360454217,3349.001586767745
sampling_proportion,1.2393393393393393,denseweight,2.3159423810881195,2.9064025844984025,2502.513239274325,2.9806146166711223,3413.054573589206
sampling_proportion,1.2407407407407407,relevance,2.292115845648164,2.861426713693157,2425.843748571763,2.9630723298448602,3373.5965353729453
sampling_proportion,1.2407407407407407,denseweight,2.308478338288386,2.9200698628465407,2526.2571880214728,2.996426397901071,3425.9678787908547
sampling_proportion,1.2421421421421421,relevance,2.263322173932848,2.8432576324403787,2395.3088743361354,2.9460229151829678,3288.434220342417
sampling_proportion,1.2421421421421421,denseweight,2.343791077643678,2.9682703869970766,2610.167068787381,3.032971427246596,3520.161578194484
sampling_proportion,1.2435435435435436,relevance,2.3067447839160726,2.897113297211569,2486.632355706977,2.9878143198887646,3396.582120232112
sampling_proportion,1.2435435435435436,denseweight,2.3185017539230417,2.9082538311729493,2505.738162955833,2.966950078707072,3413.2664298439922
sampling_proportion,1.244944944944945,relevance,2.2785468257438226,2.8605004256691022,2424.577335505991,2.9650578974588044,3354.4488633267056
sampling_proportion,1.244944944944945,denseweight,2.3325772407126117,2.963121127581644,2600.765704741414,3.02966242476522,3525.0511816267276
sampling_proportion,1.2463463463463464,relevance,2.2864159792149814,2.8484099792186526,2403.8031603952495,2.938734067383451,3312.3047732331434
sampling_proportion,1.2463463463463464,denseweight,2.3244504995142976,2.9497826771064277,2577.62225839265,3.0158176067072597,3462.99488059296
sampling_proportion,1.2477477477477477,relevance,2.2507484543626965,2.831126846634359,2374.6637610723124,2.916764855584608,3257.947169510989
sampling_proportion,1.2477477477477477,denseweight,2.348150597050892,2.948426737463094,2575.087382309012,3.012465406959193,3500.089270054669
sampling_proportion,1.249149149149149,relevance,2.2389603035559347,2.832911686360952,2377.632797102155,2.931136697516641,3251.3256323213973
sampling_proportion,1.249149149149149,denseweight,2.3024376035316707,2.911863073785197,2511.9727494115095,2.9813969988385605,3396.5130674162397
sampling_proportion,1.2505505505505505,relevance,2.246837224958482,2.863794289818641,2430.1853552808593,2.9459170175909746,3290.467215324064
sampling_proportion,1.2505505505505505,denseweight,2.287314986900126,2.902961156734737,2496.5730793005855,2.967982463295966,3370.638144088511
sampling_proportion,1.251951951951952,relevance,2.2738236652779342,2.847358216729332,2402.276175208714,2.9337045108527513,3279.9243277802493
sampling_proportion,1.251951951951952,denseweight,2.3112397874343533,2.942396614938466,2564.8682619275005,2.999348115837332,3451.6978383833452
sampling_proportion,1.2533533533533534,relevance,2.2971747226755843,2.8711811323476315,2442.569928850797,2.9774453733411117,3384.7671024402503
sampling_proportion,1.2533533533533534,denseweight,2.3388305621277947,2.944788883029285,2568.8173077985884,3.013294256641902,3517.2383982486176
sampling_proportion,1.2547547547547548,relevance,2.27321723415494,2.889965177871398,2474.519399512692,2.975447653898198,3339.2576995003874
sampling_proportion,1.2547547547547548,denseweight,2.3197542565739098,2.9506860511861697,2579.226345074355,3.0159036917648923,3475.283250088294
sampling_proportion,1.256156156156156,relevance,2.280917607218324,2.879570306877787,2456.7067345157334,2.964404828035288,3354.3739888355494
sampling_proportion,1.256156156156156,denseweight,2.3296658598738094,2.9362234595093817,2554.0500557460473,3.015244704424353,3497.727982397186
sampling_proportion,1.2575575575575575,relevance,2.2637053489728776,2.8518545552273045,2409.5857158150816,2.942972653451142,3291.7221042497313
sampling_proportion,1.2575575575575575,denseweight,2.3091592022783733,2.909054605054896,2507.035175969175,2.9712099699995416,3421.3925503101013
sampling_proportion,1.258958958958959,relevance,2.286011898593824,2.901070732673581,2493.3203455220823,2.98675184078573,3389.8699171848452
sampling_proportion,1.258958958958959,denseweight,2.327383738864065,2.948861102478315,2576.1832546099067,3.0068037520526514,3468.1187937398313
sampling_proportion,1.2603603603603604,relevance,2.2756187533418584,2.880219319407046,2458.183751777485,2.9733297414582687,3334.767609401701
sampling_proportion,1.2603603603603604,denseweight,2.3231419905591326,2.9126445014625606,2513.2995439986216,2.9669856648977118,3425.5572017326226
sampling_proportion,1.2617617617617618,relevance,2.283813724470494,2.842923704996117,2394.780901416699,2.948033543561379,3335.7851120130254
sampling_proportion,1.2617617617617618,denseweight,2.3141513325473473,2.929856273464933,2543.025624464994,2.994767691673005,3446.658540471625
sampling_proportion,1.2631631631631632,relevance,2.254955079251054,2.839158214703717,2388.642380780691,2.927328357785554,3272.9959428340626
sampling_proportion,1.2631631631631632,denseweight,2.342374093458884,2.971414614259533,2615.548629506131,3.02946680510878,3528.639570771884
sampling_proportion,1.2645645645645647,relevance,2.25075714340067,2.8554072307376646,2415.737981043575,2.9435977622025282,3279.6942017281895
sampling_proportion,1.2645645645645647,denseweight,2.3339976247016585,2.9192644625378192,2524.9335000258448,2.9918533834241394,3477.488472229562
sampling_proportion,1.265965965965966,relevance,2.2902877881199837,2.8864342560151166,2468.5681342060543,2.9820953398921684,3367.3105176808513
sampling_proportion,1.265965965965966,denseweight,2.330756688015627,2.934719205235997,2551.69501776675,3.0020439104711643,3498.442688173059
sampling_proportion,1.2673673673673673,relevance,2.24098131713288,2.8147867307113437,2347.5684870677765,2.8982915804505,3197.5985553722485
sampling_proportion,1.2673673673673673,denseweight,2.3473209545843066,2.9642848694556276,2603.0748634387155,3.0186572383582893,3529.6702990419303
sampling_proportion,1.2687687687687688,relevance,2.301966035671329,2.8896107986683313,2473.7326838473095,2.9933657229780852,3408.636922110848
sampling_proportion,1.2687687687687688,denseweight,2.319352255173599,2.935324449846313,2552.493934741545,2.9922095582780335,3460.2210497351653
sampling_proportion,1.2701701701701702,relevance,2.274934487998565,2.8875461665139484,2470.451955038855,2.977857383692566,3336.4297811925726
sampling_proportion,1.2701701701701702,denseweight,2.349337422078706,2.960694067691463,2597.1833969506065,3.042548473798711,3554.891014235775
sampling_proportion,1.2715715715715716,relevance,2.28199328873656,2.8650444588424953,2432.1811585268388,2.949585639527924,3330.149048321072
sampling_proportion,1.2715715715715716,denseweight,2.3630771100029038,2.9780415801712428,2627.486886047001,3.0493242230880577,3594.7608751935686
sampling_proportion,1.272972972972973,relevance,2.2802460328694334,2.8362533640095737,2383.166837820682,2.928218073553714,3295.5546023830334
sampling_proportion,1.272972972972973,denseweight,2.312119306704446,2.9550237236947194,2586.9200429402404,3.0120071909145243,3471.9958779193166
sampling_proportion,1.2743743743743743,relevance,2.2741742081707614,2.8587713117140323,2421.245757781873,2.9530865968863846,3306.18245674159
sampling_proportion,1.2743743743743743,denseweight,2.3120595636722596,2.9409383475108717,2562.2463085900154,3.0010591916673426,3445.643484106367
sampling_proportion,1.2757757757757757,relevance,2.2976694112648492,2.9089517961518006,2507.2539205954326,2.9954058515753825,3406.2211608644993
sampling_proportion,1.2757757757757757,denseweight,2.305279905150945,2.913418740507554,2514.546979032378,2.982066754855504,3427.575022905596
sampling_proportion,1.2771771771771772,relevance,2.2456586443270123,2.838778582072882,2387.5484633820583,2.931505089836446,3251.4428401063087
sampling_proportion,1.2771771771771772,denseweight,2.3463481630652603,2.9697854854678583,2612.6320950112763,3.0400791463321846,3554.670779864044
sampling_proportion,1.2785785785785786,relevance,2.2283339437909655,2.796289586287617,2316.679906172198,2.899743134987555,3190.134644443966
sampling_proportion,1.2785785785785786,denseweight,2.307112873868444,2.942467242481505,2565.065824711991,2.9994313880970758,3461.5302484972794
sampling_proportion,1.27997997997998,relevance,2.251947862433128,2.8451311921230715,2398.132017121927,2.9260304012270244,3243.0480157778115
sampling_proportion,1.27997997997998,denseweight,2.304238273278256,2.9255906674742547,2535.8402507666724,2.9863247181169945,3434.99654458819
sampling_proportion,1.2813813813813815,relevance,2.275760089850563,2.8919561366543096,2477.954388378843,2.978593112421169,3356.007464373128
sampling_proportion,1.2813813813813815,denseweight,2.3040144527722712,2.9295818647038603,2542.5934811592983,2.991991099791538,3441.693523004489
sampling_proportion,1.2827827827827827,relevance,2.2863377616151666,2.8964016195124445,2485.6488585067773,2.9843036327254415,3354.7592987592643
sampling_proportion,1.2827827827827827,denseweight,2.3391710212632693,2.9570136108839864,2590.5257283300803,3.0312851937249254,3525.231148244834
sampling_proportion,1.2841841841841841,relevance,2.266126660119443,2.8818495700410525,2460.613738394314,2.968769259657218,3333.9913587818946
sampling_proportion,1.2841841841841841,denseweight,2.3192058962378606,2.9074861637582075,2504.267062304438,2.998515350736779,3428.9495792170574
sampling_proportion,1.2855855855855856,relevance,2.2673874210652754,2.8697399380491473,2440.0735747914164,2.9700908840779436,3333.608978557747
sampling_proportion,1.2855855855855856,denseweight,2.3120365280584423,2.9327065762094526,2548.093184685199,2.9906859882509327,3447.9265422765757
sampling_proportion,1.286986986986987,relevance,2.2678893279060746,2.8792085289187908,2456.232476153754,2.96700382319875,3326.702542635245
sampling_proportion,1.286986986986987,denseweight,2.3075501938583667,2.944080865081615,2567.7241720857137,3.0108396300544187,3486.2486565442973
sampling_proportion,1.2883883883883884,relevance,2.2719046834365595,2.8624243263922664,2427.8639898170504,2.9572891601115847,3339.0825381731383
sampling_proportion,1.2883883883883884,denseweight,2.299362385707021,2.9050837702785453,2500.3474351363157,2.967783918973641,3402.6988730543258
sampling_proportion,1.2897897897897899,relevance,2.2570118516470146,2.8805205917681684,2458.117209540764,2.967914337051805,3316.485929923291
sampling_proportion,1.2897897897897899,denseweight,2.3500952072495815,2.9649504468341585,2604.144139271282,3.0380542972010365,3569.806096640131
sampling_proportion,1.2911911911911913,relevance,2.2612507949394387,2.849060694892717,2404.888961006159,2.940824610604642,3277.401586313902
sampling_proportion,1.2911911911911913,denseweight,2.3026535782749713,2.9201594270852396,2526.3171468134583,2.9839911212137693,3418.265400470257
sampling_proportion,1.2925925925925925,relevance,2.2917436163368596,2.8826815459620443,2462.1143229713566,2.9724825901706935,3363.283159692506
sampling_proportion,1.2925925925925925,denseweight,2.3192977849999683,2.9396755158900922,2560.148112608507,2.9961338888451183,3469.454001306656
sampling_proportion,1.293993993993994,relevance,2.265467372168118,2.8740978687789505,2447.7806905872785,2.962858226858324,3340.1016162927604
sampling_proportion,1.293993993993994,denseweight,2.3427115536506546,2.9403654143143867,2561.286795450161,3.0072864975926006,3504.6175646047764
sampling_proportion,1.2953953953953954,relevance,2.290264088972946,2.8688534272597477,2438.5973628187194,2.969272278522887,3387.752030618712
sampling_proportion,1.2953953953953954,denseweight,2.3298283111960614,2.945785305646401,2570.6963988614875,3.0124786593237123,3483.6904264206614
sampling_proportion,1.2967967967967968,relevance,2.29044001468276,2.8444158428427233,2396.8556659039727,2.9368619335875006,3326.358829753393
sampling_proportion,1.2967967967967968,denseweight,2.3579031449684686,2.976441717701246,2624.5982465042107,3.0450418307710154,3565.001437421206
sampling_proportion,1.2981981981981983,relevance,2.2694089442554994,2.862604824163096,2427.936589776998,2.9490442997382047,3308.1307093513974
sampling_proportion,1.2981981981981983,denseweight,2.3160462324511526,2.9372824802655604,2555.9425770945195,2.9939605732866887,3460.6722394251824
sampling_proportion,1.2995995995995997,relevance,2.2938400117355724,2.8923812284010593,2478.6733032828083,2.988440794705921,3380.705802560534
sampling_proportion,1.2995995995995997,denseweight,2.305606683592473,2.943407605635245,2566.546737302247,3.009223309962831,3464.435467856503
sampling_proportion,1.301001001001001,relevance,2.294006192169601,2.899624686177366,2491.0855306531057,2.9863746789669676,3378.3536416594125
sampling_proportion,1.301001001001001,denseweight,2.3266930076751056,2.952488504140444,2582.540175529544,3.0167688306533327,3491.835536868588
sampling_proportion,1.3024024024024023,relevance,2.2884004265064815,2.881492932507606,2460.0649583507325,2.9755063737448064,3365.7165322029605
sampling_proportion,1.3024024024024023,denseweight,2.3291627185907,2.9354152805267337,2552.5228551978407,3.0037100001561794,3483.548020040211
sampling_proportion,1.3038038038038038,relevance,2.253970230266397,2.8049431775026763,2331.003704318971,2.897919809997562,3227.8696354933327
sampling_proportion,1.3038038038038038,denseweight,2.31705153753731,2.91888829481387,2524.17301632393,2.988989086357555,3451.0032799697815
sampling_proportion,1.3052052052052052,relevance,2.300329232654855,2.8998364139208324,2491.635001042787,2.995507168024,3405.864781379806
sampling_proportion,1.3052052052052052,denseweight,2.3315991279516606,2.930435967734375,2543.7278567386725,2.9902197410129983,3448.27671895485
sampling_proportion,1.3066066066066067,relevance,2.3143949057868296,2.9188418878105034,2524.258063451488,3.00819009941171,3420.9923034207286
sampling_proportion,1.3066066066066067,denseweight,2.3492424064258537,2.96083479840415,2597.1601523184677,3.0328757513639832,3563.9505364169563
sampling_proportion,1.308008008008008,relevance,2.2813309478921893,2.840952774424765,2390.87751300988,2.935157211376493,3279.337334382898
sampling_proportion,1.308008008008008,denseweight,2.326868959165442,2.9122144877079847,2512.5440266994083,2.9887143933305373,3460.5628374919656
sampling_proportion,1.3094094094094093,relevance,2.274235984343409,2.879109764233074,2456.131472509982,2.9677226545698536,3339.85634756372
sampling_proportion,1.3094094094094093,denseweight,2.3268796458439094,2.920967685902115,2527.809186106846,2.9840869948740134,3465.1315023259194
sampling_proportion,1.3108108108108107,relevance,2.284471318454265,2.8847749738578057,2466.077799750593,2.9838981016195603,3372.9787262003765
sampling_proportion,1.3108108108108107,denseweight,2.2805312744562585,2.9197709721170586,2525.6042813905474,2.9846336556103727,3391.771379659005
sampling_proportion,1.3122122122122122,relevance,2.2621558054347912,2.8535636989988835,2412.838907071165,2.943601319756636,3299.5035046292287
sampling_proportion,1.3122122122122122,denseweight,2.350505332186156,2.9767740015252646,2625.2409176205497,3.039699713878119,3578.075498126897
sampling_proportion,1.3136136136136136,relevance,2.2909299493747604,2.896262829935059,2485.213200093252,2.9755076939096545,3372.6424817347984
sampling_proportion,1.3136136136136136,denseweight,2.351292819320105,2.959597011277821,2594.86725379746,3.0218333207067327,3563.949528089577
sampling_proportion,1.315015015015015,relevance,2.2533646424646556,2.844921589070088,2397.968037577912,2.936597689586896,3253.634881432123
sampling_proportion,1.315015015015015,denseweight,2.329992069540937,2.93969455035541,2560.057238373072,3.0044853569556613,3476.523531162664
sampling_proportion,1.3164164164164165,relevance,2.29625505329076,2.8731383129175354,2445.1481149203432,2.9695274450571683,3382.1960191143344
sampling_proportion,1.3164164164164165,denseweight,2.3626020329841575,2.9642045659230196,2603.2196077546546,3.033991394908998,3588.541977016017
sampling_proportion,1.317817817817818,relevance,2.2485204546267714,2.812995133587591,2344.4321217998977,2.905291521166638,3208.8287003824644
sampling_proportion,1.317817817817818,denseweight,2.2916477254851166,2.9131279652250064,2514.262338536047,2.9743976145693547,3395.363979533544
sampling_proportion,1.3192192192192191,relevance,2.2563264373569076,2.8889512781601434,2472.856061808262,2.9759202698335123,3339.5057796762826
sampling_proportion,1.3192192192192191,denseweight,2.316332823309057,2.9184100029804116,2523.629077691854,2.986896021811591,3452.9453965481644
sampling_proportion,1.3206206206206206,relevance,2.261150652598039,2.86118388645666,2425.3356242331574,2.944832913695558,3297.2187310945083
sampling_proportion,1.3206206206206206,denseweight,2.3362644308238867,2.9604806354132758,2596.570617253983,3.0328507223403145,3541.710897091244
sampling_proportion,1.322022022022022,relevance,2.287853958411737,2.8718556387637157,2443.235537741388,2.970101489435394,3340.7580919371635
sampling_proportion,1.322022022022022,denseweight,2.3355393619384492,2.9439682822600757,2567.6037128527864,3.0137730612375506,3521.1090269389633
sampling_proportion,1.3234234234234235,relevance,2.280911668099583,2.879349534918788,2456.40673857956,2.977223485566992,3375.1190757941877
sampling_proportion,1.3234234234234235,denseweight,2.3072828322316887,2.911167632020362,2510.591304631304,2.9802871438362093,3399.9513707222613
sampling_proportion,1.3248248248248249,relevance,2.264960158833915,2.8552266136435094,2415.2282423093006,2.9463529375546464,3284.1975379281453
sampling_proportion,1.3248248248248249,denseweight,2.326783605271984,2.9298034310120054,2543.1135876830085,3.00417677598736,3467.6606796514807
sampling_proportion,1.3262262262262263,relevance,2.282203413039827,2.887078737836168,2469.4025879274004,2.972989332255306,3342.701992578145
sampling_proportion,1.3262262262262263,denseweight,2.300736414077692,2.9242539264999965,2533.6463419786432,2.9881950869643172,3434.9415172916524
sampling_proportion,1.3276276276276275,relevance,2.284960013633983,2.8511691813564117,2408.5698274527977,2.939966023412077,3292.446366962688
sampling_proportion,1.3276276276276275,denseweight,2.3337618816790715,2.966183923162944,2606.6034367508623,3.030880334908851,3527.2750499357894
sampling_proportion,1.329029029029029,relevance,2.2809703095203817,2.8757137621957924,2450.33105243418,2.96769813523472,3342.786952316253
sampling_proportion,1.329029029029029,denseweight,2.3316078749034164,2.951735169704899,2581.3467449046248,3.0263308137579057,3531.2410547552345
sampling_proportion,1.3304304304304304,relevance,2.2750396647379514,2.8597348901394133,2422.7907705932435,2.9548094736163577,3310.6428953328636
sampling_proportion,1.3304304304304304,denseweight,2.283915480277252,2.9183353656334603,2523.4440992677446,2.983949448122503,3409.419628888504
sampling_proportion,1.3318318318318318,relevance,2.293435214052222,2.878129413261321,2454.4848270447615,2.976463627719822,3367.8117644083977
sampling_proportion,1.3318318318318318,denseweight,2.3404918561143253,2.9212864114422947,2528.3055657581535,2.995434290949836,3472.7979002414736
sampling_proportion,1.3332332332332333,relevance,2.276901009771428,2.883126066089122,2462.8172227583914,2.96761928880384,3347.074109035649
sampling_proportion,1.3332332332332333,denseweight,2.330865839991987,2.9468995027456284,2572.949916261986,3.0163780137089047,3525.7912047293926
sampling_proportion,1.3346346346346347,relevance,2.261542676661815,2.850136809526428,2406.794657135603,2.9392867939609078,3300.117649219872
sampling_proportion,1.3346346346346347,denseweight,2.3152464255262566,2.9293585010892427,2542.330166146722,3.0017638993656766,3460.76129359845
sampling_proportion,1.336036036036036,relevance,2.2772527077319986,2.869887120893497,2440.16798324979,2.9668371615556897,3335.2868453438573
sampling_proportion,1.336036036036036,denseweight,2.327434396439389,2.9366553170686456,2554.8837357721927,2.9971299524570187,3473.0901729878774
sampling_proportion,1.3374374374374374,relevance,2.2627122104773147,2.83510031692914,2381.5125480585143,2.9302911533428433,3258.959272278967
sampling_proportion,1.3374374374374374,denseweight,2.295578318548392,2.9059006471467486,2501.616957877708,2.977279075385769,3400.101726514526
sampling_proportion,1.3388388388388388,relevance,2.2572766406904985,2.8573507849301767,2418.587691909018,2.9325794758145722,3262.558541535789
sampling_proportion,1.3388388388388388,denseweight,2.349869772128975,2.9563440310483893,2589.3780337876938,3.026406157251849,3546.5063132627142
sampling_proportion,1.3402402402402402,relevance,2.276678071637271,2.89710532907909,2486.6603086791056,2.970058039867544,3340.774076441345
sampling_proportion,1.3402402402402402,denseweight,2.3372456476305405,2.9460879755232496,2571.347176157623,3.0007143027974887,3506.2715137149453
sampling_proportion,1.3416416416416417,relevance,2.267218435881514,2.876486119230163,2451.384631132164,2.965393137667556,3312.3048356988024
sampling_proportion,1.3416416416416417,denseweight,2.3389483478693185,2.9481851129710805,2574.995888578446,3.0050038360439517,3494.791777347893
sampling_proportion,1.3430430430430431,relevance,2.261217978623275,2.842771610082618,2394.627349385353,2.922183552558204,3246.6647450477585
sampling_proportion,1.3430430430430431,denseweight,2.310342804359556,2.9298279687952635,2543.186517168919,2.9824989172430976,3424.7334709874517
sampling_proportion,1.3444444444444446,relevance,2.2555256117847984,2.8575047945119945,2418.9873520981187,2.939960550476894,3281.3364004300474
sampling_proportion,1.3444444444444446,denseweight,2.280631986366651,2.895418184426339,2483.5535627766794,2.9619149807878604,3343.3358040972143
sampling_proportion,1.3458458458458458,relevance,2.2688783579093452,2.8495062111087526,2405.4847894807604,2.942683138831554,3294.633767229182
sampling_proportion,1.3458458458458458,denseweight,2.3541628999775037,2.9540705367153857,2585.2880419681974,3.028427154374595,3552.1075623851493
sampling_proportion,1.3472472472472472,relevance,2.2930761998689775,2.8854471173209593,2467.007367631548,2.97316766934648,3354.369072530479
sampling_proportion,1.3472472472472472,denseweight,2.3223299149859398,2.9258241587558538,2536.102404087657,2.999211673070946,3475.1322231378304
sampling_proportion,1.3486486486486486,relevance,2.287525138486955,2.8641092137755266,2430.5181568326325,2.9564254106578525,3342.4293178493645
sampling_proportion,1.3486486486486486,denseweight,2.3397206488846027,2.9532236397262586,2583.823473136204,3.006024612249305,3526.1315493398474
sampling_proportion,1.35005005005005,relevance,2.286911641721173,2.914070597084225,2515.974676444182,3.0029646583200242,3397.9887487499677
sampling_proportion,1.35005005005005,denseweight,2.296763348290388,2.890685002491825,2475.6896695064456,2.952443565586478,3386.881618285877
sampling_proportion,1.3514514514514515,relevance,2.307112671493197,2.9179039159988585,2522.4034520877954,3.0217301892558925,3424.8890942716916
sampling_proportion,1.3514514514514515,denseweight,2.3201977376154863,2.901028832819452,2493.5164881309734,2.980870505653814,3464.2906019334796
sampling_proportion,1.352852852852853,relevance,2.2659383747815984,2.849480552503901,2405.6037076496264,2.932223705474949,3266.692161259098
sampling_proportion,1.352852852852853,denseweight,2.338753867504014,2.9436228019391786,2567.0700077603055,3.0152151804063174,3529.3076195915214
sampling_proportion,1.3542542542542542,relevance,2.283728126252,2.8586575014813733,2421.176473604865,2.952435318872734,3323.8664903680974
sampling_proportion,1.3542542542542542,denseweight,2.3134704913990385,2.9051865550263076,2500.550957517366,2.977857375046685,3444.5473684916365
sampling_proportion,1.3556556556556556,relevance,2.304537658951682,2.9192199747461873,2524.958314648074,3.0246156941374656,3462.8906065586784
sampling_proportion,1.3556556556556556,denseweight,2.3178996766453133,2.9090598312179465,2506.970879988746,2.9719570283000447,3418.4735807286975
sampling_proportion,1.357057057057057,relevance,2.29500194693134,2.9098593766268785,2508.6413583805015,3.004501994521294,3411.148817308643
sampling_proportion,1.357057057057057,denseweight,2.330321781870561,2.9347305714714156,2551.5631365590484,2.997948793717947,3487.6687530713193
sampling_proportion,1.3584584584584585,relevance,2.2529836748232883,2.8429131810186705,2394.345053846492,2.9439270102840482,3284.9574557241554
sampling_proportion,1.3584584584584585,denseweight,2.3260342218364887,2.903464022727949,2497.481681458864,2.976929045071813,3434.4681647404354
sampling_proportion,1.35985985985986,relevance,2.286889577760839,2.886926006020949,2469.47697750549,2.9794552281683235,3362.276939736344
sampling_proportion,1.35985985985986,denseweight,2.3254770268130263,2.9401658885683912,2560.943092277856,3.012078183281631,3492.4473788863
sampling_proportion,1.3612612612612613,relevance,2.2818568721023627,2.903397900584458,2497.745675332509,2.986684551297863,3369.7926360561128
sampling_proportion,1.3612612612612613,denseweight,2.307761087349454,2.890220960465803,2474.699261852708,2.9611680037507617,3394.200836668744
sampling_proportion,1.3626626626626626,relevance,2.280112336253175,2.8818533892591853,2460.6786873618125,2.965061268843315,3336.477843066834
sampling_proportion,1.3626626626626626,denseweight,2.3347053755839817,2.9193682487087007,2524.864705286228,2.983411876927219,3468.0959838655544
sampling_proportion,1.364064064064064,relevance,2.294524000607123,2.9041158974006738,2498.5226466867616,2.998626520226807,3398.986005632849
sampling_proportion,1.364064064064064,denseweight,2.346327864637495,2.9444284703331878,2568.360843374609,3.010125357081641,3530.1827679449707
sampling_proportion,1.3654654654654654,relevance,2.2707319318402153,2.8627024007569464,2428.0237145569945,2.949818773023849,3301.251649069442
sampling_proportion,1.3654654654654654,denseweight,2.3273155375668355,2.9392377340387457,2559.378571202798,3.0011486382692216,3479.1339647766777
sampling_proportion,1.3668668668668669,relevance,2.2866265845388614,2.8966762979380722,2485.712809160093,2.985853177273524,3365.3436355237786
sampling_proportion,1.3668668668668669,denseweight,2.3131572863169567,2.896662224561015,2485.5978364999237,2.9671301394790146,3396.6171639330983
sampling_proportion,1.3682682682682683,relevance,2.265508383863895,2.858959205898781,2421.873006897046,2.9470890153280744,3286.3258659973817
sampling_proportion,1.3682682682682683,denseweight,2.3144269106212993,2.912184389173997,2512.4704723048676,2.9692610388597456,3414.734937999042
sampling_proportion,1.3696696696696697,relevance,2.2573420909517776,2.8826043562082124,2461.819648703033,2.965770017706418,3325.725850464894
sampling_proportion,1.3696696696696697,denseweight,2.333233664173456,2.961097628426925,2597.403701292814,3.032738894760168,3530.1630430411533
sampling_proportion,1.3710710710710712,relevance,2.295112779130629,2.865522720486227,2433.361435663805,2.9706811848126375,3373.6025033452297
sampling_proportion,1.3710710710710712,denseweight,2.3314645480968657,2.9406272636660797,2561.686269575003,3.0158659788424416,3506.6638080357598
sampling_proportion,1.3724724724724724,relevance,2.2713650909519707,2.8707330956817545,2442.1661265422217,2.9612983443920964,3334.93378760386
sampling_proportion,1.3724724724724724,denseweight,2.3196561849310005,2.923333611015664,2531.5883290624324,2.9934460762439197,3459.514404946363
sampling_proportion,1.3738738738738738,relevance,2.28299097061001,2.8642327836077413,2430.7382909550843,2.9567303835709176,3319.1215623890557
sampling_proportion,1.3738738738738738,denseweight,2.329226285057521,2.9733228602494246,2619.2055744859135,3.02890000335946,3510.650120316803
sampling_proportion,1.3752752752752753,relevance,2.255067491250098,2.84919971067743,2405.536050675217,2.941785535363586,3276.8174881819955
sampling_proportion,1.3752752752752753,denseweight,2.3305190698335885,2.939691019413879,2560.1866788716297,3.004325399447078,3492.7025941954025
sampling_proportion,1.3766766766766767,relevance,2.255020003704384,2.8266259515692207,2367.085602006665,2.9064213536563095,3223.4080015143545
sampling_proportion,1.3766766766766767,denseweight,2.322952762556097,2.9331629261082104,2548.824223601903,2.997570386999787,3472.625699152651
sampling_proportion,1.3780780780780781,relevance,2.2727052782777055,2.873262413638124,2446.057169213514,2.968600881884201,3336.523598751193
sampling_proportion,1.3780780780780781,denseweight,2.3444662890010597,2.964677352954289,2603.944644983044,3.0187225098016293,3554.9753338010814
sampling_proportion,1.3794794794794796,relevance,2.2856669840601476,2.88304057951319,2462.9137602084347,2.975438070601946,3365.7363975645244
sampling_proportion,1.3794794794794796,denseweight,2.3385484540858164,2.9421597235677424,2564.1719229229907,3.029684171779004,3514.164260127743
sampling_proportion,1.3808808808808808,relevance,2.269020179593409,2.850658794732692,2407.736156969511,2.929404293598702,3271.7219515966713
sampling_proportion,1.3808808808808808,denseweight,2.3227179094004278,2.9357391020676147,2553.5882178203115,3.0080691266420296,3478.5176720401896
sampling_proportion,1.3822822822822822,relevance,2.2687641541521724,2.8615913252464766,2426.01497477362,2.9443325824618474,3304.967094217444
sampling_proportion,1.3822822822822822,denseweight,2.335745473820847,2.9557103095871184,2588.0013981367183,3.023769272579808,3520.1163828001763
sampling_proportion,1.3836836836836837,relevance,2.2690174705522734,2.871133843911809,2442.1517095237446,2.9539586936982043,3283.5769535187874
sampling_proportion,1.3836836836836837,denseweight,2.3287824427476322,2.9632394032852103,2601.3294010415343,3.0266920954433294,3519.2806337147795
sampling_proportion,1.385085085085085,relevance,2.2939436560853026,2.8830853368495792,2462.8341759357836,2.97342984576249,3382.431887089012
sampling_proportion,1.385085085085085,denseweight,2.33774469248566,2.9351255700349794,2552.09895655227,2.9915627245736336,3496.8178686120996
sampling_proportion,1.3864864864864865,relevance,2.27315615683151,2.837467185171802,2385.2349878982427,2.9262766553415402,3272.189716989928
sampling_proportion,1.3864864864864865,denseweight,2.3211972607801377,2.927667229818302,2539.534308944024,2.9879968874957847,3454.318637114977
sampling_proportion,1.387887887887888,relevance,2.2623827523823006,2.8546637499692986,2414.551581570654,2.9401970077084547,3297.6969261998524
sampling_proportion,1.387887887887888,denseweight,2.3403441860919987,2.95002167351689,2578.2059531966584,3.024377506478172,3538.8978243113875
sampling_proportion,1.3892892892892892,relevance,2.282820117375997,2.8928293676195795,2479.5726862022993,2.9834618545192955,3374.8199221731725
sampling_proportion,1.3892892892892892,denseweight,2.331492502490042,2.973190544341022,2619.119397707662,3.0286056989745744,3541.596117737251
sampling_proportion,1.3906906906906906,relevance,2.294220014647344,2.920550067193427,2527.277021944387,3.015925898237932,3436.090092918887
sampling_proportion,1.3906906906906906,denseweight,2.3616989287821397,2.944280481319386,2568.403739821432,3.027498402553185,3555.8509882854923
sampling_proportion,1.392092092092092,relevance,2.284499498066417,2.880909617050181,2459.220115704538,2.9669779729535475,3350.4937220994425
sampling_proportion,1.392092092092092,denseweight,2.3224071339104406,2.9187665988428213,2524.1069742741133,2.9916600133535347,3483.452885874339
sampling_proportion,1.3934934934934935,relevance,2.2788195632739883,2.884181033150462,2464.899697912555,2.982160439469977,3352.7978162269505
sampling_proportion,1.3934934934934935,denseweight,2.312930516513835,2.8991904184771466,2490.2444773598954,2.9778908025736905,3440.3574971248595
sampling_proportion,1.394894894894895,relevance,2.2769634315022826,2.876487994703425,2451.4362484627923,2.9581658944733227,3326.9271501124763
sampling_proportion,1.394894894894895,denseweight,2.3350650706519365,2.9249608377241256,2534.656891301384,3.004428699424193,3493.228994137057
sampling_proportion,1.3962962962962964,relevance,2.2699576809998954,2.8818537330056344,2460.6295461047707,2.9626241512780838,3338.461985007188
sampling_proportion,1.3962962962962964,denseweight,2.306602094369617,2.8894054908820985,2473.2465771011316,2.95337841980058,3384.231297934913
sampling_proportion,1.3976976976976978,relevance,2.2968001187013525,2.8960044546563717,2485.2431148281726,2.9856889718541364,3408.5370557020797
sampling_proportion,1.3976976976976978,denseweight,2.3357901796212324,2.9574529380740593,2591.2475296650937,3.028998196608094,3564.31777308431
sampling_proportion,1.399099099099099,relevance,2.2753638984271194,2.8682519671035793,2437.6242436978464,2.9567440476651403,3327.194484468498
sampling_proportion,1.399099099099099,denseweight,2.3477636081403195,2.9569206716376915,2590.0446012427988,3.0321281701218057,3543.910409234652
sampling_proportion,1.4005005005005005,relevance,2.2876884569098337,2.877627909209595,2453.4933764307193,2.968059349254883,3334.4013179959675
sampling_proportion,1.4005005005005005,denseweight,2.3564176152604026,2.9393381933558964,2559.3908487511485,2.998044358225828,3522.998513163681
sampling_proportion,1.401901901901902,relevance,2.2872821952971205,2.8678664717359266,2436.8217406136046,2.964168060985496,3349.19755196463
sampling_proportion,1.401901901901902,denseweight,2.331967855386282,2.941253941637212,2562.8719325116017,3.004387162171861,3484.85600951863
sampling_proportion,1.4033033033033033,relevance,2.2638364822353187,2.8782759445236334,2454.901080335637,2.9607899597604064,3304.479644385759
sampling_proportion,1.4033033033033033,denseweight,2.3284384210243014,2.9055579814751336,2500.8670308647393,2.9773632321033565,3445.682468319257
sampling_proportion,1.4047047047047048,relevance,2.2385856729998945,2.8531022148456477,2411.843135430067,2.9383170862971335,3268.289422780438
sampling_proportion,1.4047047047047048,denseweight,2.299434940401346,2.8803381775499877,2457.7465225992937,2.9460802623760687,3369.742884400728
sampling_proportion,1.4061061061061062,relevance,2.2788732921772743,2.9143771590100274,2516.266345263559,3.000454363400023,3382.162273962587
sampling_proportion,1.4061061061061062,denseweight,2.3142075042308865,2.919142505268612,2524.3860341311856,2.9806143800892575,3428.900263620033
sampling_proportion,1.4075075075075074,relevance,2.267807475848072,2.894714152352005,2482.1627875878726,2.974651412653091,3331.219320086618
sampling_proportion,1.4075075075075074,denseweight,2.333995729721117,2.9577354779023515,2592.000630473102,3.0283054636261872,3540.875685330175
sampling_proportion,1.4089089089089089,relevance,2.264427821088425,2.8451102907718595,2398.8695166186894,2.9375603814719606,3293.754651007563
sampling_proportion,1.4089089089089089,denseweight,2.3460346047711846,2.958119381393436,2592.416612980354,3.025068081314973,3534.017531061708
sampling_proportion,1.4103103103103103,relevance,2.2700661958322312,2.89157092947288,2477.499811011354,2.967459503550456,3348.1147614713173
sampling_proportion,1.4103103103103103,denseweight,2.3491621960960045,2.952123670298769,2582.124180170973,3.016288718465746,3533.424127926564
sampling_proportion,1.4117117117117117,relevance,2.256949643952484,2.8595178430719037,2422.561431245031,2.939659615592547,3290.5209785591956
sampling_proportion,1.4117117117117117,denseweight,2.3432069123993218,2.9645477878574864,2603.86823343225,3.022495365554825,3553.3364622017966
sampling_proportion,1.4131131131131132,relevance,2.298266328113843,2.8884415124345466,2471.9860805151,2.9801547544532494,3404.053724418773
sampling_proportion,1.4131131131131132,denseweight,2.331941719043907,2.938209352688928,2557.484253490535,2.9998345210773123,3491.5338918746183
sampling_proportion,1.4145145145145146,relevance,2.3228188647569445,2.911235354760641,2511.198991738952,3.008905818041661,3456.81917745121
sampling_proportion,1.4145145145145146,denseweight,2.33000912608868,2.924449553904777,2533.5432454157713,3.000225202104503,3478.5839654532338
sampling_proportion,1.4159159159159158,relevance,2.2523355084959142,2.8396322812276233,2389.1190418118517,2.9316387438492195,3261.2987825030386
sampling_proportion,1.4159159159159158,denseweight,2.352879560769244,2.9548406103240463,2586.734376226284,3.034279325978357,3577.3178965723473
sampling_proportion,1.4173173173173172,relevance,2.273953774885404,2.858901692955703,2421.62186599541,2.9500383212469066,3320.107471085923
sampling_proportion,1.4173173173173172,denseweight,2.341003216873416,2.950551456047078,2579.0820694309714,3.0217033655862564,3520.1036842279173
sampling_proportion,1.4187187187187187,relevance,2.2627339535183597,2.851466818937905,2409.36610510701,2.9474600333860237,3299.8951382275154
sampling_proportion,1.4187187187187187,denseweight,2.318916088370909,2.943396775404053,2566.614191049772,3.0004831321821817,3460.100554460368
sampling_proportion,1.4201201201201201,relevance,2.273528366107731,2.8916305184853175,2477.356608963794,2.9710404779726036,3342.777337135019
sampling_proportion,1.4201201201201201,denseweight,2.3343323692882993,2.95753898167641,2591.6144801566174,3.025864355025027,3517.322126099765
sampling_proportion,1.4215215215215216,relevance,2.276051398411242,2.884193394355803,2464.4904885135616,2.969080011078421,3334.1303905202935
sampling_proportion,1.4215215215215216,denseweight,2.3126068598685534,2.9128361093852266,2513.71162188366,2.981902685494624,3426.391454480822
sampling_proportion,1.422922922922923,relevance,2.2725139771257004,2.8881072442873768,2471.352603228,2.9670282653226447,3342.794948790234
sampling_proportion,1.422922922922923,denseweight,2.3031783277642446,2.9191708436300594,2524.4962124119984,2.9903109172819664,3423.3891721761433
sampling_proportion,1.4243243243243242,relevance,2.255419791933545,2.8530742646621245,2412.235969418743,2.9311774052192945,3270.789822960591
sampling_proportion,1.4243243243243242,denseweight,2.3491699630856155,2.9668734389739972,2607.47014039309,3.02124558434374,3536.8577214945526
sampling_proportion,1.4257257257257256,relevance,2.2649353764091056,2.8458366991154977,2399.5533472010015,2.9408522923637683,3277.8936346368014
sampling_proportion,1.4257257257257256,denseweight,2.359107133171851,2.9777838198292015,2626.871566619072,3.046497892823174,3601.75100224922
sampling_proportion,1.427127127127127,relevance,2.2771250782466113,2.8751328462275048,2449.0646892816217,2.9564600097090357,3312.618649872875
sampling_proportion,1.427127127127127,denseweight,2.3152963298948848,2.9088790515292824,2506.735111253955,2.9755197977472463,3413.4402365098463
sampling_proportion,1.4285285285285285,relevance,2.258848103202088,2.8357696677340596,2382.6270127485736,2.914964438310281,3258.777259971639
sampling_proportion,1.4285285285285285,denseweight,2.344661884345902,2.935422666407709,2552.888549578324,3.0042226247615016,3509.0702994438825
sampling_proportion,1.42992992992993,relevance,2.294606106815029,2.9259777551858503,2536.2364520675433,3.002626749214196,3414.9342440074647
sampling_proportion,1.42992992992993,denseweight,2.3187367256508153,2.9041232687052023,2498.6402817641706,2.9762314313493317,3431.6809784472243
sampling_proportion,1.4313313313313314,relevance,2.270337179914649,2.8730934766887053,2445.9127673154258,2.966093581843974,3329.0000591733665
sampling_proportion,1.4313313313313314,denseweight,2.321812840706529,2.977974705650943,2627.1318824706896,3.033397329983883,3502.5853490066825
sampling_proportion,1.4327327327327328,relevance,2.299024486928609,2.883527569648082,2463.463782785718,2.978905104030133,3374.8840021650076
sampling_proportion,1.4327327327327328,denseweight,2.32750512394861,2.9055594072971527,2501.079711558179,2.9688726964992815,3426.881970673454
sampling_proportion,1.434134134134134,relevance,2.2665978604975163,2.858839225032913,2421.5593630788094,2.94381747816718,3286.114105095736
sampling_proportion,1.434134134134134,denseweight,2.3076214652140887,2.9011608903173824,2493.325723800345,2.97162471309923,3422.1107966660547
sampling_proportion,1.4355355355355355,relevance,2.2772897194505637,2.838067697747635,2386.6100628315453,2.931024381208327,3270.7250792581635
sampling_proportion,1.4355355355355355,denseweight,2.3415475690204075,2.9148013827488284,2517.0284615737983,2.9967305630738155,3498.5014301689857
sampling_proportion,1.436936936936937,relevance,2.2749324359528997,2.8501106049661686,2406.8748490372827,2.959702673364926,3335.2819656086754
sampling_proportion,1.436936936936937,denseweight,2.3305191727551517,2.978613496211133,2628.504654497124,3.034538954664684,3532.769171195312
sampling_proportion,1.4383383383383384,relevance,2.268619122495099,2.8804059240997044,2458.449983411031,2.9564539393188216,3307.905648007026
sampling_proportion,1.4383383383383384,denseweight,2.3745850619086704,2.963262897362533,2601.202905303213,3.0333269666031533,3589.276374516018
sampling_proportion,1.4397397397397398,relevance,2.2788129243577564,2.8391924635501917,2388.2014776001333,2.9304814018636907,3295.007534214811
sampling_proportion,1.4397397397397398,denseweight,2.346905195897227,2.9592305849682323,2594.349665634173,3.02777890212068,3536.161509487777
sampling_proportion,1.4411411411411412,relevance,2.262751912528293,2.853582305840513,2412.583460918733,2.9249292986794724,3276.222031208222
sampling_proportion,1.4411411411411412,denseweight,2.3032707429676895,2.9239929404083354,2532.880549629122,2.981451268323307,3406.0242428826527
sampling_proportion,1.4425425425425424,relevance,2.256658385212327,2.8384848765314916,2387.1146642790213,2.9297485597923396,3269.5796484614957
sampling_proportion,1.4425425425425424,denseweight,2.353510013948571,2.991313463789533,2650.8536746228983,3.046247351441778,3566.0316133530423
sampling_proportion,1.4439439439439439,relevance,2.286394728865809,2.8712520437607405,2443.022943280551,2.9614121580198822,3334.461197795558
sampling_proportion,1.4439439439439439,denseweight,2.3478454900805694,2.9643959940785796,2603.4586206755157,3.0312744413141726,3553.3401427640893
sampling_proportion,1.4453453453453453,relevance,2.2799985764816424,2.8405231613722743,2390.4611985928445,2.931491912821152,3261.1072296744624
sampling_proportion,1.4453453453453453,denseweight,2.342606931772974,2.9421299562015366,2564.3144655578603,3.011612379342983,3502.7122744513986
sampling_proportion,1.4467467467467467,relevance,2.2640987987752093,2.868790349456434,2438.2858399024203,2.95332114922991,3324.731161901344
sampling_proportion,1.4467467467467467,denseweight,2.31623861401655,2.9405347744263715,2561.462192017234,3.003966274870145,3464.6491030687653
sampling_proportion,1.4481481481481482,relevance,2.2525166942177575,2.815728579777521,2349.259506626502,2.8986495261221252,3202.4654157111754
sampling_proportion,1.4481481481481482,denseweight,2.3361837906593785,2.952173652813936,2582.2262060083763,3.0203427484693335,3512.7032320530707
sampling_proportion,1.4495495495495496,relevance,2.316753099440295,2.929298183739635,2542.1371421659187,3.0223942219671316,3460.4665965100303
sampling_proportion,1.4495495495495496,denseweight,2.3367746958258033,2.9468582044317295,2572.7418673382463,3.0143295740513993,3508.1058328772165
sampling_proportion,1.4509509509509508,relevance,2.2672321035256027,2.863065703359818,2428.915980742224,2.9469397069793497,3289.174876095772
sampling_proportion,1.4509509509509508,denseweight,2.3505998911744714,2.962542794725317,2600.330090268904,3.036968200871718,3574.625918900935
sampling_proportion,1.4523523523523523,relevance,2.2392719458959442,2.8300394625456007,2372.7046161520025,2.9191655831403627,3244.9425638990288
sampling_proportion,1.4523523523523523,denseweight,2.3051937781357807,2.939825481299485,2560.713793611678,2.999619841736283,3452.0114064658055
sampling_proportion,1.4537537537537537,relevance,2.2773136315162454,2.8567723932450364,2417.9932902907703,2.951329653247542,3340.8826047248517
sampling_proportion,1.4537537537537537,denseweight,2.32557636588437,2.9245747960541335,2534.3223169709267,2.994354046107674,3468.1707604698877
sampling_proportion,1.4551551551551551,relevance,2.2575706076503423,2.8415851541308266,2392.752644755788,2.9335594360972874,3275.6460653487934
sampling_proportion,1.4551551551551551,denseweight,2.338120400723006,2.9413943977641948,2563.5423128810216,3.006816471420849,3505.7147112319453
sampling_proportion,1.4565565565565566,relevance,2.2538599532925105,2.8087262119049274,2337.517688285669,2.9031452945140592,3228.9328799183713
sampling_proportion,1.4565565565565566,denseweight,2.3318456470663325,2.926100168597239,2536.432002618394,2.9917503611879694,3484.545598266315
sampling_proportion,1.457957957957958,relevance,2.2518221405749737,2.849469726842355,2405.870140918794,2.9271335732920503,3256.2880064344636
sampling_proportion,1.457957957957958,denseweight,2.336321497372826,2.9318649020755028,2546.9081680849877,3.011027787346907,3533.9469268311777
sampling_proportion,1.4593593593593595,relevance,2.284959530090692,2.8440346164033787,2396.9298151877983,2.948091019703463,3334.0377237784305
sampling_proportion,1.4593593593593595,denseweight,2.3135507963494186,2.8899821728204294,2474.4931383004755,2.9496845873118462,3412.3936674055135
sampling_proportion,1.4607607607607607,relevance,2.2576627506400953,2.862523411409007,2427.7568534473157,2.947915400139878,3287.3373769928853
sampling_proportion,1.4607607607607607,denseweight,2.3416457509933895,2.93713566510658,2556.0049495067988,2.9993472940780515,3534.1972222706745
sampling_proportion,1.462162162162162,relevance,2.2801693991046155,2.889940004208363,2474.568965976084,2.9660846202084197,3352.7857284277534
sampling_proportion,1.462162162162162,denseweight,2.3174659595401477,2.9137208136312824,2515.1807506549326,2.978183896324316,3452.3009285483377
sampling_proportion,1.4635635635635635,relevance,2.294836316935763,2.9046399564871646,2499.8765393394983,2.992192552798751,3397.382176589849
sampling_proportion,1.4635635635635635,denseweight,2.3191824672661294,2.922708262294025,2530.9968967446985,2.9812362049398424,3443.848132957151
sampling_proportion,1.464964964964965,relevance,2.2828152198978935,2.8974393979774167,2487.174170539165,2.9792348574469085,3380.4059089878488
sampling_proportion,1.464964964964965,denseweight,2.3219321858410944,2.9283727994826725,2540.590790046933,2.9917739985158938,3466.7440113229763
sampling_proportion,1.4663663663663664,relevance,2.2678220287546305,2.887255713134008,2469.961453877288,2.9676418582535375,3329.4319988744514
sampling_proportion,1.4663663663663664,denseweight,2.33628169304321,2.93810747446122,2557.837308688384,3.0138224370971876,3518.6187028785844
sampling_proportion,1.4677677677677679,relevance,2.279004636724758,2.8524675773859633,2411.168306899818,2.9292464917126426,3321.6960861456546
sampling_proportion,1.4677677677677679,denseweight,2.3545999136610214,2.9560916078455746,2588.976868529767,3.040088637249779,3574.6540953498716
sampling_proportion,1.469169169169169,relevance,2.322918096967793,2.8752259127591415,2449.4195611100135,2.983267019198644,3425.273599470901
sampling_proportion,1.469169169169169,denseweight,2.335237588950145,2.939765249622652,2560.194853590667,3.0045686506916085,3490.0775815202046
sampling_proportion,1.4705705705705705,relevance,2.3005677843090138,2.894048306092842,2481.521649902848,2.991088581495431,3403.9194757330747
sampling_proportion,1.4705705705705705,denseweight,2.3343916785066083,2.942065261830671,2564.210048267582,3.004367290725347,3474.520948184211
sampling_proportion,1.471971971971972,relevance,2.280331465742239,2.8519102756961283,2409.6841622134343,2.935940604353016,3302.109075350798
sampling_proportion,1.471971971971972,denseweight,2.2912479323717294,2.8865429235133058,2468.5388646608903,2.9550331080815013,3372.958737876104
sampling_proportion,1.4733733733733734,relevance,2.2729414592465544,2.8827016754636645,2462.289343022589,2.9764441848186274,3341.8447434195837
sampling_proportion,1.4733733733733734,denseweight,2.3398599445272996,2.949464154799465,2577.4334624684584,3.0088434414102276,3504.0078324267497
sampling_proportion,1.4747747747747748,relevance,2.2718463771579502,2.8477486506734535,2402.583990909686,2.933820559687618,3269.611546861577
sampling_proportion,1.4747747747747748,denseweight,2.3217244602645413,2.9400710904459855,2561.2771446350334,3.0097616181327678,3496.6397738374703
sampling_proportion,1.4761761761761762,relevance,2.260659634651312,2.8545981473311697,2414.462548274561,2.931400245564324,3260.1688771923596
sampling_proportion,1.4761761761761762,denseweight,2.3248154226463043,2.9250646272037883,2535.058705615155,2.9901754844573256,3470.7257143234397
sampling_proportion,1.4775775775775775,relevance,2.2621709430361783,2.8466027323212115,2401.360794403971,2.9333791716828794,3279.9006846537422
sampling_proportion,1.4775775775775775,denseweight,2.320189503089937,2.931969693584151,2546.9636783471665,2.990929382409166,3463.0426449159927
sampling_proportion,1.478978978978979,relevance,2.2730397249140744,2.882832305934192,2462.5895731360024,2.96945964597511,3340.710863590704
sampling_proportion,1.478978978978979,denseweight,2.301143937445082,2.934270365709541,2551.0613557418696,2.9774333470887706,3410.711859037201
sampling_proportion,1.4803803803803803,relevance,2.2574866258102837,2.8628915535223367,2428.6413628415708,2.9501255348832913,3298.9854737544556
sampling_proportion,1.4803803803803803,denseweight,2.3427204582945715,2.9503823034662555,2579.1029031884354,2.9944440728952255,3502.7777949038878
sampling_proportion,1.4817817817817818,relevance,2.314227442766311,2.9227926683732472,2531.2058453998493,3.010551477808447,3437.1411218746357
sampling_proportion,1.4817817817817818,denseweight,2.3205140636797723,2.95703197482172,2591.040147780883,3.0129048026218994,3506.828359033628
sampling_proportion,1.4831831831831832,relevance,2.277404832051607,2.8735991902064657,2446.7821684017313,2.950105891533394,3335.3475869295744
sampling_proportion,1.4831831831831832,denseweight,2.373291676752883,2.9996187511008245,2665.775951435338,3.0632566598700026,3652.6973996117545
sampling_proportion,1.4845845845845846,relevance,2.263820491509209,2.861519152686082,2426.20356049233,2.9493222770360084,3305.216255357454
sampling_proportion,1.4845845845845846,denseweight,2.346973133210802,2.9377534719633047,2557.186657845356,3.014567327848708,3525.1388217664758
sampling_proportion,1.485985985985986,relevance,2.244655351774877,2.8421543990483435,2393.3420629425627,2.9359531224473585,3257.7615624139817
sampling_proportion,1.485985985985986,denseweight,2.3475421791816085,2.9494246348948185,2577.2169799519575,3.0201654242990443,3538.2609603452943
sampling_proportion,1.4873873873873873,relevance,2.297048067996857,2.8627612601256547,2428.237236865268,2.962176560305038,3360.774540821817
sampling_proportion,1.4873873873873873,denseweight,2.3310846128438842,2.9422093586685594,2564.7999915589066,3.006861729471149,3481.4152651358636
sampling_proportion,1.4887887887887887,relevance,2.2776881961397897,2.8741804927038297,2447.566381989677,2.9706440776237097,3344.2179046950628
sampling_proportion,1.4887887887887887,denseweight,2.314042713141631,2.914934928979994,2517.2134282708244,2.9781385991782248,3448.872011751657
sampling_proportion,1.4901901901901902,relevance,2.2621229621769294,2.852707685155346,2411.3326053828273,2.9361851641370715,3284.856842766915
sampling_proportion,1.4901901901901902,denseweight,2.33056842384707,2.919172628604073,2524.6281144077248,2.9903120257010043,3467.993886007446
sampling_proportion,1.4915915915915916,relevance,2.2558351695904486,2.844700329987539,2397.5489208177282,2.9351546435299665,3286.305903753943
sampling_proportion,1.4915915915915916,denseweight,2.352374481927678,2.9802491130650224,2631.3920004678885,3.0363468863040013,3565.4511950800643
sampling_proportion,1.492992992992993,relevance,2.275935449630896,2.870244443286503,2440.941558194488,2.9513899845146807,3337.1599892103295
sampling_proportion,1.492992992992993,denseweight,2.3634724570301886,2.9656798429206774,2605.7811736403974,3.027490172795962,3545.3347880451292
sampling_proportion,1.4943943943943945,relevance,2.2613787448411595,2.854310976080397,2413.7694190557804,2.9384878202824325,3307.941291974232
sampling_proportion,1.4943943943943945,denseweight,2.324468072963804,2.9439309235610316,2567.858934339317,3.0087422069353202,3471.3295355833197
sampling_proportion,1.4957957957957957,relevance,2.2961740851738615,2.8760684176302216,2451.213268764618,2.9722023476739268,3382.2565487675593
sampling_proportion,1.4957957957957957,denseweight,2.317072633194766,2.919998094326195,2526.122006212951,2.9813019223238126,3441.8027867456212
sampling_proportion,1.4971971971971971,relevance,2.275318817343187,2.867083787802827,2435.777771868659,2.963969442532373,3327.7798843040378
sampling_proportion,1.4971971971971971,denseweight,2.2893960799529944,2.877060183482181,2452.251498271904,2.9505239768769136,3350.473073414517
sampling_proportion,1.4985985985985986,relevance,2.303854505212152,2.9079370517027914,2505.1787300955034,2.9923241734422406,3399.0130845052627
sampling_proportion,1.4985985985985986,denseweight,2.300456963913236,2.912830349924449,2514.0837927659704,2.96428044980426,3420.582759524962
sampling_proportion,1.5,relevance,2.3126755693288925,2.904660392853506,2499.6066333969475,2.9963959051452305,3422.007368231376
sampling_proportion,1.5,denseweight,2.3216862338821636,2.931839951554532,2546.750993742858,2.991071294650923,3458.603054218674
noise,0.0,relevance,2.3314835843077213,2.870017027958591,2440.157519792988,2.9850002717449615,3430.7553637414585
noise,0.0,denseweight,2.2873270675867223,2.8694265389642037,2439.6185722751075,2.9249265145805454,3312.891682165373
noise,0.00025025025025025025,relevance,2.2900373319621488,2.8726870913050004,2444.9027726360027,2.974418072732069,3374.097898697321
noise,0.00025025025025025025,denseweight,2.3158136142830124,2.958597602320774,2593.041116706202,3.020760008834168,3471.834961504964
noise,0.0005005005005005005,relevance,2.2733206321292694,2.8872116177332066,2469.8981998798863,2.9713118049857608,3330.42514394415
noise,0.0005005005005005005,denseweight,2.318940555528476,2.9300405999319037,2543.5834222722374,3.001188770341944,3456.8847706275724
noise,0.0007507507507507507,relevance,2.2558738089945107,2.8692721642111665,2439.3311008317173,2.952140037700531,3299.020476607679
noise,0.0007507507507507507,denseweight,2.290775266274854,2.9239459628449613,2532.892584752665,2.9865071920067776,3391.0483301570257
noise,0.001001001001001001,relevance,2.295730936550912,2.916036652040798,2519.4723757727265,2.994647401269724,3398.6757960393265
noise,0.001001001001001001,denseweight,2.3152757457147923,2.918616587532994,2523.3505084166723,2.977788554646252,3432.877724280844
noise,0.0012512512512512512,relevance,2.2731221819247835,2.889613601123448,2473.8578923033283,2.9823205942056963,3340.7746066076243
noise,0.0012512512512512512,denseweight,2.3112355384926007,2.912060706253419,2512.370375002753,2.9768961692202276,3415.1095105966965
noise,0.0015015015015015015,relevance,2.2716882830058696,2.861585254040566,2426.2255562709825,2.9581939799937538,3322.9368225598582
noise,0.0015015015015015015,denseweight,2.3128262775390778,2.933798663950836,2549.8765647196315,2.9922995137640918,3450.551791639469
noise,0.0017517517517517517,relevance,2.26007577845451,2.845295486236593,2398.822658543297,2.94038533609049,3268.987473118517
noise,0.0017517517517517517,denseweight,2.3054170387682955,2.911231257984995,2511.066848988731,2.9769166981634103,3393.805191456137
noise,0.002002002002002002,relevance,2.254398685187336,2.854182464719515,2413.7423404861183,2.9482737070984397,3281.702599801989
noise,0.002002002002002002,denseweight,2.316933552472033,2.948969748827206,2576.297046939232,3.0184415251973147,3499.595815125527
noise,0.0022522522522522522,relevance,2.262350566944079,2.8798275477313426,2457.148374581801,2.963851857537394,3334.337006072323
noise,0.0022522522522522522,denseweight,2.3302489380030456,2.957954127790149,2591.912264407269,3.018035123983564,3495.746137476906
noise,0.0025025025025025025,relevance,2.267885151351859,2.853420898836002,2412.165542644247,2.9462175005005595,3313.799066623516
noise,0.0025025025025025025,denseweight,2.3010912942256763,2.912184284336578,2512.3926740761694,2.976387969652148,3392.109310464045
noise,0.0027527527527527527,relevance,2.280437222656762,2.8861568184873754,2467.6416959128796,2.983076718295461,3368.221068125727
noise,0.0027527527527527527,denseweight,2.3186346170734753,2.9219951077052824,2529.605353725717,2.988944561696779,3456.3674136677178
noise,0.003003003003003003,relevance,2.2643754885142027,2.895187038140271,2483.3234549254603,2.9881066952526543,3355.674340618771
noise,0.003003003003003003,denseweight,2.3303879080875456,2.9634402729804106,2601.8785782858113,3.022485867448941,3505.8981258769086
noise,0.0032532532532532532,relevance,2.272226192313987,2.86647009854565,2434.2548326353376,2.9515645524080933,3304.7049228976457
noise,0.0032532532532532532,denseweight,2.299650393209372,2.9311931711684283,2545.46547699565,2.9892524088642816,3425.4216408991274
noise,0.0035035035035035035,relevance,2.289592900077181,2.8973508328932374,2487.197215650884,2.981954894345283,3364.147350692526
noise,0.0035035035035035035,denseweight,2.2946432785727597,2.919042157411027,2524.4348063678863,2.987610459903027,3404.7885867486625
noise,0.0037537537537537537,relevance,2.263400803021268,2.8403357674056013,2390.383914247861,2.939163411936317,3282.732984565089
noise,0.0037537537537537537,denseweight,2.3046870506498744,2.9121263360924163,2512.416080298857,2.977926068159837,3422.4847613054153
noise,0.004004004004004004,relevance,2.2855181366736295,2.9114703284547563,2511.7033506138678,3.001859534479053,3406.729312372321
noise,0.004004004004004004,denseweight,2.331679677130725,2.948573350338808,2575.700037925442,3.0117470763564644,3475.1490284031697
noise,0.004254254254254254,relevance,2.2589021360148167,2.874628034061869,2448.5586571534536,2.969654736670508,3359.287684209482
noise,0.004254254254254254,denseweight,2.3054423274652187,2.925351281741119,2535.150924624428,3.000292637532218,3411.6673098998986
noise,0.0045045045045045045,relevance,2.2622357561221524,2.8715344649347427,2442.9755780149317,2.9596067684317293,3327.9692722256077
noise,0.0045045045045045045,denseweight,2.3602760399753504,2.9841469804194616,2638.244860605895,3.0534010410897507,3592.6385216041776
noise,0.004754754754754755,relevance,2.283404411585719,2.8699735525573815,2440.3932491683627,2.974283914211601,3350.645769382655
noise,0.004754754754754755,denseweight,2.311091755889247,2.9426181813886383,2565.2644458813206,3.0060573908370514,3449.2136991548546
noise,0.005005005005005005,relevance,2.284583298097549,2.8926299247589013,2479.1080537540247,2.9797970669043146,3343.7780675511576
noise,0.005005005005005005,denseweight,2.306118829373987,2.9546579990292474,2586.3324815821125,3.0137268212566095,3464.5748344239037
noise,0.005255255255255255,relevance,2.2717427750116315,2.8759459966809957,2450.4563747258003,2.9628715850876803,3303.6053302183727
noise,0.005255255255255255,denseweight,2.3231473348774685,2.9342436272395176,2550.830431151035,2.9932929100315384,3461.0835108108454
noise,0.0055055055055055055,relevance,2.2764325326828336,2.886088948481202,2468.0231675897026,2.971455648083647,3345.190847786912
noise,0.0055055055055055055,denseweight,2.3277408455826705,2.953313325299712,2583.7832000379485,3.0076887560334464,3476.2716268989066
noise,0.005755755755755756,relevance,2.253145342612493,2.8541705645852895,2413.6521060251725,2.9422563471933056,3282.7668990617135
noise,0.005755755755755756,denseweight,2.2967575079975817,2.9597616325846645,2595.472331631451,3.0120259365161006,3457.326846554545
noise,0.006006006006006006,relevance,2.275552793745909,2.878512134352473,2455.0126211653082,2.980865798974812,3374.043423840294
noise,0.006006006006006006,denseweight,2.310868223248577,2.9206304029093384,2526.9918797428504,2.989309820330181,3438.0535198697266
noise,0.006256256256256256,relevance,2.266701667831421,2.8981140725863788,2488.862964551315,2.983494640693944,3347.676567688098
noise,0.006256256256256256,denseweight,2.3074608556850835,2.9174055601740587,2521.676548124107,2.984973715410175,3415.2478888761484
noise,0.0065065065065065065,relevance,2.2815974180590164,2.8813596197137583,2459.692236960118,2.970749626569396,3334.75548363147
noise,0.0065065065065065065,denseweight,2.296890581201908,2.9114557010280624,2511.4341970394544,2.9724083972559368,3388.3686183185905
noise,0.006756756756756757,relevance,2.286629330244278,2.9242884225621424,2533.864956305474,3.0142298336146767,3412.477558305596
noise,0.006756756756756757,denseweight,2.3333182568637243,2.933221250205561,2548.7107892931185,2.9962872406376384,3482.9180066546
noise,0.007007007007007007,relevance,2.2374950377181664,2.8387505703458262,2387.841183892552,2.9313196287666403,3251.4680854563258
noise,0.007007007007007007,denseweight,2.2908431752288974,2.9164159172786923,2519.822648582494,2.9785822403809394,3369.649972276823
noise,0.007257257257257257,relevance,2.2689727541262155,2.8608737961900617,2425.3324699568634,2.9453405253491574,3320.845593547743
noise,0.007257257257257257,denseweight,2.306925197308676,2.9473904768890318,2573.606500502308,3.008358410850555,3475.6988415939795
noise,0.0075075075075075074,relevance,2.2438408730801154,2.8459588079010647,2399.9342881800226,2.9319652270855205,3249.2853502454273
noise,0.0075075075075075074,denseweight,2.3094773900208474,2.9100095576955702,2509.0230616011468,2.9700199601418222,3399.5410415372676
noise,0.007757757757757758,relevance,2.2666767183170746,2.875755739451597,2450.527108213753,2.9575330656650696,3304.873771086285
noise,0.007757757757757758,denseweight,2.3314026854220127,2.9527195874425054,2582.9386322387677,3.0137014674515763,3500.4249103225097
noise,0.008008008008008008,relevance,2.267944777808229,2.8764307993968425,2451.2427710729644,2.9600820361605713,3317.4615231195926
noise,0.008008008008008008,denseweight,2.325727692889943,2.9557348327827633,2588.175346898463,3.018066944297973,3495.1246450314843
noise,0.008258258258258258,relevance,2.262714822810628,2.902603567972243,2496.467667009263,2.986541145929325,3356.2202909655125
noise,0.008258258258258258,denseweight,2.29657823812186,2.930773318775692,2544.7426813691673,2.994190361444286,3421.1623674300063
noise,0.008508508508508508,relevance,2.2945099572712144,2.9089613584064415,2507.3746568954043,2.9983368962379022,3399.213009812713
noise,0.008508508508508508,denseweight,2.300109564026504,2.938174689958999,2557.680241375515,3.0001318634487415,3422.9514236692594
noise,0.008758758758758759,relevance,2.255266665172457,2.8317300481416807,2375.90410576608,2.9295771112219273,3279.0718554756686
noise,0.008758758758758759,denseweight,2.318978118186341,2.9365470968654583,2554.6465260903456,3.0004366543729786,3459.06579548783
noise,0.009009009009009009,relevance,2.273013018190604,2.863759643429337,2429.588912878282,2.946279339678452,3303.165644031726
noise,0.009009009009009009,denseweight,2.296838567768051,2.922684597316731,2530.690924107196,2.9948191119198135,3412.538709863418
noise,0.009259259259259259,relevance,2.277166213555165,2.850827911297784,2407.8518342012912,2.9419327528179346,3306.566524301975
noise,0.009259259259259259,denseweight,2.319483845075174,2.945136203105797,2569.6579783172606,3.0063376056826336,3450.648723843955
noise,0.00950950950950951,relevance,2.2758464983034488,2.8892638874127665,2473.3079609108827,2.972913362829349,3352.6630371187803
noise,0.00950950950950951,denseweight,2.3263426469017023,2.920291769084173,2526.3703190905185,2.9963361578079106,3476.459995818874
noise,0.00975975975975976,relevance,2.243550945798689,2.8643604100543145,2431.073743066148,2.9486909676828543,3272.733452037103
noise,0.00975975975975976,denseweight,2.3198308276389756,2.923691033598097,2532.1282951792255,2.995648690230713,3465.7297688663384
noise,0.01001001001001001,relevance,2.266293448001415,2.8593537971911385,2422.655754203559,2.950697751756275,3302.634697933285
noise,0.01001001001001001,denseweight,2.31524963139325,2.91869472813582,2523.523450196754,2.9842466319651244,3435.165507306079
noise,0.01026026026026026,relevance,2.270973504075875,2.856112555831227,2416.784958573745,2.9482501745742047,3302.067639940753
noise,0.01026026026026026,denseweight,2.3399429266397083,2.97534820697527,2622.5860658573724,3.042456334460133,3551.3014220687037
noise,0.01051051051051051,relevance,2.2561253565958364,2.87530588324763,2449.4365318334603,2.9720615374975345,3316.5771383479646
noise,0.01051051051051051,denseweight,2.31210897239328,2.945202991799458,2569.696177940175,3.004733025695261,3468.379004227813
noise,0.010760760760760761,relevance,2.2533536516388897,2.8331135680779655,2378.3697369073584,2.9211443588975157,3233.300989809026
noise,0.010760760760760761,denseweight,2.2855052383030134,2.8900999952768434,2474.5877753334594,2.9622314944072072,3349.083459408217
noise,0.011011011011011011,relevance,2.2477118546560884,2.86687634650051,2434.9462953557195,2.9533086117202725,3303.1521687813333
noise,0.011011011011011011,denseweight,2.296054890999438,2.9461744763620694,2571.476660072771,3.0014271877427645,3423.758560576507
noise,0.01126126126126126,relevance,2.266016418707514,2.8737624330275198,2446.965479887015,2.9648318716351527,3327.0307155411165
noise,0.01126126126126126,denseweight,2.3193217824191397,2.9606482314881473,2596.794771746422,3.020189696357236,3492.020753569885
noise,0.011511511511511512,relevance,2.2487771152825418,2.863056494252532,2428.749328210318,2.949427098136179,3295.6211300387117
noise,0.011511511511511512,denseweight,2.304074943323616,2.955566657081529,2588.0002330317498,3.0131825095460254,3458.729975986561
noise,0.011761761761761762,relevance,2.253812899173005,2.8630528855032997,2428.72525830018,2.950501637930565,3297.783726056506
noise,0.011761761761761762,denseweight,2.313012976617503,2.947103008709007,2573.108742467481,3.009921564424853,3453.4500892428046
noise,0.012012012012012012,relevance,2.255411946831281,2.8562069168171034,2417.0020380348333,2.946114882746819,3295.120032843178
noise,0.012012012012012012,denseweight,2.3622572664780828,3.0011655943477664,2668.3826590419158,3.051889998858086,3600.732072662963
noise,0.012262262262262262,relevance,2.2779820839333045,2.8615161902714408,2425.7999640485746,2.953979796234016,3331.012580177805
noise,0.012262262262262262,denseweight,2.299061415641526,2.929270149903593,2542.093092191879,2.985936880233597,3417.189392782311
noise,0.012512512512512512,relevance,2.280647436946289,2.882951472144676,2462.3401656382775,2.9835550902051047,3382.207910793937
noise,0.012512512512512512,denseweight,2.2914342843736892,2.9259630671559655,2536.4369873061696,2.991181599985353,3400.8399439961822
noise,0.012762762762762763,relevance,2.2545045244842115,2.8716024662605397,2443.017973403649,2.963671789570075,3316.6170602149864
noise,0.012762762762762763,denseweight,2.3166562597448928,2.934346255971056,2550.8409905533827,2.9947622273764205,3450.28438674965
noise,0.013013013013013013,relevance,2.2532329064590635,2.896390969019264,2485.656634890839,2.983023466334128,3329.0623103262355
noise,0.013013013013013013,denseweight,2.3021812337473,2.947871563562991,2574.423790094713,3.0104879788362324,3455.8692197302603
noise,0.013263263263263263,relevance,2.305244979844304,2.9263226923645758,2537.1154663532334,3.0193568049739943,3428.4184978228072
noise,0.013263263263263263,denseweight,2.3440050795779097,2.944749378047097,2568.9949945782146,3.016259902105505,3510.4417536841574
noise,0.013513513513513514,relevance,2.2738228725622105,2.898863075173304,2489.8547295417793,2.9902130454164535,3381.827543557365
noise,0.013513513513513514,denseweight,2.317791250493245,2.972291244025165,2617.274450050836,3.0265202415744032,3492.438370470052
noise,0.013763763763763764,relevance,2.2592747203470576,2.8573144207860595,2419.2258917610297,2.94840823682002,3286.2158099547505
noise,0.013763763763763764,denseweight,2.326336593670114,2.9474338065615076,2573.6984026993077,3.0167538318622205,3491.3540166028138
noise,0.014014014014014014,relevance,2.2670550473716,2.8825860200222784,2462.039326841773,2.9679250770395202,3332.5589263459137
noise,0.014014014014014014,denseweight,2.3085347537739183,2.9422745420012912,2564.5995879325033,3.000792294309876,3452.9567539111795
noise,0.014264264264264264,relevance,2.2646163487668245,2.865879638572349,2433.486042379215,2.9557270275587704,3307.2845180885656
noise,0.014264264264264264,denseweight,2.3406773950448994,2.9752803614242804,2622.6069875798958,3.028842964152035,3540.339693680647
noise,0.014514514514514514,relevance,2.2380252990750313,2.8403788126685594,2390.4893994212807,2.927501553843413,3259.3796716823126
noise,0.014514514514514514,denseweight,2.308179004865024,2.923972321117225,2533.056775547592,2.975392781939231,3419.3144793751667
noise,0.014764764764764765,relevance,2.273222385739583,2.8940643006003492,2481.5845453088978,2.9790539375364236,3336.7782124504893
noise,0.014764764764764765,denseweight,2.3078986255792016,2.9087045382911283,2506.410897760343,2.9631674379771398,3390.303428532582
noise,0.015015015015015015,relevance,2.274607376727589,2.85981803144173,2423.1839384231766,2.9436129386334713,3298.400252067183
noise,0.015015015015015015,denseweight,2.2820660839636493,2.872055195445641,2443.624938299681,2.936133284668983,3318.217668242137
noise,0.015265265265265265,relevance,2.257918195151559,2.8716057303078726,2443.2583911426022,2.97011168275399,3333.6335738416683
noise,0.015265265265265265,denseweight,2.333179179360243,2.962706620334831,2600.509058172511,3.029780349204336,3538.594179961835
noise,0.015515515515515516,relevance,2.2495126277436284,2.8471607867918403,2401.761757882625,2.9308735377361717,3254.4278748112665
noise,0.015515515515515516,denseweight,2.322902584447241,2.9503960465213495,2578.893465500993,3.0076929305104336,3467.932738320809
noise,0.015765765765765764,relevance,2.264715043717964,2.8738071061355637,2446.9096681352235,2.9655349133841313,3316.627653617898
noise,0.015765765765765764,denseweight,2.298007004590209,2.923241146408567,2531.807929511291,2.982556818261082,3405.20353549625
noise,0.016016016016016016,relevance,2.281645632910467,2.889426941383307,2473.3496932405174,2.9779784515248795,3365.2111969946845
noise,0.016016016016016016,denseweight,2.2949953936309067,2.9179972691771785,2522.4833227539843,2.987029697420391,3417.5033854880953
noise,0.016266266266266267,relevance,2.2508100194480773,2.851615581876227,2409.3100956944945,2.939899269742537,3272.191780670572
noise,0.016266266266266267,denseweight,2.3154609999871485,2.937467270929372,2556.1875373614184,3.00462881186112,3463.667993050982
noise,0.016516516516516516,relevance,2.2515434709955926,2.8622602369115486,2427.1705654815487,2.9460328169711247,3275.255435595246
noise,0.016516516516516516,denseweight,2.309183938457674,2.9180459092354902,2522.6499441462097,2.9830394157217848,3418.944564743068
noise,0.016766766766766767,relevance,2.274478738536774,2.8600165423867328,2423.358589727538,2.9481221059666236,3289.4003882624716
noise,0.016766766766766767,denseweight,2.3285017064706106,2.9382835866760972,2557.518044792226,3.0080084968844556,3488.735935530307
noise,0.017017017017017015,relevance,2.2709594722917235,2.8827307960207094,2462.3647118403373,2.9661466472530296,3333.514614200448
noise,0.017017017017017015,denseweight,2.299207826611091,2.9381325572492916,2557.6632739070687,2.993471826532142,3434.187850745779
noise,0.017267267267267267,relevance,2.2662759209067413,2.8652905570678455,2432.3230406769458,2.9512926737342005,3316.280157916095
noise,0.017267267267267267,denseweight,2.314427915957622,2.928420735084073,2540.578508735189,3.0004713724697623,3448.6986394076994
noise,0.017517517517517518,relevance,2.312319740752005,2.8932586830127014,2480.0372612596243,2.995362534157926,3433.062362668762
noise,0.017517517517517518,denseweight,2.3168915529344165,2.950545599541741,2579.1378633688973,3.0149332629725825,3483.873071825817
noise,0.017767767767767766,relevance,2.2917870337187125,2.884665922104381,2465.3963467161457,2.9778178034213134,3376.444283416664
noise,0.017767767767767766,denseweight,2.2982437004417844,2.94538034453809,2570.1111802612054,3.003568784814276,3415.1028072683803
noise,0.018018018018018018,relevance,2.2855706326306366,2.894331700764376,2481.9534584022335,2.994686590800624,3391.3313328551476
noise,0.018018018018018018,denseweight,2.323170063953883,2.9558304745387884,2588.467116229058,3.0034749003155867,3498.12316682699
noise,0.01826826826826827,relevance,2.269426597890139,2.8735762502102786,2446.6365471348536,2.9597559063320884,3327.3475932650317
noise,0.01826826826826827,denseweight,2.2923148251423213,2.938026081959227,2557.5269004517963,3.0054040044750376,3425.355130308847
noise,0.018518518518518517,relevance,2.2471165229753827,2.847367691813587,2402.1312092884336,2.9380734945318436,3266.2804161236104
noise,0.018518518518518517,denseweight,2.2900103909078857,2.9158354230608348,2519.08070795901,2.9814885899904517,3421.1703875020153
noise,0.01876876876876877,relevance,2.2660895222835546,2.8656131329536083,2433.1641453642,2.9557578701054257,3312.985469725849
noise,0.01876876876876877,denseweight,2.317994690805632,2.931324922241901,2545.5221447189897,2.99308286163331,3439.1049898501656
noise,0.01901901901901902,relevance,2.275402601939239,2.882694814900764,2462.1553208416335,2.9710293391094837,3342.7088687358746
noise,0.01901901901901902,denseweight,2.3300139459023983,2.9466628733953164,2572.2297235278384,3.004500531808126,3480.189973127297
noise,0.01926926926926927,relevance,2.2733208755041296,2.875504697846898,2449.743874635499,2.96659252516239,3342.7080940837664
noise,0.01926926926926927,denseweight,2.3237317560156834,2.9546735525723085,2586.321755692381,3.019314060564974,3500.323036276054
noise,0.01951951951951952,relevance,2.245672857528266,2.8454908937680625,2399.060974496275,2.942747270578952,3273.3704002482086
noise,0.01951951951951952,denseweight,2.323079043449704,2.933568365170614,2549.449572537546,3.008706197553946,3467.0576310029955
noise,0.01976976976976977,relevance,2.2807540726333446,2.904923387780159,2500.2044487170874,2.9878904934544925,3372.371644458484
noise,0.01976976976976977,denseweight,2.3279392844080182,2.935306741986849,2552.6091920492518,3.0032635694688357,3477.437740414813
noise,0.02002002002002002,relevance,2.2407933524889536,2.8382320609151477,2386.510878627118,2.938038969283563,3264.1718448972456
noise,0.02002002002002002,denseweight,2.3047703564791266,2.9407913075662986,2562.179038797936,3.0041623285986843,3447.714335382495
noise,0.02027027027027027,relevance,2.2686200364748004,2.9026624994661203,2496.6992364240573,2.980851525478569,3352.7050296156985
noise,0.02027027027027027,denseweight,2.3208163966397843,2.942656646876998,2565.0711128551607,3.013672414275507,3468.953103137245
noise,0.02052052052052052,relevance,2.2827457705033645,2.8680673930296985,2437.3049755711177,2.9547825320316186,3296.0335683089947
noise,0.02052052052052052,denseweight,2.3082061886371115,2.9362296985182468,2554.364085590871,2.999640525937769,3456.926168855333
noise,0.02077077077077077,relevance,2.265965844948758,2.8858406506323457,2467.5102021412813,2.9820524977790046,3366.1356707030113
noise,0.02077077077077077,denseweight,2.2949010537811363,2.914208396674356,2516.0414277976383,2.984736191244312,3395.6544880366496
noise,0.02102102102102102,relevance,2.2675604275729224,2.8596219827237777,2422.7607746132844,2.9455302377339367,3295.596153842378
noise,0.02102102102102102,denseweight,2.3624593844006494,2.9718921993087024,2616.5483378305266,3.0380283050476002,3561.2128364456144
noise,0.02127127127127127,relevance,2.2613654376690207,2.8684745735887436,2437.897454082859,2.9528540683992355,3301.5505222647757
noise,0.02127127127127127,denseweight,2.3217275804998305,2.9503476630432592,2578.8180207958326,3.0128803919402514,3489.623727070325
noise,0.021521521521521522,relevance,2.2669839547637953,2.8942285596583024,2481.656058969144,2.9839826741685873,3369.462873691227
noise,0.021521521521521522,denseweight,2.290561368020151,2.9047763304309813,2499.698033560371,2.9617663689373654,3368.2823106019455
noise,0.02177177177177177,relevance,2.257523452369603,2.8812191030011425,2459.3363813782094,2.9617232108496547,3284.0996071708364
noise,0.02177177177177177,denseweight,2.2980257522193557,2.9122915131034985,2512.6529707818486,2.9760626511363686,3409.734331725331
noise,0.022022022022022022,relevance,2.2669675757017536,2.8809998763288887,2459.2490198369564,2.9651235891443206,3331.279826047841
noise,0.022022022022022022,denseweight,2.2813593142767146,2.884190907876541,2464.2926137516365,2.947890105062848,3325.7205732125517
noise,0.022272272272272273,relevance,2.279141194339797,2.8679509065455786,2436.721629943931,2.963291803058963,3350.9377287098628
noise,0.022272272272272273,denseweight,2.318836843576171,2.9531738430383023,2583.873676041419,3.0171242876959594,3471.7463058071025
noise,0.02252252252252252,relevance,2.258364275196911,2.8806659000702406,2458.543113892718,2.9703453086799834,3341.8995023055877
noise,0.02252252252252252,denseweight,2.292355548156264,2.9013353062750538,2493.9072987724376,2.9628863548152,3369.2380517910783
noise,0.022772772772772773,relevance,2.2765641898633904,2.8799530477550914,2457.446461842942,2.970030861900154,3347.711181657032
noise,0.022772772772772773,denseweight,2.307245060398168,2.93534377105658,2552.6261313425916,3.0081200623464377,3428.5931246402292
noise,0.023023023023023025,relevance,2.276851934835669,2.891273709178857,2476.7912672225225,2.975801459545657,3347.305688283998
noise,0.023023023023023025,denseweight,2.2956267415270015,2.911278606801035,2510.9715467005244,2.9836529629250377,3381.0734629150033
noise,0.023273273273273273,relevance,2.258054700975563,2.8728460789503973,2445.1780570082433,2.9523253645464944,3293.7358488156788
noise,0.023273273273273273,denseweight,2.2838289624712846,2.898846900669364,2489.502053879783,2.970615075783802,3371.376363791045
noise,0.023523523523523524,relevance,2.2651214960693027,2.8582376526626496,2420.7230338586633,2.953156488231743,3296.1263996976095
noise,0.023523523523523524,denseweight,2.336458187669918,2.9590561239756883,2594.0363880970476,3.01349559143338,3497.4676535702174
noise,0.023773773773773772,relevance,2.2585103697974,2.871337590601721,2442.881471816454,2.9546498427241636,3307.491046408337
noise,0.023773773773773772,denseweight,2.2825784721068536,2.9148006076348487,2516.9843780884135,2.9866151803338723,3377.9161703376267
noise,0.024024024024024024,relevance,2.267362432460733,2.866463789776597,2434.1251932088285,2.9594147776218023,3315.12493471221
noise,0.024024024024024024,denseweight,2.302315795854813,2.926793229913728,2537.5643858106223,2.983889211806526,3418.124971938923
noise,0.024274274274274275,relevance,2.253581737335825,2.859231290152509,2422.277005080244,2.948857185024593,3275.123415044605
noise,0.024274274274274275,denseweight,2.298910470400703,2.8882869075996522,2471.4655783997705,2.9544900556019997,3364.834432878942
noise,0.024524524524524523,relevance,2.2885237319583305,2.893846630392674,2480.9010749896947,2.98139939253075,3377.794476601563
noise,0.024524524524524523,denseweight,2.2899741718287014,2.907858323962504,2504.9106397977134,2.9849637823350696,3373.9015609413386
noise,0.024774774774774775,relevance,2.2628825338754757,2.89531110473098,2483.480000135111,2.9792677939008474,3339.6984104314733
noise,0.024774774774774775,denseweight,2.2698050249460606,2.88664699821531,2468.877345278574,2.95229163975515,3321.4536960604696
noise,0.025025025025025023,relevance,2.2461565341068503,2.8624605029439465,2427.5329773589383,2.9544671720786617,3294.4206129681525
noise,0.025025025025025023,denseweight,2.293764375034097,2.9246546170554537,2534.120168220896,2.985751712387772,3418.031637986734
noise,0.025275275275275275,relevance,2.267750938422233,2.8896848533946287,2474.043304532189,2.9762036401990493,3346.030782492125
noise,0.025275275275275275,denseweight,2.3095778684790043,2.9455166308438896,2570.167252449195,3.0132145625513314,3456.6610730670036
noise,0.025525525525525526,relevance,2.2588891902443398,2.8619937520970216,2426.9818000471523,2.950103820595144,3290.9421739769296
noise,0.025525525525525526,denseweight,2.295084893118892,2.913875985296861,2515.39637148464,2.9728618016892088,3383.1037683950444
noise,0.025775775775775774,relevance,2.304418100086059,2.892392139100077,2478.401864009441,2.984175995468989,3380.3134163320387
noise,0.025775775775775774,denseweight,2.320402829428682,2.931464175838267,2545.7800341638113,2.992271916993427,3464.388038812783
noise,0.026026026026026026,relevance,2.288064049709684,2.8780137130095427,2453.9579784320917,2.967791493359861,3349.7187673101316
noise,0.026026026026026026,denseweight,2.29486791350063,2.9272872132499734,2538.927727259279,2.988665897715427,3419.652518502452
noise,0.026276276276276277,relevance,2.240329087461374,2.8431369391234846,2394.9444761700156,2.925979885785697,3247.126623965889
noise,0.026276276276276277,denseweight,2.302026431064055,2.938124767550882,2557.5788417105214,3.0024911674117125,3439.38434122396
noise,0.026526526526526525,relevance,2.24781501423478,2.862700928468659,2428.1545176618606,2.949113005830112,3288.6970791991994
noise,0.026526526526526525,denseweight,2.3329801359634574,2.923514116395911,2531.727790253095,2.987402928120811,3454.3793639578585
noise,0.026776776776776777,relevance,2.270602081999056,2.9097675371043414,2508.5416533416756,2.9895287940656705,3370.0840791075652
noise,0.026776776776776777,denseweight,2.3174743133211333,2.958213168472412,2592.4862984214674,3.020863322002403,3478.2598417386494
noise,0.02702702702702703,relevance,2.309362220221129,2.9092586386124486,2507.5957342284637,3.0013825786588875,3403.6357312503565
noise,0.02702702702702703,denseweight,2.318092467813685,2.9251741125238944,2534.904084987052,2.9930825816355044,3450.8614393840094
noise,0.027277277277277277,relevance,2.267938760269572,2.879661220795383,2456.8808109004585,2.9685887045898633,3315.916253044074
noise,0.027277277277277277,denseweight,2.337858770886858,2.9645531748885174,2603.580398317202,3.0374363583453072,3537.8646801547425
noise,0.027527527527527528,relevance,2.2690361221906,2.894450745671582,2482.1400063168785,2.9870829350854775,3372.6272725816375
noise,0.027527527527527528,denseweight,2.2839468196525616,2.8981070877950805,2488.143734264281,2.959258605845886,3363.440708986041
noise,0.027777777777777776,relevance,2.2674906939872392,2.8883236458591757,2471.772243817775,2.974433431153687,3338.5136715504123
noise,0.027777777777777776,denseweight,2.294207591563945,2.922458574880545,2530.345276247045,2.986404941564073,3406.6434814116487
noise,0.028028028028028028,relevance,2.271378240505657,2.8834292743448295,2463.1707198249383,2.965201057219655,3323.074593466913
noise,0.028028028028028028,denseweight,2.297175716487665,2.9499384270197795,2578.0940064162205,3.006081689117741,3445.9703503317273
noise,0.02827827827827828,relevance,2.2817769468156834,2.9088178816852115,2507.0527175952593,2.993994448879694,3372.2092932505334
noise,0.02827827827827828,denseweight,2.3159195385771327,2.953526316322338,2584.2889561919314,3.0149851993083714,3478.114067896665
noise,0.028528528528528527,relevance,2.2692520038003714,2.8979750018301553,2488.171795767271,2.9861890025287385,3347.7264325735296
noise,0.028528528528528527,denseweight,2.291185961739679,2.9033881086935707,2497.3391515218896,2.977523094057348,3373.8980646148925
noise,0.02877877877877878,relevance,2.2444118269950892,2.825517074763276,2364.995510689471,2.908217632990023,3223.9534013020475
noise,0.02877877877877878,denseweight,2.290128119717164,2.909306713036392,2507.69275399599,2.9806585992746646,3389.8602534323663
noise,0.029029029029029027,relevance,2.2751167325765356,2.8932280189422674,2479.882444582425,2.9767689200592478,3340.7127014028933
noise,0.029029029029029027,denseweight,2.316066530880465,2.9628178578087234,2600.561706953348,3.0168915152185827,3480.023979801284
noise,0.02927927927927928,relevance,2.2624917300503458,2.8750711262305355,2449.1983036854626,2.959956387432222,3326.682174460028
noise,0.02927927927927928,denseweight,2.32919983707832,2.936917430530475,2555.4791848690606,3.003277184985751,3458.982501860113
noise,0.02952952952952953,relevance,2.2525505670032864,2.8515981541334114,2409.342952696616,2.938068887698286,3273.176869485378
noise,0.02952952952952953,denseweight,2.305659675294483,2.93914083396279,2559.2931636239714,2.9885821261047023,3436.404469353912
noise,0.029779779779779778,relevance,2.2541233220613335,2.8766319413942534,2451.7689909620894,2.9652486818063313,3307.2012471642693
noise,0.029779779779779778,denseweight,2.3550263895797743,2.9335880176140368,2549.7777527433996,3.0084516362492226,3502.9224123759222
noise,0.03003003003003003,relevance,2.2716207229454595,2.8964087567313594,2485.727406377797,2.98206570829487,3370.493605651078
noise,0.03003003003003003,denseweight,2.297149489722307,2.9531496746816104,2583.689020746802,3.0148578614700683,3446.844812291939
noise,0.03028028028028028,relevance,2.2549418257583724,2.856852869021705,2417.9542294415664,2.9533107728272006,3307.4515323680953
noise,0.03028028028028028,denseweight,2.2846620642953734,2.9045243817422546,2499.247456799061,2.957003108964851,3348.3926942810513
noise,0.03053053053053053,relevance,2.2869512455948233,2.947134027010252,2573.3260524123366,3.0259301770872695,3425.312854950961
noise,0.03053053053053053,denseweight,2.3073026773911036,2.93502632669476,2552.178272858277,3.0078089876267016,3446.0430197432847
noise,0.03078078078078078,relevance,2.2603191369211895,2.849615084741743,2406.0352724036197,2.9570124531230833,3341.4448264268185
noise,0.03078078078078078,denseweight,2.319669316649544,2.932821399796674,2548.3302924202076,3.0016656801357717,3484.248319191218
noise,0.031031031031031032,relevance,2.2824500203444833,2.908608599110104,2506.6293953029895,2.997947571425139,3388.7502777094764
noise,0.031031031031031032,denseweight,2.3172839815853914,2.9313346525127075,2545.4824299904703,3.0023706395893726,3466.298932028827
noise,0.031281281281281284,relevance,2.2884657348788746,2.913464017565104,2514.980305343288,2.9984581694363146,3391.5365306863505
noise,0.031281281281281284,denseweight,2.309162401320797,2.948031246645774,2574.7136846276567,3.014747065892035,3474.050479013714
noise,0.03153153153153153,relevance,2.2769339836852343,2.8885387292481752,2471.990676365285,2.9750783983719997,3321.2462427462847
noise,0.03153153153153153,denseweight,2.286131162941427,2.9351878605202115,2552.5495377555917,2.9982316681939647,3420.6220370768106
noise,0.03178178178178178,relevance,2.282838413376419,2.8988598594044106,2489.5793868115993,2.9963471758114424,3414.18923631598
noise,0.03178178178178178,denseweight,2.282721383794143,2.888580353517703,2472.033007082663,2.95108676134073,3331.603924467878
noise,0.03203203203203203,relevance,2.2742122804974025,2.8945033784751413,2482.6213683190067,2.978144564898221,3343.9246679313974
noise,0.03203203203203203,denseweight,2.2883821015405017,2.9102950697412373,2509.482969044443,2.9810739079818753,3377.7697716545254
noise,0.03228228228228228,relevance,2.2841885594898512,2.862263020164346,2427.126021328856,2.9627824954809694,3340.168858888058
noise,0.03228228228228228,denseweight,2.307320828112914,2.9304785068238597,2544.0289296185424,2.992876620579246,3442.2806587421046
noise,0.032532532532532535,relevance,2.2558159399599584,2.8465573614178235,2400.591615272413,2.9293451121560405,3266.727345069446
noise,0.032532532532532535,denseweight,2.3018574257542466,2.9178402107698402,2522.281644610813,2.9857457028315784,3411.120785416052
noise,0.03278278278278278,relevance,2.256272698064016,2.870990317491223,2441.9919036179786,2.946424915357106,3261.104165322079
noise,0.03278278278278278,denseweight,2.278872688811048,2.9021865003415037,2495.221302680322,2.963703837756399,3343.3891510329054
noise,0.03303303303303303,relevance,2.2941981986775986,2.881980733382787,2460.8533022632687,2.986062293086668,3384.06775434103
noise,0.03303303303303303,denseweight,2.315132586939776,2.956817163407268,2590.109929939719,3.020628112669101,3484.4546810898314
noise,0.03328328328328328,relevance,2.269377386844386,2.8646582893002206,2431.279442764199,2.961755334654822,3314.91318575468
noise,0.03328328328328328,denseweight,2.321343443018889,2.9458334773610813,2571.1433784853743,3.0017464724453737,3477.62948801045
noise,0.033533533533533534,relevance,2.232792019647684,2.854789161408694,2414.738814221538,2.9397220657863876,3234.705407133155
noise,0.033533533533533534,denseweight,2.283927413638297,2.9119526076409166,2512.0142958045103,2.9771983811533227,3359.2604913795853
noise,0.033783783783783786,relevance,2.2759596531455846,2.8896571356760674,2474.098200482006,2.9868889308695694,3346.671913681749
noise,0.033783783783783786,denseweight,2.2989640064279624,2.93652761084561,2554.7415211580783,3.0033370223487577,3413.049816916411
noise,0.03403403403403403,relevance,2.288450601130861,2.9408937283095384,2562.558719694027,3.0274020426096726,3433.8531490939854
noise,0.03403403403403403,denseweight,2.30346879719041,2.911216726948223,2510.8717428611526,2.9644041604577844,3385.392422960348
noise,0.03428428428428428,relevance,2.297007323112141,2.88754930243248,2470.2018402672015,2.9838615310169128,3381.9235562717936
noise,0.03428428428428428,denseweight,2.269787533571387,2.9012217124170734,2493.551920401668,2.9531177566065,3325.3647136521026
noise,0.03453453453453453,relevance,2.2642058034045043,2.854486361220347,2413.8740845555058,2.9501437625197693,3305.2543951756306
noise,0.03453453453453453,denseweight,2.338125633298894,2.9841497925946316,2638.295376530542,3.049521156104598,3583.7112278185887
noise,0.034784784784784785,relevance,2.253644709287341,2.8625864062118893,2427.7738620343894,2.9502460749746233,3285.4920134268546
noise,0.034784784784784785,denseweight,2.3181773948790374,2.9453229136074337,2569.929765124798,3.016659658375758,3469.408541993791
noise,0.035035035035035036,relevance,2.283483300064063,2.897264779751937,2487.0674635652945,2.992306183643954,3392.596234147663
noise,0.035035035035035036,denseweight,2.2972027023338897,2.929356704285552,2542.3757956582676,2.995872936152186,3437.30235748671
noise,0.03528528528528529,relevance,2.277551213339726,2.8477465811819944,2402.484920473358,2.948975505561981,3325.371680254787
noise,0.03528528528528529,denseweight,2.3149668245716444,2.928242140850388,2540.3223817743788,2.9926370704979974,3427.825641367416
noise,0.03553553553553553,relevance,2.2545059151705336,2.8692013325631684,2439.2186106579006,2.9641342895294907,3307.628852101265
noise,0.03553553553553553,denseweight,2.306319865240551,2.9154453717523467,2518.197923942913,2.983544220780939,3416.1539350345156
noise,0.035785785785785784,relevance,2.2751591545763645,2.891245320912548,2476.539948236118,2.984804052358173,3375.1779916790847
noise,0.035785785785785784,denseweight,2.314025569551438,2.9311438194633426,2545.0371024939277,2.977629282033195,3436.8419070695713
noise,0.036036036036036036,relevance,2.263092676008254,2.880337391297109,2458.2601332278027,2.975504121642677,3360.492969095708
noise,0.036036036036036036,denseweight,2.3112968473808837,2.928660896182944,2541.098059102796,2.994943105763769,3447.5066748467098
noise,0.03628628628628629,relevance,2.2496253830591835,2.8774771001781674,2453.4166310409746,2.964897855530697,3308.683151483389
noise,0.03628628628628629,denseweight,2.291791616881161,2.9387629516438287,2558.626588383103,2.9969526750548,3439.5069052651565
noise,0.03653653653653654,relevance,2.292310633470248,2.910449808218978,2509.8935762933374,2.991731568588064,3400.4666065776337
noise,0.03653653653653654,denseweight,2.2931354040448935,2.9179742579006627,2522.6160386646566,2.9852663841458744,3369.9151464466645
noise,0.03678678678678678,relevance,2.2636084797476173,2.859338105474751,2421.860668188993,2.946275626617897,3287.2324264433637
noise,0.03678678678678678,denseweight,2.289517704696664,2.929024600973577,2541.3686654397848,2.9867317998518286,3392.103995656304
noise,0.037037037037037035,relevance,2.272847086026533,2.8991460433671192,2490.202224208634,2.991008581101215,3352.6900050489785
noise,0.037037037037037035,denseweight,2.2774742237122,2.887748050622117,2470.354294735591,2.9591485387543393,3333.7408223211146
noise,0.037287287287287287,relevance,2.2613051803424344,2.891869227423762,2477.605380705713,2.978295486267756,3325.8278772975036
noise,0.037287287287287287,denseweight,2.337103700198258,2.970913080457907,2614.7137610609852,3.0325377539627705,3529.5910092747495
noise,0.03753753753753754,relevance,2.2976539125386024,2.885165268941891,2466.142166461948,2.9815175592152188,3399.0078713113917
noise,0.03753753753753754,denseweight,2.2857358256191267,2.8934885723145407,2480.433218883677,2.9587809552792907,3348.3551394453093
noise,0.03778778778778779,relevance,2.2882602956561167,2.847887114939716,2403.0330646705893,2.9425877692831564,3317.478038353846
noise,0.03778778778778779,denseweight,2.3005396826668463,2.922537641453847,2529.947089779277,2.98225474592573,3394.553239120651
noise,0.03803803803803804,relevance,2.256947456694653,2.8757164621039246,2449.9230351215724,2.9583857176483224,3285.7777427859714
noise,0.03803803803803804,denseweight,2.301781263812214,2.9093502327586918,2507.6379403913497,2.963593795349162,3395.284461472165
noise,0.038288288288288286,relevance,2.2486484748567332,2.8283530059774136,2370.1544549989057,2.924153038317828,3248.5403869197125
noise,0.038288288288288286,denseweight,2.2876803731635578,2.924404807588389,2533.454101203432,2.9759847092102207,3383.2982447161758
noise,0.03853853853853854,relevance,2.2817780560750824,2.9081530463483998,2505.697944376112,2.986933133065499,3388.1389727406995
noise,0.03853853853853854,denseweight,2.3073719656560825,2.932612731189673,2547.7858417858856,2.989350868448759,3416.7645426077474
noise,0.03878878878878879,relevance,2.2953474988330536,2.905496076957514,2501.440721978893,2.9983032201440802,3399.32291219586
noise,0.03878878878878879,denseweight,2.31004990107284,2.9283735569974767,2540.5598507838085,2.991611854427153,3413.3555783480624
noise,0.03903903903903904,relevance,2.278217528873139,2.8765315619621066,2451.5180285461192,2.973035855175337,3346.991357180241
noise,0.03903903903903904,denseweight,2.2911449620331847,2.9044240198765103,2498.9413123686427,2.96107323014002,3336.842886548338
noise,0.03928928928928929,relevance,2.259923557878654,2.8491560737632433,2405.1011769708844,2.937668794734208,3263.2302154965764
noise,0.03928928928928929,denseweight,2.3092032084122276,2.9500159099090673,2578.061530734556,3.011578969317338,3486.8484592899786
noise,0.03953953953953954,relevance,2.2451226150874706,2.8416220951730744,2392.696703081472,2.9317437742941106,3263.0419672905377
noise,0.03953953953953954,denseweight,2.2932419915520135,2.9117434910698337,2511.8225224303337,2.967701076247926,3379.6501996585366
noise,0.03978978978978979,relevance,2.263810962560721,2.8811044524512512,2459.2424451048564,2.974048887007969,3333.3033457942147
noise,0.03978978978978979,denseweight,2.291318540097025,2.913955006255347,2515.6040862999403,2.9709539959983364,3382.104474612159
noise,0.04004004004004004,relevance,2.2368194475817735,2.829330009660418,2371.571783792324,2.918345098075983,3218.149118254775
noise,0.04004004004004004,denseweight,2.2774473186904913,2.912180359396324,2512.3982071387745,2.973003290748859,3358.929462495011
noise,0.04029029029029029,relevance,2.2661596263989363,2.8650236294295155,2431.797363588745,2.9589481800828246,3295.6892078407436
noise,0.04029029029029029,denseweight,2.32859440629673,2.9599571569570946,2595.7563460973124,3.028172055243719,3508.9815380281307
noise,0.04054054054054054,relevance,2.2605175738816192,2.8825532064332866,2461.717672494685,2.971968735876145,3320.847910039952
noise,0.04054054054054054,denseweight,2.288438731856648,2.914211131460013,2516.064257370344,2.975114014154934,3370.867043587617
noise,0.04079079079079079,relevance,2.286739988109605,2.9216875608318773,2528.927562123932,3.0043042669989077,3409.03599112888
noise,0.04079079079079079,denseweight,2.3054895591394344,2.9321874655886426,2546.902104581111,2.988239710967053,3420.6924384745803
noise,0.04104104104104104,relevance,2.2814084153531757,2.87055822894705,2441.26804645512,2.964029259538252,3333.183352523386
noise,0.04104104104104104,denseweight,2.337201392158149,2.963308031792413,2601.2712598785715,3.0316698736439953,3533.408745887351
noise,0.04129129129129129,relevance,2.2932376786271456,2.8935926037042563,2480.7351872488366,2.9753989551018183,3378.0878529543766
noise,0.04129129129129129,denseweight,2.3049123859837746,2.948926799896126,2576.282618001237,3.014201478524763,3461.868409929713
noise,0.04154154154154154,relevance,2.2684227684345286,2.8822172721091395,2461.3013910893583,2.9709531950133328,3314.4638036389715
noise,0.04154154154154154,denseweight,2.291910928468334,2.904855270591313,2499.8871552850237,2.9653514045158778,3358.612878736661
noise,0.041791791791791794,relevance,2.2881961099144683,2.8669106147340355,2435.2886656574246,2.9566953834044205,3346.7403150960954
noise,0.041791791791791794,denseweight,2.3277419488066955,2.929663854133077,2542.844758759456,3.0038198937075444,3455.8318811513413
noise,0.04204204204204204,relevance,2.2687545893329086,2.8948531141699068,2482.7629373391883,2.9753012820076528,3367.550193776
noise,0.04204204204204204,denseweight,2.301833206497186,2.9269176584682484,2537.69077711817,2.9914230564152833,3422.3002429748544
noise,0.04229229229229229,relevance,2.2534292562310116,2.9088955438285575,2506.9368992455775,2.991093100413165,3355.3788033921774
noise,0.04229229229229229,denseweight,2.3333780924412175,2.9581589475148364,2592.4828315323684,3.026959883470952,3523.693299732975
noise,0.04254254254254254,relevance,2.23964376860348,2.8608197722661663,2425.1749944623843,2.9509838184812867,3267.521924600058
noise,0.04254254254254254,denseweight,2.2894217052493686,2.902638277440705,2496.013003519172,2.975090624629866,3379.7783640620655
noise,0.04279279279279279,relevance,2.303354995834671,2.9009038225773653,2492.8273108923145,2.9855884481175674,3385.355002684469
noise,0.04279279279279279,denseweight,2.3250562279855447,2.9644335195061844,2603.5533711477897,3.027654692693437,3493.366643781619
noise,0.043043043043043044,relevance,2.242646589367359,2.8298466094056653,2372.6337031200037,2.922938391343369,3232.8017816270617
noise,0.043043043043043044,denseweight,2.288511886144815,2.9317746947205228,2546.507935702772,2.9975115964051517,3423.276613339833
noise,0.043293293293293296,relevance,2.2667266186273505,2.8772830090157964,2452.8520722985695,2.969830956508171,3324.041850296487
noise,0.043293293293293296,denseweight,2.3220990710785134,2.9369216045958724,2555.1181855077925,3.0079079908930906,3457.491521926395
noise,0.04354354354354354,relevance,2.2805529898113237,2.900011464709675,2491.532042188927,2.9820842618635997,3353.242493707366
noise,0.04354354354354354,denseweight,2.3147476621433194,2.9570121477746727,2590.425917985726,3.0111573032846883,3466.772105703528
noise,0.04379379379379379,relevance,2.270428396543384,2.891837821394542,2477.6005843740268,2.9795570372502507,3332.964686138423
noise,0.04379379379379379,denseweight,2.295721526606077,2.942219946969348,2564.7660021308716,2.9960343097814897,3414.9930168864394
noise,0.044044044044044044,relevance,2.259814365723643,2.8978919160861722,2488.220301783558,2.981965771615654,3324.0821620570837
noise,0.044044044044044044,denseweight,2.2999263709915465,2.9355169234709693,2552.770882948162,2.996690850663272,3412.0331601005214
noise,0.044294294294294295,relevance,2.2614257089495524,2.865449143714544,2432.676184396324,2.949095786150648,3286.0814398655834
noise,0.044294294294294295,denseweight,2.310685759496419,2.973549370103431,2619.354577860852,3.0221687216449182,3484.1666999710624
noise,0.04454454454454455,relevance,2.2526815046408704,2.893352093681092,2480.4105384904765,2.9812523402602706,3338.8997574011596
noise,0.04454454454454455,denseweight,2.303669912942258,2.9076012599807157,2504.6231008217114,2.967621525743114,3382.534640850598
noise,0.04479479479479479,relevance,2.2740674027896883,2.8825853909374826,2461.68773497874,2.98393711682812,3369.78991791624
noise,0.04479479479479479,denseweight,2.282744245138018,2.90492167454683,2500.1227487831516,2.973612998722195,3358.249375851733
noise,0.04504504504504504,relevance,2.2889660224292196,2.907936070298876,2505.4388984122993,3.0031514126661087,3392.4254948385055
noise,0.04504504504504504,denseweight,2.26041272256185,2.890659067069826,2475.7920923345096,2.960681653044766,3312.1812642043137
noise,0.045295295295295294,relevance,2.2520576438914612,2.8383024062174265,2386.817419659075,2.9308289223586366,3241.1076892418587
noise,0.045295295295295294,denseweight,2.2751317121602477,2.9066188642377657,2503.140259400041,2.9731916749506015,3364.3586757504218
noise,0.045545545545545546,relevance,2.264112966150928,2.826136296820419,2366.5094095972668,2.930757033203896,3267.871288112037
noise,0.045545545545545546,denseweight,2.3084679500003245,2.9304304809186936,2544.4055696180003,2.99790391949501,3441.4496539548877
noise,0.0457957957957958,relevance,2.2561628838970136,2.865384619416525,2432.604469744938,2.9558456435380878,3298.1193516450367
noise,0.0457957957957958,denseweight,2.315010816810498,2.97001721951329,2613.4523135532554,3.0327847513318895,3505.4279208237517
noise,0.04604604604604605,relevance,2.2802500545741906,2.8831055660067544,2462.612544712939,2.973249953284046,3342.23077049156
noise,0.04604604604604605,denseweight,2.306634406018815,2.912970797758876,2513.8950977244,2.97940639239472,3398.442404052653
noise,0.046296296296296294,relevance,2.2558744386012055,2.893209169112509,2480.2445441585223,2.968553342247802,3320.6695179873914
noise,0.046296296296296294,denseweight,2.308259094868664,2.944293065838114,2568.04470468506,3.006161601071226,3433.738146864837
noise,0.046546546546546545,relevance,2.2601412688768954,2.8644728915371545,2430.9192339701544,2.9608521744037235,3316.753033785372
noise,0.046546546546546545,denseweight,2.3011712725479785,2.9152210736398305,2517.696921385768,2.9809585208096148,3414.2611826610246
noise,0.0467967967967968,relevance,2.275465413999664,2.862909738491546,2428.0095096668115,2.952722454536628,3300.923893489334
noise,0.0467967967967968,denseweight,2.310695891321645,2.945586185797146,2570.6745390304045,3.0039502023049125,3451.496751420387
noise,0.04704704704704705,relevance,2.26597003548157,2.8681206212541666,2437.05284428329,2.953847418193962,3299.299480599017
noise,0.04704704704704705,denseweight,2.3044938896993603,2.936694443090317,2555.0927491750585,2.9975490407384746,3435.628523734804
noise,0.0472972972972973,relevance,2.3010836533502483,2.92064708440697,2527.3583894712783,3.0140670846603457,3428.903354545378
noise,0.0472972972972973,denseweight,2.2932971401625197,2.9229565646604816,2531.1369785951565,2.981244007993998,3377.157663036179
noise,0.047547547547547545,relevance,2.2724004407639637,2.8723580571721192,2444.6579300020435,2.955780211429627,3307.1667793821366
noise,0.047547547547547545,denseweight,2.3140011173341426,2.9593193970612193,2594.2063218235853,3.0161153964469665,3491.017453897741
noise,0.047797797797797796,relevance,2.267344054863335,2.87470710464738,2448.4436788680837,2.961269446960874,3312.9234697940115
noise,0.047797797797797796,denseweight,2.2900799668184053,2.923059555970431,2531.1814066058264,2.9845208332223625,3398.6686931404097
noise,0.04804804804804805,relevance,2.257697760917176,2.8831402371078068,2462.7195271772844,2.9608223294116867,3311.2879083047405
noise,0.04804804804804805,denseweight,2.300035406304744,2.910294182839377,2509.3068821969173,2.9920978553569464,3407.0141624677103
noise,0.0482982982982983,relevance,2.2560137715298194,2.9020654668347694,2495.438799099486,2.9844090756651527,3343.3467111760247
noise,0.0482982982982983,denseweight,2.340201726647618,2.9571113987405417,2590.381967746207,3.023902328901326,3498.302945819477
noise,0.04854854854854855,relevance,2.259054182670839,2.9005822683162084,2492.7447801775925,2.982994042888536,3338.794900123572
noise,0.04854854854854855,denseweight,2.2940959764677253,2.914212857555693,2516.1757268327046,2.983680372010331,3403.8117046265106
noise,0.048798798798798795,relevance,2.266008113195574,2.8742931760116246,2447.8855294745163,2.9523768359887383,3291.910091559151
noise,0.048798798798798795,denseweight,2.321998109326152,2.9525918675183216,2582.797343822989,3.016854049287311,3498.9163293114325
noise,0.04904904904904905,relevance,2.316411231646178,2.9155738932664916,2518.1724825133665,3.0143189886069384,3447.265933676741
noise,0.04904904904904905,denseweight,2.3095149075837322,2.9285936066237777,2541.0355496413467,2.9986238785669688,3439.3961671045104
noise,0.0492992992992993,relevance,2.2383202034699674,2.8329105105007573,2378.0506517495373,2.9176142227205264,3228.8057265051893
noise,0.0492992992992993,denseweight,2.3365368852902346,2.943089912309491,2565.981783413309,3.0094348421721175,3483.570128281134
noise,0.04954954954954955,relevance,2.2822460398421374,2.8879700300132045,2470.586694683862,2.973295056167182,3364.3721500667248
noise,0.04954954954954955,denseweight,2.332638176463626,2.978039394991843,2627.318741149083,3.046137441063258,3553.8706433869056
noise,0.0497997997997998,relevance,2.2661229960020495,2.879910957690639,2457.168537685674,2.967518329025842,3320.3580971522556
noise,0.0497997997997998,denseweight,2.3183717337004297,2.9375081703079515,2556.4481347439205,3.004744537513719,3447.6992207638164
noise,0.050050050050050046,relevance,2.2724867521340966,2.8806372560878892,2458.517197188203,2.971305221225248,3317.5085882138037
noise,0.050050050050050046,denseweight,2.287462830127258,2.915371089816498,2518.1950233992275,2.9732386302869847,3373.8224209000564
noise,0.0503003003003003,relevance,2.266500192316042,2.88239051899146,2461.517737718265,2.9690732743709374,3325.913250755931
noise,0.0503003003003003,denseweight,2.3214913791938234,2.9285861328985967,2540.7059188340104,2.9893558921739025,3446.369210535176
noise,0.05055055055055055,relevance,2.2545305016753896,2.8635201613632417,2429.4258442535534,2.9422552952999044,3269.488137475115
noise,0.05055055055055055,denseweight,2.2901350654884465,2.9291725263028687,2541.9291966649666,2.9918607749584303,3392.2910335223564
noise,0.0508008008008008,relevance,2.2981386468123612,2.913419422170582,2514.7224969245613,2.9940976763352505,3386.272794164069
noise,0.0508008008008008,denseweight,2.311817392709019,2.9524306052677023,2582.247901448774,3.0163974248301613,3468.330507957386
noise,0.05105105105105105,relevance,2.2867369971220413,2.9053982763919555,2500.948764514927,2.9908361762698297,3368.02396421678
noise,0.05105105105105105,denseweight,2.305683382632692,2.94379101682602,2567.4612172091165,2.9948107967891855,3419.1167775796953
noise,0.051301301301301304,relevance,2.2811495260508585,2.8959674173499503,2484.498199077424,2.9867325426875952,3373.757727702102
noise,0.051301301301301304,denseweight,2.263866028234688,2.901165846812619,2493.564580610791,2.957716461200954,3334.2539685960687
noise,0.05155155155155155,relevance,2.290657969588637,2.8822136688181414,2461.037169015937,2.9805640155968196,3372.655854044894
noise,0.05155155155155155,denseweight,2.2888444441738125,2.9066771292308777,2502.8905633137883,2.9786422088997733,3369.3278967153524
noise,0.0518018018018018,relevance,2.252959643482804,2.903985308704237,2498.776701781269,2.989400784653546,3342.5000198775488
noise,0.0518018018018018,denseweight,2.289864258430509,2.9269525246789785,2538.1417472859357,2.9815660986086105,3397.3821211543436
noise,0.05205205205205205,relevance,2.2748544892500333,2.899810534274764,2491.1689357617515,2.9919516770772585,3378.1431746862922
noise,0.05205205205205205,denseweight,2.29619045309471,2.925731552282461,2535.7793318794365,2.995310664418224,3406.599074033204
noise,0.0523023023023023,relevance,2.29080406522812,2.922757699217748,2530.8000502692444,3.0128629926521233,3419.901048136705
noise,0.0523023023023023,denseweight,2.2805662412080987,2.9074049535914313,2504.4242396991567,2.9708119791577463,3364.1111815113645
noise,0.052552552552552555,relevance,2.250832469397357,2.853313175544488,2412.1357534465765,2.9343782682292825,3244.003390563275
noise,0.052552552552552555,denseweight,2.2860760390365424,2.9113670039128525,2511.082809619975,2.9702667640809635,3367.4513096860956
noise,0.0528028028028028,relevance,2.2407128855442426,2.8603314702425995,2423.8815894625814,2.9430511857296597,3271.039336762502
noise,0.0528028028028028,denseweight,2.279671620387236,2.9157383654379325,2518.643889251429,2.9763283153475646,3366.902936016814
noise,0.05305305305305305,relevance,2.2709594971114386,2.8923941555173807,2478.785120253821,2.9870494163206764,3362.277280375584
noise,0.05305305305305305,denseweight,2.313479427462373,2.9328812130805164,2548.137669851882,2.9990775457066836,3428.3800639106958
noise,0.0533033033033033,relevance,2.2541429489882443,2.8583902566791344,2420.69512534837,2.944452605712793,3285.9135610206026
noise,0.0533033033033033,denseweight,2.2975334272079166,2.9329249413462932,2548.664008887152,2.993475011216351,3416.1273922275986
noise,0.053553553553553554,relevance,2.2818867780674466,2.8724813839658845,2444.3550644147117,2.966264190678603,3327.834870221995
noise,0.053553553553553554,denseweight,2.3324291871171083,2.94795046749461,2574.6482886321683,3.017810219341594,3512.151897720436
noise,0.053803803803803806,relevance,2.2613279187107436,2.886056581397014,2467.983462355945,2.9783052059787396,3327.651568776058
noise,0.053803803803803806,denseweight,2.3278260054605884,2.9789858056831675,2628.9113826487164,3.0340557017264818,3533.3378236599488
noise,0.05405405405405406,relevance,2.2684920092056573,2.889380557795812,2473.6067116581266,2.977863263864692,3355.1621524236834
noise,0.05405405405405406,denseweight,2.3066344715316927,2.9358933980492843,2553.712305169125,3.0021706422702836,3426.79058831947
noise,0.0543043043043043,relevance,2.2901441792123296,2.9003486859803034,2491.918491904381,2.9917586821113513,3386.5647626441087
noise,0.0543043043043043,denseweight,2.314193957532504,2.944397240779337,2568.4114351305075,3.00842927397553,3464.8625312086233
noise,0.05455455455455455,relevance,2.267369710915988,2.8819878729638697,2460.7547342223233,2.979332797560031,3354.751575881195
noise,0.05455455455455455,denseweight,2.319777109101614,2.9563378290024986,2589.4250811180127,3.019012092454863,3509.441866795797
noise,0.054804804804804805,relevance,2.258973456069958,2.8835479038613805,2463.46506358191,2.97175032460477,3319.7881884344242
noise,0.054804804804804805,denseweight,2.2908615279910305,2.9351366508682997,2552.378929069746,2.9988930591282177,3390.4431096911967
noise,0.055055055055055056,relevance,2.2374408838032007,2.85461604856038,2414.138377164611,2.94297601504361,3253.1641141562604
noise,0.055055055055055056,denseweight,2.3030780826812007,2.9438753268891262,2567.6402999807433,3.019628719622153,3438.4100803117935
noise,0.05530530530530531,relevance,2.2757222075816292,2.8772804860719225,2452.729741846111,2.959698488972768,3320.6796924490595
noise,0.05530530530530531,denseweight,2.295575183461366,2.9254777814660198,2535.5182657323153,2.9870163822046223,3413.0909795814473
noise,0.05555555555555555,relevance,2.2492427424510515,2.8548666441023123,2415.0303916960156,2.946013912150894,3295.5303569906005
noise,0.05555555555555555,denseweight,2.3081837726695555,2.922951559990086,2531.1515475668652,2.987212530755701,3413.477709817755
noise,0.055805805805805804,relevance,2.2622686608585605,2.885100368881454,2466.2193872391263,2.9640542623767394,3306.0585966237704
noise,0.055805805805805804,denseweight,2.3058526625176463,2.9385409541201186,2558.3428879343187,3.0052543850635427,3428.755884588098
noise,0.056056056056056056,relevance,2.2927634684943925,2.9493832716650905,2576.9818062584454,3.0349738703110196,3435.0188962435423
noise,0.056056056056056056,denseweight,2.314446849046434,2.9376019582756547,2556.565442012599,2.9999129348597586,3454.1687434304486
noise,0.05630630630630631,relevance,2.2496477486140822,2.875661404609444,2450.0412780836414,2.966613696030199,3298.2665607043386
noise,0.05630630630630631,denseweight,2.273206444982542,2.9076780702122433,2504.959104309291,2.973661789889596,3353.92517274816
noise,0.05655655655655656,relevance,2.2638957709104615,2.858047157298447,2420.1597265817213,2.9570138002934305,3306.4535496012554
noise,0.05655655655655656,denseweight,2.302097429562322,2.933261828273712,2549.138741773144,3.0006244685589554,3430.0570256799456
noise,0.0568068068068068,relevance,2.2427921078407866,2.8261408432542967,2366.208306940538,2.912096724776112,3217.879373200754
noise,0.0568068068068068,denseweight,2.29810261669378,2.9183698396967372,2523.14221534965,2.992332553407017,3410.927852489505
noise,0.057057057057057055,relevance,2.225208714237511,2.824367247868413,2363.709541766293,2.9168300801153766,3217.133766559719
noise,0.057057057057057055,denseweight,2.326753360570445,2.9784972472754716,2628.087560863332,3.0484370885792944,3516.7623427378385
noise,0.057307307307307306,relevance,2.2550079997400783,2.8801220567817816,2457.683239411047,2.9680012534087017,3306.903801779852
noise,0.057307307307307306,denseweight,2.287020370216138,2.9019486417708715,2494.9427271143595,2.967399739920263,3374.70500348851
noise,0.05755755755755756,relevance,2.2569523177561805,2.8494389407947818,2405.952327291991,2.945518476702003,3302.529381405154
noise,0.05755755755755756,denseweight,2.3241208950756005,2.964529639241986,2603.5712490402607,3.012287275393843,3495.957459186784
noise,0.05780780780780781,relevance,2.263277979598271,2.906672465334878,2503.157277350429,2.9890519090023093,3343.6981732531435
noise,0.05780780780780781,denseweight,2.250591825477066,2.8649544257492576,2431.5141012073786,2.9344356151423847,3261.6546161356896
noise,0.058058058058058054,relevance,2.2883738425201834,2.8768024636336933,2452.093761430082,2.966498720192393,3324.857291138213
noise,0.058058058058058054,denseweight,2.3022905400319598,2.8972814004608614,2486.855813643258,2.9759409582604768,3415.53392604752
noise,0.058308308308308306,relevance,2.27110436095771,2.892952856747718,2479.415748901731,2.9861220651034293,3360.083991640293
noise,0.058308308308308306,denseweight,2.2945740866911777,2.9167816348316657,2520.501227555925,2.9741156254376953,3385.632021538827
noise,0.05855855855855856,relevance,2.282624840323877,2.881274432791687,2459.576770228602,2.9766108903706465,3374.054869095967
noise,0.05855855855855856,denseweight,2.2947682950779593,2.935840642968326,2553.4058825718084,3.0017070034825695,3412.9363841695094
noise,0.05880880880880881,relevance,2.239008082192922,2.847680073381435,2402.9911605456573,2.9349141728470607,3260.118493266196
noise,0.05880880880880881,denseweight,2.2679573329542744,2.8930130844936985,2479.567832221114,2.9576616714465964,3305.2142927576197
noise,0.05905905905905906,relevance,2.2966214816101624,2.9024432546795853,2495.7238487942373,2.9890345432821057,3381.8945598450914
noise,0.05905905905905906,denseweight,2.290187215996275,2.9369428704281493,2555.458224667245,2.985393153938605,3409.6557642486755
noise,0.05930930930930931,relevance,2.25734957783807,2.870356437254412,2441.0628642586717,2.953065908500383,3304.5103851542976
noise,0.05930930930930931,denseweight,2.2990951255765837,2.958720916381897,2593.7390651567334,3.0297894858895167,3468.2954970748747
noise,0.059559559559559556,relevance,2.238193731142465,2.802083582658259,2326.351651354678,2.8993183923083157,3203.495792397327
noise,0.059559559559559556,denseweight,2.333035703141437,2.9435382718506524,2566.926131659193,3.0150676118165296,3485.6001448264196
noise,0.05980980980980981,relevance,2.2837498735735124,2.912964942317084,2514.091095193995,3.0024632582302377,3386.757023524906
noise,0.05980980980980981,denseweight,2.274404599680585,2.929899092786205,2543.2410857439854,2.9948081099494983,3393.4121118020053
noise,0.06006006006006006,relevance,2.2671325765071892,2.888431625605257,2472.1161011194054,2.9825567554922228,3355.1804242733556
noise,0.06006006006006006,denseweight,2.3244671129308863,2.971619382562972,2616.0226590585544,3.032479256395102,3514.2955277921105
noise,0.06031031031031031,relevance,2.2472824218793646,2.862863625637066,2428.0747548934787,2.944080565942302,3277.337701366122
noise,0.06031031031031031,denseweight,2.2759516802775184,2.902102151982271,2494.870596072259,2.960355184377006,3341.993478913308
noise,0.06056056056056056,relevance,2.2478381078991436,2.858326876747393,2420.7108220239884,2.9442801035564954,3253.548286127805
noise,0.06056056056056056,denseweight,2.2793850668191635,2.9103628087750284,2509.2625460646655,2.9841692645968285,3372.289943554957
noise,0.06081081081081081,relevance,2.2688566484747454,2.873266441574426,2445.8518129293034,2.9682280443777906,3331.0720764353664
noise,0.06081081081081081,denseweight,2.2904710952293654,2.9273309717484137,2538.6829969071473,2.988916328304471,3391.3908378532697
noise,0.06106106106106106,relevance,2.2318536110059988,2.8485509743204487,2404.2140936609985,2.938465901783695,3231.6111084720073
noise,0.06106106106106106,denseweight,2.288891198166564,2.909630640485009,2508.421441274895,2.975767546970549,3377.9961417935237
noise,0.06131131131131131,relevance,2.277199898969263,2.8718245762649937,2443.4483138487403,2.9693284807203475,3327.0715308456643
noise,0.06131131131131131,denseweight,2.31304918753748,2.9302251752872834,2543.62808513136,2.996339838026842,3454.7342447213537
noise,0.06156156156156156,relevance,2.2272670614373564,2.8212265518716824,2358.3679929631817,2.9155353048061228,3216.5287888503817
noise,0.06156156156156156,denseweight,2.3094126195775124,2.945503118394543,2570.687267895533,3.0020057999934897,3432.406853535633
noise,0.06181181181181181,relevance,2.2652249675844582,2.8891624806809193,2473.1893983237896,2.972102588561681,3325.4765961737953
noise,0.06181181181181181,denseweight,2.312680943405184,2.943941256311113,2567.6735760010615,3.0157823973879494,3461.7935533610616
noise,0.062062062062062065,relevance,2.234513791538285,2.8257880007310563,2365.5991834665747,2.915764391177924,3214.1131113797337
noise,0.062062062062062065,denseweight,2.3077625985116863,2.9451105686774133,2569.484019615145,3.0072081313630368,3446.303902053324
noise,0.06231231231231231,relevance,2.265223347732612,2.893989539535113,2481.5728862131336,2.975674286294286,3345.2835600391904
noise,0.06231231231231231,denseweight,2.289288861825871,2.909986951301861,2508.561177539366,2.983830245285143,3386.5851888776933
noise,0.06256256256256257,relevance,2.2758477905318086,2.9061133745756034,2501.8175079246157,2.995071961141908,3375.151832129184
noise,0.06256256256256257,denseweight,2.2997183849309244,2.9100483261098455,2508.902239565062,2.981585812753166,3395.715590655747
noise,0.06281281281281281,relevance,2.2642161719505776,2.8786522019737872,2455.2186002653116,2.959563507709066,3336.6539806741766
noise,0.06281281281281281,denseweight,2.3071937197794594,2.9254956953883475,2535.736481629137,2.996504714120545,3425.686207930219
noise,0.06306306306306306,relevance,2.2481927895087144,2.8827922598250155,2462.2987733386085,2.9671192975024754,3311.880611511946
noise,0.06306306306306306,denseweight,2.315890593814504,2.954752915707892,2586.430767483411,3.020362715034178,3477.2240210020573
noise,0.06331331331331332,relevance,2.279993786753728,2.8938475605954572,2481.0562970183523,2.985105611618086,3376.466212777518
noise,0.06331331331331332,denseweight,2.3040785509315516,2.921288971837244,2528.304371088593,2.995335818320278,3433.840957384898
noise,0.06356356356356356,relevance,2.268746259513769,2.8985946989868565,2489.2274376928026,2.997413485341933,3375.199648160785
noise,0.06356356356356356,denseweight,2.294713812752127,2.9221974566927007,2529.84968598674,2.9868105106631626,3408.40101174508
noise,0.06381381381381382,relevance,2.2742494886636324,2.898431575773311,2489.013398031983,2.9939782405206747,3371.5465708004367
noise,0.06381381381381382,denseweight,2.2765019280090395,2.918569066303671,2523.6784980753773,2.979368506234603,3381.502115387641
noise,0.06406406406406406,relevance,2.2748080026983013,2.893348145978706,2480.65650475089,2.9863980949646702,3358.4592265892793
noise,0.06406406406406406,denseweight,2.3182554316243156,2.9351640417556677,2552.068752887835,2.9943210686106156,3453.894882743014
noise,0.06431431431431431,relevance,2.2671887292172888,2.8849896700615982,2466.4814594804247,2.9827926094591954,3346.0459715694633
noise,0.06431431431431431,denseweight,2.278267452435097,2.9150577724945657,2517.6653423469943,2.969604070871224,3378.9651121232346
noise,0.06456456456456457,relevance,2.276429544209457,2.8695675722305145,2439.869056277281,2.964474421194357,3304.304239418983
noise,0.06456456456456457,denseweight,2.2831889895380546,2.908430752671788,2505.887663525055,2.9693387475848367,3362.1310035315446
noise,0.06481481481481481,relevance,2.28795221666771,2.8939963123056542,2481.737844576413,2.983378356967696,3371.990036272887
noise,0.06481481481481481,denseweight,2.284434077472755,2.8904269931037314,2475.1116614364714,2.9685230257550916,3340.2285708452087
noise,0.06506506506506507,relevance,2.266473140252189,2.871513128119518,2443.0780705614166,2.959236616680672,3313.153673561072
noise,0.06506506506506507,denseweight,2.290344890331839,2.9130585741432715,2513.845115371165,2.9907771230339253,3388.6125864410938
noise,0.06531531531531531,relevance,2.295196563490769,2.911263227597929,2510.9355924448987,3.0063051880582954,3428.1210433977267
noise,0.06531531531531531,denseweight,2.326286334140498,2.9645452316511722,2603.4805041533,3.026489043176132,3502.3498186155543
noise,0.06556556556556556,relevance,2.274394663669037,2.9091423309627964,2507.6713410536468,2.992694606240328,3376.600747859286
noise,0.06556556556556556,denseweight,2.2824591930501614,2.914100418591002,2515.9245776231414,2.9738473084067834,3374.967783357973
noise,0.06581581581581582,relevance,2.2507988841023012,2.875706576641323,2450.336966009143,2.962703825706165,3293.7358163154017
noise,0.06581581581581582,denseweight,2.2967279719985085,2.921238219232796,2528.525610201157,2.981897563019638,3409.6538732238587
noise,0.06606606606606606,relevance,2.2755381389246563,2.8944767003410896,2482.2917450942055,2.985856110571474,3366.4624467275594
noise,0.06606606606606606,denseweight,2.29815867430948,2.950680083221049,2579.564289033362,3.0092773479816683,3439.125539886669
noise,0.06631631631631632,relevance,2.2307316313455092,2.8606471238034286,2424.5614867898,2.943124374808877,3246.7297378275557
noise,0.06631631631631632,denseweight,2.2995116095839547,2.9420039361450256,2564.3533939488307,2.9941007381853755,3435.0716425620485
noise,0.06656656656656657,relevance,2.266143609780065,2.870110350615597,2440.838621509176,2.958141497609512,3314.410432486984
noise,0.06656656656656657,denseweight,2.3308161693270164,2.9603080275617493,2596.250779147122,3.0246853850693323,3524.208875630556
noise,0.06681681681681681,relevance,2.2575927986415425,2.888588900069651,2471.944258365695,2.970790705683839,3294.799873980536
noise,0.06681681681681681,denseweight,2.3072132213070446,2.9250133951428277,2534.6150717997266,2.9951078333911725,3419.71645684773
noise,0.06706706706706707,relevance,2.2531815356056852,2.841761866500894,2392.5266867167124,2.9414923197534706,3281.0345084260853
noise,0.06706706706706707,denseweight,2.2754017656907193,2.9279809342270355,2539.9664183186055,2.992052390953746,3379.13224035741
noise,0.06731731731731731,relevance,2.2569265086978234,2.900649880565751,2492.8889677766565,2.9900382895849758,3351.834632253487
noise,0.06731731731731731,denseweight,2.3111990496090624,2.9445934181326483,2568.8393359726797,3.0128131623770518,3475.5636838687137
noise,0.06756756756756757,relevance,2.258968772392367,2.865599909188305,2433.1540745803427,2.962383794879668,3319.5476789539907
noise,0.06756756756756757,denseweight,2.3116707788038973,2.9374405789372564,2556.241507159077,2.9971355246659956,3449.8270231360434
noise,0.06781781781781782,relevance,2.2590218326819698,2.8476194785027804,2402.7898305632,2.9434549306823725,3292.632359860724
noise,0.06781781781781782,denseweight,2.3144094080912625,2.9457851591285302,2570.7626492275294,3.0027019224097957,3438.79256270502
noise,0.06806806806806806,relevance,2.2606225911456512,2.8632195918995826,2428.89384582625,2.944524279882112,3273.2944733797776
noise,0.06806806806806806,denseweight,2.2888759494362034,2.929522077489755,2542.543402797473,2.996127385074473,3407.770497573901
noise,0.06831831831831832,relevance,2.2871681400657984,2.9136684463081868,2514.968836965402,2.999101029057134,3382.1825834672118
noise,0.06831831831831832,denseweight,2.266426207101602,2.8770248058909917,2452.0113211244156,2.9454284743544137,3312.423117910662
noise,0.06856856856856856,relevance,2.260739211583161,2.8885055099919716,2471.9773897021055,2.9711887793669542,3313.1702390592923
noise,0.06856856856856856,denseweight,2.3037294801440327,2.934286898040791,2550.823798023427,3.0008378612941335,3415.88657220944
noise,0.06881881881881882,relevance,2.2858033982155996,2.8924392179245513,2478.9708564778393,2.985935244321526,3349.212131358072
noise,0.06881881881881882,denseweight,2.2798443380914963,2.907671396917247,2504.594337809932,2.978486086151582,3352.272474229282
noise,0.06906906906906907,relevance,2.28403541002017,2.905463829765783,2501.054999151532,2.9913274189784587,3371.7411891636693
noise,0.06906906906906907,denseweight,2.2947382964696987,2.9141681716849646,2515.927017782016,2.978193832500387,3388.172686063868
noise,0.06931931931931933,relevance,2.27087401417659,2.8674338670195456,2435.783133258046,2.9523994893408587,3298.5678861448605
noise,0.06931931931931933,denseweight,2.3116683446351773,2.9693531245789697,2612.0463708506422,3.028270706991949,3472.7423272203964
noise,0.06956956956956957,relevance,2.2724734221017915,2.8767281470756987,2451.734901222816,2.9653968031956266,3327.557388059073
noise,0.06956956956956957,denseweight,2.333282463612088,2.970888457627822,2614.6881108245248,3.024381034817023,3537.463275271485
noise,0.06981981981981981,relevance,2.2630286608125996,2.8699939662608216,2440.746227661351,2.953706240231918,3324.9081038047
noise,0.06981981981981981,denseweight,2.3081493446330614,2.9107004990815026,2509.831424916103,2.985835151214262,3407.610152087628
noise,0.07007007007007007,relevance,2.2508268265175606,2.869754454779308,2439.857976431938,2.9546325104004985,3277.0057743901375
noise,0.07007007007007007,denseweight,2.2864594356585397,2.930226170757972,2543.7123287465893,2.9924205141119473,3376.009754507713
noise,0.07032032032032032,relevance,2.2752752187735763,2.903479685728763,2497.871773343397,2.987835344327519,3349.57419281467
noise,0.07032032032032032,denseweight,2.2990592878507634,2.9444489101773845,2568.577481048332,3.019052262813677,3436.012457766854
noise,0.07057057057057058,relevance,2.2920019548370125,2.951850714805221,2581.9709300883264,3.0330406539035315,3454.5615855803403
noise,0.07057057057057058,denseweight,2.314544148657481,2.9704444966758166,2614.147925270494,3.021456957423317,3490.333751111847
noise,0.07082082082082082,relevance,2.255473168844211,2.8625168096677425,2427.842113529565,2.9421178526551524,3270.223868840717
noise,0.07082082082082082,denseweight,2.319786399047224,2.9466131382463026,2572.288849563726,3.009198851287107,3463.083516164379
noise,0.07107107107107107,relevance,2.2404656259117863,2.8419220788241013,2392.8759111382305,2.9258260080218004,3227.792635936759
noise,0.07107107107107107,denseweight,2.298931838990527,2.9308517480443994,2545.2438619417767,2.998823492423974,3429.003731806797
noise,0.07132132132132132,relevance,2.26341819085017,2.879715381087424,2456.995427435665,2.9765846459462706,3347.345855763842
noise,0.07132132132132132,denseweight,2.286307818480795,2.930911367884556,2544.873354611544,2.99403227198619,3389.8976471162573
noise,0.07157157157157157,relevance,2.224200937293044,2.8149392442617938,2347.8031117021274,2.896241518665106,3181.2565295369227
noise,0.07157157157157157,denseweight,2.292057887934186,2.9242204241679253,2533.226172102577,2.9813852246704813,3394.159508410016
noise,0.07182182182182183,relevance,2.2734477828322555,2.899903498234114,2491.6181829690004,2.986500869608046,3374.3079247414476
noise,0.07182182182182183,denseweight,2.2892678704734517,2.9073893579563665,2504.1396123326076,2.975984347580332,3353.4234159814314
noise,0.07207207207207207,relevance,2.2311375656053962,2.844217332407176,2396.7905350112683,2.930567017996574,3234.994200117589
noise,0.07207207207207207,denseweight,2.3317578439756637,2.983252431558268,2636.8217674029224,3.0586496985295,3558.5103517243033
noise,0.07232232232232232,relevance,2.276275903709862,2.9145919647137064,2516.762535771611,3.003869873598728,3394.592805344073
noise,0.07232232232232232,denseweight,2.2952517682715157,2.919531988786357,2525.225551389067,2.9824116376312286,3406.766450027954
noise,0.07257257257257257,relevance,2.243446472816348,2.846966836640886,2401.3903805734617,2.926267096834707,3240.0892917664983
noise,0.07257257257257257,denseweight,2.293441693998327,2.9164003853777816,2519.7810192213747,2.9884006813752895,3373.7136139312693
noise,0.07282282282282282,relevance,2.253726185470956,2.8739536733224633,2447.261906626048,2.958728140647732,3305.6841115124857
noise,0.07282282282282282,denseweight,2.299247830580452,2.9389808306595806,2559.0565227118113,3.0030105086511076,3444.144106090156
noise,0.07307307307307308,relevance,2.270256610883048,2.8803443953537298,2457.9842592885193,2.97357793028623,3330.7403268187913
noise,0.07307307307307308,denseweight,2.3075682595631273,2.9453375821145253,2570.2914397259015,3.0045095993997974,3439.8636718607427
noise,0.07332332332332332,relevance,2.24166779235772,2.8430485849426432,2394.955635649372,2.9202296641398298,3228.8670215553
noise,0.07332332332332332,denseweight,2.2642886341574857,2.9041624821825622,2498.8802540904803,2.969712808782729,3330.215575300415
noise,0.07357357357357357,relevance,2.249106480944078,2.8717316105505875,2443.162714028836,2.950664817088089,3283.6877164753164
noise,0.07357357357357357,denseweight,2.2809140632066747,2.920492312254486,2526.949201309966,2.9772777070914214,3375.9069300090337
noise,0.07382382382382383,relevance,2.2722601213166187,2.8984759287139625,2489.048491082419,2.9959613231904423,3369.2600674387345
noise,0.07382382382382383,denseweight,2.2946422187682662,2.910847145712459,2510.2871902386864,2.973732610887696,3401.1068635121064
noise,0.07407407407407407,relevance,2.2932812249159436,2.9547887567474134,2586.7322273596483,3.035819468436491,3445.6286740960354
noise,0.07407407407407407,denseweight,2.3046275914753056,2.9304272836209075,2544.0680137853515,2.9941047652852104,3413.5629454425375
noise,0.07432432432432433,relevance,2.2560582183249283,2.8685969841557544,2438.0988167331043,2.9563940675244895,3286.5828866231964
noise,0.07432432432432433,denseweight,2.289170195014614,2.916159497975088,2519.333053354633,2.9807424308814867,3397.607116441386
noise,0.07457457457457457,relevance,2.2878495805037056,2.9129978257560385,2514.3794783378653,2.991275715503969,3369.364069723674
noise,0.07457457457457457,denseweight,2.2975950266790557,2.9374613011148516,2556.5295737997803,3.0001804729473514,3422.184873798619
noise,0.07482482482482482,relevance,2.3027704991513036,2.8597438202013463,2422.8460241460275,2.9508979291503086,3363.025762545157
noise,0.07482482482482482,denseweight,2.2951753457402746,2.9145913363105094,2516.66138509736,2.9792460551651554,3405.0284024417642
noise,0.07507507507507508,relevance,2.3060261609347514,2.9124883681248646,2513.6620196559675,3.013958626654061,3423.8115048003338
noise,0.07507507507507508,denseweight,2.318068740621463,2.9410509557743816,2562.2656823602047,2.9972865872773595,3461.7984363984
noise,0.07532532532532532,relevance,2.2621726784251597,2.842679997151262,2394.310805263756,2.9479657064324334,3290.036335388677
noise,0.07532532532532532,denseweight,2.2836330699249388,2.9200930490730226,2526.4896809255115,2.9852650701587327,3381.9378169656507
noise,0.07557557557557558,relevance,2.2593442899648744,2.890511509452074,2475.3314449547706,2.971725629166116,3281.494554294536
noise,0.07557557557557558,denseweight,2.2891237083276796,2.9252095518255556,2535.2190560771605,2.9829110991030934,3386.4388611729414
noise,0.07582582582582582,relevance,2.2485051383908528,2.864909434308067,2431.706190548213,2.950596964113983,3288.352668070967
noise,0.07582582582582582,denseweight,2.313556491561168,2.9557051365485747,2588.0405293592557,3.0165273049631742,3447.470627882345
noise,0.07607607607607608,relevance,2.290875206584756,2.883803562902367,2463.7402412359475,2.967349689299763,3359.7866146201372
noise,0.07607607607607608,denseweight,2.294326119790986,2.901121212302602,2493.557612855803,2.9721458131368017,3389.6373072554316
noise,0.07632632632632633,relevance,2.2841625598688857,2.908048518488973,2505.5827366419494,2.9974988085201355,3372.35955389711
noise,0.07632632632632633,denseweight,2.305549671332197,2.9446363007967338,2568.698960601017,3.0090936119114464,3442.7513155996053
noise,0.07657657657657657,relevance,2.267319008898069,2.8888601446114204,2472.488626569114,2.972392482337964,3321.78165071999
noise,0.07657657657657657,denseweight,2.324452144779726,2.9469453322238226,2573.0336878341163,3.0087246738422424,3457.858635494813
noise,0.07682682682682683,relevance,2.2794875038320117,2.8734296709705998,2446.092755042923,2.9616366717245137,3319.2161869895544
noise,0.07682682682682683,denseweight,2.3059781037194265,2.916344880321775,2519.408895421246,2.9843810853706905,3400.707882171143
noise,0.07707707707707707,relevance,2.281564581874081,2.900338337106209,2492.566155871341,2.9785934173983066,3343.0487182464053
noise,0.07707707707707707,denseweight,2.2846215074834726,2.8914315561239885,2476.9779528904323,2.966441307620993,3349.197913168064
noise,0.07732732732732733,relevance,2.268728693277778,2.88165694105609,2460.315350098138,2.969446476336392,3317.7014498794983
noise,0.07732732732732733,denseweight,2.2857916646993495,2.909870889825451,2508.5878389637014,2.9858379922021,3384.4068195713558
noise,0.07757757757757758,relevance,2.270137544099773,2.88553802982786,2466.9372356064314,2.9685837575515435,3321.983223483268
noise,0.07757757757757758,denseweight,2.3153665750254744,2.9500567654378282,2578.003508365429,3.014157249276429,3471.451629505484
noise,0.07782782782782782,relevance,2.2675309995960187,2.8763429282604536,2451.301166881688,2.9681003321980937,3342.0478775295915
noise,0.07782782782782782,denseweight,2.305039842403388,2.9206855898777766,2527.3013939680413,2.9904012714381287,3444.691592651481
noise,0.07807807807807808,relevance,2.2578904479770436,2.871045461876125,2442.240084241882,2.956431424347624,3280.8827194706328
noise,0.07807807807807808,denseweight,2.295798707665826,2.9422631334098686,2564.6803468755593,3.0047081485328775,3429.804975797146
noise,0.07832832832832833,relevance,2.263662295310691,2.8716538452869034,2443.383556742328,2.957586803779356,3316.751915400671
noise,0.07832832832832833,denseweight,2.299619357607635,2.9345257784744208,2551.018747703831,2.9993823766021017,3432.363727563766
noise,0.07857857857857858,relevance,2.2709342776898036,2.9036474583779883,2498.3175016331566,2.9886065222320606,3363.8103202534744
noise,0.07857857857857858,denseweight,2.290678955282676,2.9189358991535364,2524.0765103233653,2.986388394206058,3382.448605858256
noise,0.07882882882882883,relevance,2.2368979797223787,2.8382280004419553,2386.997269297514,2.935915675196821,3234.2422473877355
noise,0.07882882882882883,denseweight,2.3013383302303496,2.91795431363028,2522.5850125113,2.9917845166306347,3405.5488623533647
noise,0.07907907907907907,relevance,2.291293561709253,2.894666465383951,2482.477854963535,2.9890017029210307,3390.444484490782
noise,0.07907907907907907,denseweight,2.280258628872653,2.912575894666437,2513.117134055569,2.976649188908979,3337.8655706384593
noise,0.07932932932932933,relevance,2.244236549761298,2.879101498304213,2455.8582541344676,2.952426881045031,3282.2161402613483
noise,0.07932932932932933,denseweight,2.264493294365719,2.8946844384586337,2482.3432737453963,2.9569985225310345,3315.821341034522
noise,0.07957957957957958,relevance,2.2742921048043914,2.9005069994878636,2492.4327251265713,2.9822178999753386,3362.285623654733
noise,0.07957957957957958,denseweight,2.281114659938995,2.887096735932881,2469.3590949396594,2.962482906571817,3367.2646856248084
noise,0.07982982982982983,relevance,2.2558365705455388,2.8635175080197466,2429.5267898973593,2.9564045513712243,3275.734753941697
noise,0.07982982982982983,denseweight,2.293146330911923,2.9273552514744705,2538.9802080354016,2.989455357260777,3393.9445018295537
noise,0.08008008008008008,relevance,2.2770439819854604,2.903107559700522,2496.805774537767,2.9908588394946727,3376.169001587739
noise,0.08008008008008008,denseweight,2.304358195032916,2.9424565029090615,2565.1417203033284,3.0027433508436876,3433.604662212856
noise,0.08033033033033032,relevance,2.283253946557028,2.897714128034528,2487.6987028069716,2.990214739222611,3378.8556993575367
noise,0.08033033033033032,denseweight,2.3304055736500775,2.9794768111944503,2629.9345181032145,3.0349289484323037,3516.0973154810276
noise,0.08058058058058058,relevance,2.272104764096064,2.8579904573551786,2419.9004729788953,2.9508903136819207,3316.790189673753
noise,0.08058058058058058,denseweight,2.3013868375309707,2.9353329691423253,2552.6344151496946,3.001551859318116,3444.584104311575
noise,0.08083083083083083,relevance,2.265110767613425,2.888676054685003,2472.5890688320915,2.978690853632094,3330.6417150086822
noise,0.08083083083083083,denseweight,2.3213629213883267,2.9517895681365287,2581.4295475169656,3.0139161686134837,3460.5112027611012
noise,0.08108108108108109,relevance,2.2600913253055266,2.8753583020041305,2449.4151672131197,2.966439550015691,3319.1788298012048
noise,0.08108108108108109,denseweight,2.295937024193225,2.9292634226751915,2542.064976865269,2.9894478262238082,3392.648277755707
noise,0.08133133133133133,relevance,2.2653544909373373,2.870675101202068,2441.6021057456924,2.962688740540207,3334.3731279035255
noise,0.08133133133133133,denseweight,2.2813710196932746,2.9168233871231743,2520.4567693751983,2.9888551387331486,3382.195376558364
noise,0.08158158158158157,relevance,2.2811705591437033,2.8662850611010113,2434.1544161991633,2.962387779607824,3336.7473857794025
noise,0.08158158158158157,denseweight,2.2830113971040262,2.8968741159962725,2485.7822055944944,2.9674980903251758,3319.460052372417
noise,0.08183183183183183,relevance,2.2819713554495107,2.9143011323224597,2516.3698261066047,2.9991160986734555,3392.4565822577474
noise,0.08183183183183183,denseweight,2.2966948112615433,2.94506440532679,2569.7234017529904,3.002988978277713,3438.7250310508452
noise,0.08208208208208208,relevance,2.2417253686684315,2.8483007748275013,2403.5212590709134,2.944184227155445,3266.9449759492127
noise,0.08208208208208208,denseweight,2.289577051551401,2.9498486309037064,2578.1082908894996,3.0103408766698854,3422.2692176832907
noise,0.08233233233233234,relevance,2.255727854267907,2.8845981464523827,2465.400670617181,2.965290079880278,3285.9281060685544
noise,0.08233233233233234,denseweight,2.3065150266258887,2.94367484963657,2566.781341862671,3.011463174383192,3430.0229849652605
noise,0.08258258258258258,relevance,2.2513175626938313,2.8393960998272334,2388.9023943886573,2.9387873023008324,3259.759614094039
noise,0.08258258258258258,denseweight,2.2836488179640364,2.894329789499059,2481.9183228424063,2.966700754480621,3359.5935315748793
noise,0.08283283283283283,relevance,2.2304546950558417,2.851288868925044,2408.52016413617,2.9422654092269047,3258.833648006126
noise,0.08283283283283283,denseweight,2.336582053934413,2.9521003151094063,2581.864093635413,3.024072533843881,3486.988775351889
noise,0.08308308308308308,relevance,2.264463416513846,2.874863611318381,2448.584377123948,2.966519015465309,3312.4498089983176
noise,0.08308308308308308,denseweight,2.311310237441926,2.9411410435794383,2563.005821465054,3.0144590838472545,3450.3643234710794
noise,0.08333333333333333,relevance,2.2830420703344494,2.900328979185778,2492.408915602045,2.9907372893449047,3376.631773428974
noise,0.08333333333333333,denseweight,2.3072358915768487,2.920434989540268,2526.8144508813125,3.000817844954895,3423.30474723315
noise,0.08358358358358359,relevance,2.2708300605414897,2.87056829471086,2441.378327141008,2.9683841317143718,3345.4231906870855
noise,0.08358358358358359,denseweight,2.2805668328133635,2.9389471774616305,2559.0469732003558,2.998097428272759,3410.989528797122
noise,0.08383383383383383,relevance,2.265945150063552,2.9017108398896805,2494.8902117166626,2.983316969970237,3348.5101346446954
noise,0.08383383383383383,denseweight,2.2892581501425804,2.9055658056950078,2501.356953724854,2.971306757210562,3367.7170539926456
noise,0.08408408408408408,relevance,2.2708106824919683,2.8838427897444516,2464.130162839322,2.9702486193036526,3328.046055277856
noise,0.08408408408408408,denseweight,2.308972858732275,2.9563587040986556,2589.439842383455,3.0223600709988006,3457.559601388612
noise,0.08433433433433433,relevance,2.2543470116508644,2.854923598710565,2414.722302298065,2.947455376711565,3280.0313451257903
noise,0.08433433433433433,denseweight,2.2814061472110234,2.92244127801546,2530.2844922686722,2.9889537143003846,3390.978510392355
noise,0.08458458458458458,relevance,2.253179551999226,2.8530820782873993,2412.075379910238,2.9481463725070824,3270.300316588798
noise,0.08458458458458458,denseweight,2.3101602946308635,2.9362041485476333,2554.114998472199,3.010533846731467,3454.915900280162
noise,0.08483483483483484,relevance,2.2555893053375495,2.8503085286780823,2406.9283245838883,2.939192205044577,3288.1222715775125
noise,0.08483483483483484,denseweight,2.302530871600492,2.959399498382798,2594.784778307369,3.024556698176997,3463.5487076759646
noise,0.08508508508508508,relevance,2.273362358922553,2.885808493418822,2467.613409557796,2.9778014141087774,3357.580801793041
noise,0.08508508508508508,denseweight,2.2981519565750856,2.9263502835823143,2536.8546542869435,3.0001138809338204,3414.3118248393157
noise,0.08533533533533534,relevance,2.259859368650561,2.877898201251821,2453.676269412347,2.9625375633412467,3293.2531557573025
noise,0.08533533533533534,denseweight,2.299765756920665,2.9242388719644854,2533.4431337222445,2.9898478848619585,3386.014918815899
noise,0.08558558558558559,relevance,2.2634513174616253,2.9094155081489053,2507.7175302011083,2.9955120871626604,3358.872311995621
noise,0.08558558558558559,denseweight,2.2997588434570893,2.966133439102994,2606.5017516898065,3.023071580855708,3464.222074427628
noise,0.08583583583583583,relevance,2.2455762977506084,2.838829114752169,2387.5716518002846,2.931250043273972,3270.268414459771
noise,0.08583583583583583,denseweight,2.30803720780266,2.9305584608735447,2544.383746010929,2.998255565836895,3431.4997073752675
noise,0.08608608608608609,relevance,2.272362290844136,2.8788476588680543,2455.3192157356775,2.969967866703092,3315.9584154805552
noise,0.08608608608608609,denseweight,2.2878254960265707,2.9251036880305086,2534.8149452945936,2.9850664488065544,3395.8137370413683
noise,0.08633633633633633,relevance,2.2873151247094743,2.911331759805775,2511.252937131108,2.987559127712979,3395.488490258333
noise,0.08633633633633633,denseweight,2.302232284650536,2.943570324445142,2566.946566131614,3.009449126720568,3425.9907233111435
noise,0.08658658658658659,relevance,2.266994930076589,2.85857410247093,2421.263614561827,2.958667961537682,3294.709257356309
noise,0.08658658658658659,denseweight,2.296847747134718,2.921262673970452,2528.120234908251,2.992385531695869,3407.995676293303
noise,0.08683683683683684,relevance,2.269651602930203,2.8554724640800635,2415.894126578875,2.9576889385502905,3325.635754352664
noise,0.08683683683683684,denseweight,2.268343740349754,2.8899115687385493,2473.9702898932806,2.9654889174933925,3305.9940330174813
noise,0.08708708708708708,relevance,2.2875430054614805,2.917027579838563,2521.150111497923,3.0060537256200828,3425.4333681593416
noise,0.08708708708708708,denseweight,2.2960216402438163,2.9373958686042743,2556.098548068244,3.0141421659066228,3434.7855233865266
noise,0.08733733733733734,relevance,2.297396792249558,2.931427001766183,2545.827985225313,3.0220012430002874,3423.911106090013
noise,0.08733733733733734,denseweight,2.286575966219901,2.9184550744494526,2523.3958979252666,2.992304395911191,3411.1948332004986
noise,0.08758758758758758,relevance,2.2574690269591,2.8757932758338343,2450.4256450977937,2.9572114427208853,3287.481296828139
noise,0.08758758758758758,denseweight,2.2785621770389453,2.90815034585149,2505.663911688144,2.9763109499628153,3340.529525599176
noise,0.08783783783783784,relevance,2.2991042975548583,2.928222970946216,2540.0839017406693,3.0167399785397873,3438.4945407682508
noise,0.08783783783783784,denseweight,2.3026088721684133,2.904320011535766,2498.622460239056,2.975832917209789,3399.940011840972
noise,0.08808808808808809,relevance,2.2586064788499223,2.874490096531951,2448.2068508384928,2.963245165189151,3305.2496556179076
noise,0.08808808808808809,denseweight,2.2671280942785588,2.9071529905041547,2504.0691053114583,2.973545682014658,3352.1188012758744
noise,0.08833833833833833,relevance,2.260786084926851,2.8735511229114206,2446.5018272756115,2.9612263487934487,3328.833856094979
noise,0.08833833833833833,denseweight,2.2873732096201693,2.9193993691240854,2525.0740228565073,2.9921979913387453,3397.7779277450895
noise,0.08858858858858859,relevance,2.280307534548854,2.884769555691981,2465.551435179255,2.983870225222682,3367.743973292477
noise,0.08858858858858859,denseweight,2.2859001713367446,2.914146550752563,2516.264828535795,2.9789466073697524,3391.732080860131
noise,0.08883883883883884,relevance,2.265421879384594,2.8926222538889435,2478.6651587412316,2.9771597180978664,3339.2816552038
noise,0.08883883883883884,denseweight,2.290615277132786,2.8971100326677113,2486.7079911567444,2.9657980596839892,3347.03299297241
noise,0.0890890890890891,relevance,2.26924027394385,2.879451648173597,2456.860165936647,2.976606632831946,3317.472968980521
noise,0.0890890890890891,denseweight,2.3242240369367164,2.9498855559898445,2578.1220222721777,3.0174710101094804,3473.9437860966073
noise,0.08933933933933934,relevance,2.2525981431870217,2.870344504170851,2441.121163542384,2.9489681082078074,3263.467799340213
noise,0.08933933933933934,denseweight,2.299419328607009,2.9409743570069597,2562.478464818635,3.000783351975192,3424.673817250946
noise,0.08958958958958958,relevance,2.283288706314812,2.888899162518131,2472.8116052215087,2.9752625948756366,3319.3260888038067
noise,0.08958958958958958,denseweight,2.322321706478274,2.944987421675313,2569.2592967863775,3.0113069845141505,3465.480775971776
noise,0.08983983983983984,relevance,2.2810009182829067,2.8982184377492834,2488.9266894774805,2.9917857101328216,3370.394545483722
noise,0.08983983983983984,denseweight,2.284640284676718,2.9221861150833517,2529.7984215494885,2.990101613395774,3394.623846617393
noise,0.09009009009009009,relevance,2.248487923056769,2.864120545434924,2430.420189105509,2.940133458712013,3263.9920294282033
noise,0.09009009009009009,denseweight,2.2859602205678207,2.894743841209108,2482.428070939967,2.958426719845648,3353.688975406117
noise,0.09034034034034034,relevance,2.2746138345603137,2.8913728184149194,2476.9935138397313,2.9783202251373178,3346.8738046810236
noise,0.09034034034034034,denseweight,2.327459795080266,2.937780319404788,2557.1507438123185,2.999773145361294,3464.713763737242
noise,0.09059059059059059,relevance,2.3040760672310028,2.891421445453819,2477.098322124336,2.9900739447062397,3397.131320757421
noise,0.09059059059059059,denseweight,2.295945336334816,2.9318321386053214,2546.4694817182067,2.9901932849149073,3403.881487982767
noise,0.09084084084084083,relevance,2.2686190113990246,2.8758742142533498,2450.5410588881577,2.981527292989513,3349.2850664155612
noise,0.09084084084084083,denseweight,2.2869559739912066,2.908512503970887,2505.697384934352,2.9712388545952497,3350.7394708976644
noise,0.09109109109109109,relevance,2.270465059711023,2.8985921836332116,2489.084595319767,2.981666840557701,3351.036988898801
noise,0.09109109109109109,denseweight,2.269810172680497,2.887783542091869,2470.666684357341,2.9524407872443024,3311.1346824010916
noise,0.09134134134134134,relevance,2.282947164660353,2.9112797470461476,2511.0540466770617,3.0023973009847227,3400.72297028062
noise,0.09134134134134134,denseweight,2.2914654817244413,2.9373249738912377,2556.199758018756,2.999630543558798,3414.416633220629
noise,0.0915915915915916,relevance,2.291881181424877,2.9022087989607215,2495.720290777257,2.990342052478932,3379.7317266182094
noise,0.0915915915915916,denseweight,2.290024240620357,2.91484969681571,2517.0615069766004,2.9873628327347435,3368.4109053418947
noise,0.09184184184184184,relevance,2.245301265379905,2.867364175815713,2436.0474794538095,2.9583629326300387,3281.6393562806875
noise,0.09184184184184184,denseweight,2.2862118554289688,2.925400284610531,2535.289953788256,2.9832547587146117,3349.861156017488
noise,0.0920920920920921,relevance,2.264366201005686,2.853912756046591,2413.2211297011186,2.9482862522943383,3302.1119818224415
noise,0.0920920920920921,denseweight,2.3115937756827374,2.9433948901613745,2566.944151239962,3.0143745081472972,3474.998689214078
noise,0.09234234234234234,relevance,2.2327039412248966,2.843607478591978,2396.014841248306,2.9259949582719655,3242.454843339593
noise,0.09234234234234234,denseweight,2.313104550230628,2.9278518775533118,2539.604198357454,2.9874509694088824,3434.8821922705924
noise,0.09259259259259259,relevance,2.278523889816292,2.9065052850328845,2502.924922393715,2.991591561604962,3356.571516832403
noise,0.09259259259259259,denseweight,2.2840385373412184,2.8994273057743816,2490.495122872823,2.9612744710898773,3351.0360181869987
noise,0.09284284284284285,relevance,2.272877423060402,2.898713877956827,2489.4227342109502,2.9865884188728824,3340.427008270138
noise,0.09284284284284285,denseweight,2.2947909362761774,2.9227234956127583,2530.555764902903,2.988833962419715,3406.617600572678
noise,0.09309309309309309,relevance,2.256093008866612,2.8701462559223287,2440.5532617058466,2.954674782627704,3306.243189541578
noise,0.09309309309309309,denseweight,2.283734637767942,2.914242419340191,2516.71999090697,2.972300927355085,3360.903726856282
noise,0.09334334334334335,relevance,2.264441083215949,2.860267423862032,2424.217478852875,2.953662191992002,3286.249668999157
noise,0.09334334334334335,denseweight,2.2916395204424957,2.942873139031918,2565.5274923850648,3.002554508430992,3394.9000641834045
noise,0.0935935935935936,relevance,2.2872576623060694,2.921484343076369,2528.724423174111,3.0054103283136486,3382.5882439514626
noise,0.0935935935935936,denseweight,2.2892593935592003,2.906908939919232,2503.4345219611746,2.987313210494476,3386.12255559542
noise,0.09384384384384384,relevance,2.2634787484242165,2.859131279190682,2421.885739080449,2.9438476296309335,3291.7967560878574
noise,0.09384384384384384,denseweight,2.2686560201539185,2.8997024763200443,2491.2330203107244,2.9638091655912793,3336.6772366060986
noise,0.0940940940940941,relevance,2.279290102731835,2.910644348680972,2509.9676070725377,2.9954591209904704,3369.642500843955
noise,0.0940940940940941,denseweight,2.2679310567954873,2.906729560815142,2503.524023853448,2.9588584779145575,3330.126669232406
noise,0.09434434434434434,relevance,2.2412413445550587,2.851407162303617,2409.057722209607,2.9373567850961018,3262.657409674795
noise,0.09434434434434434,denseweight,2.291700424503126,2.9262536776641594,2536.7481877066275,2.990397148977647,3414.0558609251666
noise,0.0945945945945946,relevance,2.2598273519408445,2.877762240058488,2453.6991284260625,2.9681441760286664,3325.2350308906703
noise,0.0945945945945946,denseweight,2.2761478739726817,2.923645202646707,2532.2199329448626,2.984948526998011,3373.578308246998
noise,0.09484484484484484,relevance,2.2608620109954147,2.868061748818299,2437.241600553869,2.9587029922625705,3316.4274214701754
noise,0.09484484484484484,denseweight,2.284737078350337,2.89760883296074,2487.59418942247,2.9691601801333283,3355.282160848328
noise,0.09509509509509509,relevance,2.2780479129712745,2.8798790567216503,2457.483204858637,2.983982963829041,3366.828649588023
noise,0.09509509509509509,denseweight,2.302052977157953,2.915388422364035,2517.8951339926152,2.9840620801971123,3381.9471618035273
noise,0.09534534534534535,relevance,2.2796563356109254,2.9023983248259,2495.75793031189,2.9980618099187337,3377.170932042357
noise,0.09534534534534535,denseweight,2.301826076923658,2.9293616039274606,2542.040611039472,3.004114048513243,3419.898244373942
noise,0.09559559559559559,relevance,2.2564936075806235,2.846262881586143,2400.3045903067737,2.9340638547824835,3261.019630315115
noise,0.09559559559559559,denseweight,2.3008148374725885,2.927706824999658,2539.2762024213903,2.9871111726811432,3417.934436557358
noise,0.09584584584584585,relevance,2.2685552523919776,2.886997052019283,2469.3183289180574,2.977919165052509,3317.3153429794093
noise,0.09584584584584585,denseweight,2.2886830530012405,2.903905736155177,2498.267793941834,2.980740984803896,3367.5932566751326
noise,0.0960960960960961,relevance,2.275649657456279,2.900638356517938,2492.766922151432,2.9990401816025636,3380.4034694711518
noise,0.0960960960960961,denseweight,2.313766325847657,2.94643837941789,2571.811173235349,3.0196823937132273,3448.382659905904
noise,0.09634634634634634,relevance,2.259304228320051,2.867111174834205,2435.668004879437,2.9598307936861272,3300.021220481687
noise,0.09634634634634634,denseweight,2.2654400027167547,2.880792390509972,2458.5237256814735,2.9537284051351747,3290.334914916685
noise,0.0965965965965966,relevance,2.266667324392921,2.891272347158592,2476.600259802246,2.979200133945544,3343.2125616899566
noise,0.0965965965965966,denseweight,2.321326998510376,2.952588797079478,2582.518713090535,3.0238234097704764,3473.580252312965
noise,0.09684684684684684,relevance,2.3086031379862613,2.929902319954282,2543.299531110189,3.0156590560090857,3443.9278576547886
noise,0.09684684684684684,denseweight,2.279002393977165,2.9228558267443123,2531.295897256032,2.975443943738331,3372.531170014169
noise,0.0970970970970971,relevance,2.2820049313929958,2.920658614008742,2527.269134827087,3.0092153133430815,3407.9512386343786
noise,0.0970970970970971,denseweight,2.267820847271905,2.899756348648634,2491.2874351943974,2.9758268389451685,3354.0024297329023
noise,0.09734734734734735,relevance,2.250021948808914,2.8556217412889295,2416.269934364903,2.9578040113291357,3305.642780453265
noise,0.09734734734734735,denseweight,2.310174569417936,2.94141674356207,2563.0352664731026,3.0081579662450886,3449.6058921268104
noise,0.09759759759759759,relevance,2.2852666302315345,2.87095876095691,2442.2096088226963,2.9668449427193977,3342.7169041042284
noise,0.09759759759759759,denseweight,2.2874678529643178,2.8917074473809143,2477.380528890986,2.957541875439179,3332.4554648643775
noise,0.09784784784784785,relevance,2.2538884871943714,2.8668172069416467,2435.32686270945,2.9640922639039426,3320.637252592496
noise,0.09784784784784785,denseweight,2.3081608960948445,2.935974548366022,2553.522709340681,2.9988417718674634,3412.680787766005
noise,0.0980980980980981,relevance,2.258393055614939,2.877311594009989,2453.1009236201253,2.969534757588845,3315.7178752897557
noise,0.0980980980980981,denseweight,2.293244156935979,2.9364763074325277,2554.54504573814,3.000946892798786,3418.5615185002202
noise,0.09834834834834835,relevance,2.2841785452952243,2.901868698239732,2494.974418459795,2.9898211781961557,3368.0262566546617
noise,0.09834834834834835,denseweight,2.2846381896548884,2.9173500971703374,2521.4840749116543,2.9816890291761924,3386.053783834296
noise,0.0985985985985986,relevance,2.2849929215818405,2.8877250603600433,2470.7209110167846,2.984596082608682,3362.832333364638
noise,0.0985985985985986,denseweight,2.309588971110451,2.929040757082051,2541.809354496633,3.008226660736043,3439.5129935523014
noise,0.09884884884884884,relevance,2.26180622371723,2.892589277062387,2479.2582423818044,2.981102743499991,3347.0152739479254
noise,0.09884884884884884,denseweight,2.3024620929445803,2.935305762821187,2552.825411614197,3.000406950652125,3426.3323446348536
noise,0.0990990990990991,relevance,2.268941935719202,2.921100970469873,2528.2229246890524,3.002620245428757,3366.223441988904
noise,0.0990990990990991,denseweight,2.3232765324023283,2.9502610324153444,2578.670311485249,3.023630273335973,3473.6944258285116
noise,0.09934934934934934,relevance,2.199067743856006,2.8122707490494605,2343.260488749529,2.888614701051527,3138.3701147680913
noise,0.09934934934934934,denseweight,2.2842673920239815,2.915554732425422,2518.263999783059,2.9825879248102893,3364.3639474798974
noise,0.0995995995995996,relevance,2.2854577430011864,2.909291805190375,2507.781981624114,3.001952751950792,3397.7619734008117
noise,0.0995995995995996,denseweight,2.285704788258371,2.911064222327655,2510.5807998242217,2.9776479180991697,3375.5158552746766
noise,0.09984984984984985,relevance,2.2505657313784724,2.8727713508135673,2444.980403483486,2.9589704024349484,3307.864263424927
noise,0.09984984984984985,denseweight,2.2913219091121872,2.905644782373149,2501.1831636566635,2.965350862252982,3366.149266949281
noise,0.10010010010010009,relevance,2.26180199931169,2.8475038364791745,2402.501754806172,2.9493802136505525,3300.3048418945864
noise,0.10010010010010009,denseweight,2.300226604537446,2.9114289597339322,2510.8466263692394,2.983969072163334,3379.469453001683
noise,0.10035035035035035,relevance,2.2615188800848354,2.875391707779518,2449.3982609722207,2.9613803269443193,3302.413000052959
noise,0.10035035035035035,denseweight,2.2766749451491606,2.9061911014666713,2502.0871957672266,2.9662474555825744,3328.709009602067
noise,0.1006006006006006,relevance,2.274659452910296,2.91514014731736,2517.815502805875,3.0065416244177308,3390.8935655153086
noise,0.1006006006006006,denseweight,2.2882940025588585,2.93435444790728,2550.8282617347254,3.001145515857638,3407.0506171568536
noise,0.10085085085085085,relevance,2.2738800757428717,2.8901646979657376,2474.760620898223,2.980094226097127,3360.340108198018
noise,0.10085085085085085,denseweight,2.352377203893332,2.9753825081294853,2622.750242091483,3.0355262072353995,3544.34822767918
noise,0.1011011011011011,relevance,2.2746046194893794,2.8994777980308744,2490.5519661214203,2.993189667443078,3373.509975067767
noise,0.1011011011011011,denseweight,2.3154658459553628,2.9588914847081833,2593.8930619240805,3.014640132040609,3477.573592010952
noise,0.10135135135135136,relevance,2.219924582698099,2.8518887496435643,2409.509728303374,2.9363595804089697,3252.6317808589283
noise,0.10135135135135136,denseweight,2.3019776618626873,2.931206781194188,2545.2408389317666,2.995673851137546,3409.810344639879
noise,0.1016016016016016,relevance,2.270287957416654,2.893275381122417,2480.095378945956,2.9759953010936395,3308.45801597105
noise,0.1016016016016016,denseweight,2.2924432385562628,2.9297569132260604,2542.923447588727,2.988332721256104,3391.564169374095
noise,0.10185185185185185,relevance,2.2835592193364325,2.884649787425909,2465.234825664264,2.9735446584105314,3382.961501682941
noise,0.10185185185185185,denseweight,2.286831238798844,2.921830112076335,2529.3108058354965,2.9829715462100475,3390.7660900940114
noise,0.1021021021021021,relevance,2.2597098896928567,2.8748904489944658,2448.724118364762,2.9704580539457717,3304.5457959777323
noise,0.1021021021021021,denseweight,2.2859399596426533,2.917705307295438,2522.2544577814574,2.9718227911442665,3381.45835740328
noise,0.10235235235235235,relevance,2.2484233647947107,2.85757352056361,2419.2696561982384,2.948390600696867,3275.8728641188545
noise,0.10235235235235235,denseweight,2.2928028540021104,2.9177479256679746,2522.284021487713,2.979201560282086,3379.575483066664
noise,0.10260260260260261,relevance,2.282888364459817,2.9059747539561713,2501.646163860583,2.993719134597969,3382.1154493152408
noise,0.10260260260260261,denseweight,2.269146138328078,2.9091136105791087,2507.3263305754335,2.9686449185774793,3331.5080308740758
noise,0.10285285285285285,relevance,2.245711688592466,2.878387982638485,2454.6802548386,2.969267864843955,3297.360673858988
noise,0.10285285285285285,denseweight,2.2809741024251426,2.899865906158507,2491.287736617564,2.956543186978497,3349.5901203752087
noise,0.1031031031031031,relevance,2.3059181921099268,2.9328813565767264,2548.5873177239255,3.023424791339184,3442.2122429771402
noise,0.1031031031031031,denseweight,2.2866375512640067,2.9017157711520727,2494.3192547220847,2.9642525454482813,3349.4429722305326
noise,0.10335335335335336,relevance,2.2859461718023835,2.88749417881605,2470.4053392834912,2.9654837235932168,3324.191323529212
noise,0.10335335335335336,denseweight,2.295861160418682,2.9099229470539894,2508.828018378681,2.97252623719719,3393.287055368017
noise,0.1036036036036036,relevance,2.252828746455528,2.8275602029695257,2368.945077007559,2.92039635257165,3231.2622162662688
noise,0.1036036036036036,denseweight,2.278295586849296,2.913595020055334,2515.045387121398,2.977934705753879,3351.148114007365
noise,0.10385385385385386,relevance,2.285589132897503,2.891698752449401,2476.9325586491054,2.9782860839172156,3375.7530665873683
noise,0.10385385385385386,denseweight,2.3531982258614814,2.9868700865978335,2642.756725290979,3.046641446593308,3556.288482204201
noise,0.1041041041041041,relevance,2.251667824737394,2.8729056643372295,2445.236995368011,2.955909107980228,3299.3821547710336
noise,0.1041041041041041,denseweight,2.3165573242538717,2.946735831337414,2572.5137739889533,3.0041243631799603,3460.7090105000566
noise,0.10435435435435435,relevance,2.2760001304827115,2.9033818289065727,2497.702751947909,2.996548244408772,3384.430579575074
noise,0.10435435435435435,denseweight,2.2814879994861363,2.889149667923061,2473.109218552114,2.9535893657871184,3345.2293860847626
noise,0.1046046046046046,relevance,2.263761944233679,2.896019980885981,2484.9392192074083,2.9874254068729353,3349.0996961944825
noise,0.1046046046046046,denseweight,2.2872628244917648,2.9165966286376834,2519.8939193993524,2.9807190746675447,3370.5914363678603
noise,0.10485485485485485,relevance,2.2475228282305473,2.8809427165899075,2459.210891515052,2.9675645050232777,3307.122800360314
noise,0.10485485485485485,denseweight,2.27016555526859,2.859547298182561,2422.9428192654686,2.9307158911758897,3296.357624456425
noise,0.10510510510510511,relevance,2.2864871981878823,2.916641246948829,2520.3144438455483,2.9984538353207806,3377.388315246455
noise,0.10510510510510511,denseweight,2.279437922400096,2.915788426521126,2518.9509766702445,2.9717925177379416,3375.0529905747976
noise,0.10535535535535535,relevance,2.271121843146969,2.893912410532745,2481.4645019160102,2.9805922677727263,3338.781696922279
noise,0.10535535535535535,denseweight,2.3098280685550248,2.9424882840808326,2565.3025747275356,3.008088035498648,3436.5900613641893
noise,0.1056056056056056,relevance,2.277074958968721,2.909483782008819,2508.450238960146,3.0011481020513346,3371.146721546118
noise,0.1056056056056056,denseweight,2.30415298791289,2.931009970218961,2544.9743105261236,3.0024625104233613,3401.520407244234
noise,0.10585585585585586,relevance,2.2541549027402565,2.8678240629655636,2436.6825992541867,2.9499290433556977,3293.837133335536
noise,0.10585585585585586,denseweight,2.3153208260001894,2.9480062619600296,2574.799492553395,3.00984314537342,3457.2827861679716
noise,0.1061061061061061,relevance,2.241599460516665,2.8711453414093695,2442.3440167975796,2.957551299673933,3303.5451620231447
noise,0.1061061061061061,denseweight,2.3418778442104027,2.9687093926760815,2610.8855233821096,3.032780638762228,3549.559727319854
noise,0.10635635635635636,relevance,2.265540963653041,2.8782748926278465,2454.414987099901,2.9628055142633807,3296.509735179744
noise,0.10635635635635636,denseweight,2.285161317225918,2.910568867039636,2509.624351788549,2.96518879025992,3374.102901363066
noise,0.1066066066066066,relevance,2.272022811078929,2.9053234164329864,2500.998099659381,2.9945537776773308,3394.6394261330547
noise,0.1066066066066066,denseweight,2.3130215688937876,2.946966339528678,2572.9712476076843,3.0143694196011994,3451.626657605819
noise,0.10685685685685685,relevance,2.2382097579656697,2.8505201331280565,2407.6328596124768,2.9276905329193093,3240.723143232872
noise,0.10685685685685685,denseweight,2.3158499458499846,2.9466961100538342,2572.747413530884,3.0137112776148336,3455.4911042662725
noise,0.10710710710710711,relevance,2.2593406162783247,2.910475305809257,2509.9027115495087,2.9995064607868853,3367.814347265035
noise,0.10710710710710711,denseweight,2.3001760464310204,2.935148832876372,2552.216699917615,2.9920030034044602,3401.737001063931
noise,0.10735735735735735,relevance,2.2777526466919293,2.8862720992900255,2468.1207294352894,2.9673600455498272,3314.5019264476673
noise,0.10735735735735735,denseweight,2.3060457095521523,2.9323867920374003,2547.6949568762884,2.9996769412013,3404.6847546027047
noise,0.10760760760760761,relevance,2.270031537481462,2.9070994512724977,2503.8928517311624,2.9937547520417644,3373.2694949430925
noise,0.10760760760760761,denseweight,2.314595594131104,2.9668973225524837,2607.935236768307,3.0260976272855746,3499.058598588812
noise,0.10785785785785786,relevance,2.2496304075451823,2.89867311898369,2489.453799767281,2.9789039598049567,3296.886169291523
noise,0.10785785785785786,denseweight,2.2877008056464323,2.9101039613637254,2508.8128106555146,2.9715042658020683,3359.7152453950225
noise,0.10810810810810811,relevance,2.2739956267220345,2.8676569312972986,2436.702938523668,2.9558654212480886,3317.423652336431
noise,0.10810810810810811,denseweight,2.3155520087623622,2.9334714727861297,2549.2967264999397,2.9911172662402095,3440.997460022283
noise,0.10835835835835836,relevance,2.2821225255443314,2.883256043880468,2463.3751346021018,2.9774664149486787,3335.2103114487004
noise,0.10835835835835836,denseweight,2.282662101748893,2.9141814378133764,2515.8698927734686,2.986233965345081,3372.0969779521283
noise,0.1086086086086086,relevance,2.255755658202543,2.882796496134936,2462.4224776131273,2.955079598191632,3301.6407089782924
noise,0.1086086086086086,denseweight,2.2983490786958147,2.9171377949926236,2521.0973284834595,2.9960031517308634,3412.828760681251
noise,0.10885885885885886,relevance,2.244961747189251,2.864273120825315,2430.6651430346496,2.954680547899127,3283.7508773142877
noise,0.10885885885885886,denseweight,2.2868330058637794,2.9097270666959987,2508.247115742014,2.98702241216919,3359.3921932976727
noise,0.1091091091091091,relevance,2.26957893951855,2.9019997214074267,2495.3809597317936,2.9921089029563888,3367.0236312256106
noise,0.1091091091091091,denseweight,2.296066431936116,2.887422312380469,2469.8909260228666,2.962146537854902,3382.362985869198
noise,0.10935935935935936,relevance,2.265001279784606,2.893902094394146,2481.399961706293,2.9792011804611866,3328.8525522678156
noise,0.10935935935935936,denseweight,2.313782812236713,2.9383771720707093,2558.0219534355742,3.0120060336949233,3461.111800949199
noise,0.10960960960960961,relevance,2.2599626088799916,2.893253962532497,2480.191032796508,2.970508734386753,3317.8858794780463
noise,0.10960960960960961,denseweight,2.2936779510049488,2.9335078300559707,2549.4668288328376,2.9995592387808974,3400.49205271184
noise,0.10985985985985985,relevance,2.2480355272513157,2.851400695930986,2408.711314451894,2.936376833304868,3254.062493939251
noise,0.10985985985985985,denseweight,2.3041090975839564,2.938707386247287,2558.4552586104483,2.99483444544202,3431.876552720938
noise,0.11011011011011011,relevance,2.244610946168736,2.8800192308003987,2457.387415491341,2.963926808568394,3292.6638222431066
noise,0.11011011011011011,denseweight,2.296521270966356,2.9244033177992272,2533.5469291924182,2.9912762217622864,3406.6493659697026
noise,0.11036036036036036,relevance,2.262621930761226,2.8921925279802303,2478.4270615497094,2.983478117394327,3346.664025448574
noise,0.11036036036036036,denseweight,2.286945191002317,2.9170204434425755,2520.9774277539454,2.9828214973077487,3371.111551343411
noise,0.11061061061061062,relevance,2.2469228203578933,2.867955977746281,2436.836482880513,2.950836820615019,3255.59906947663
noise,0.11061061061061062,denseweight,2.2984016685520587,2.9414719811179575,2563.51688816789,2.9912909015087252,3426.1934901981176
noise,0.11086086086086086,relevance,2.2813668124151167,2.8784386799475863,2455.15647011634,2.9747598066133216,3320.973731357223
noise,0.11086086086086086,denseweight,2.278416886259545,2.901644743773535,2494.447717188869,2.9679129918327467,3318.0291035365526
noise,0.1111111111111111,relevance,2.286739565063899,2.931556350441648,2546.0925197161955,3.0248110864782745,3420.108850249478
noise,0.1111111111111111,denseweight,2.3045772343805404,2.9413778648822646,2563.290708731356,2.9976447491026117,3433.4379263446745
noise,0.11136136136136136,relevance,2.2703875815081522,2.8634253088567525,2429.507877989265,2.961934228572417,3322.0806823242083
noise,0.11136136136136136,denseweight,2.3053778303381556,2.9357110290038193,2553.2603087128923,3.0030515133769637,3407.738080752688
noise,0.11161161161161161,relevance,2.2676567904052773,2.8822104598956613,2461.167391276587,2.97062694187793,3324.0612302541554
noise,0.11161161161161161,denseweight,2.2593276533398123,2.881307687514221,2459.778679249349,2.9483914887646923,3325.6532417963463
noise,0.11186186186186187,relevance,2.2478553893262783,2.8858725682070174,2467.4479673082715,2.961643636357616,3285.4395446775575
noise,0.11186186186186187,denseweight,2.3140402223584733,2.9606030911647343,2596.8217836839112,3.018219321152379,3463.377784424119
noise,0.11211211211211211,relevance,2.2902365307080856,2.91640684140795,2519.8319518850294,2.9995970967820154,3403.0759820006647
noise,0.11211211211211211,denseweight,2.2874635098381186,2.9037990480550477,2497.917692960141,2.985385498061282,3392.9288270409866
noise,0.11236236236236236,relevance,2.242249414848552,2.8389527736151337,2387.81057335838,2.927006046798148,3234.5017419328433
noise,0.11236236236236236,denseweight,2.29628076701275,2.930788762766879,2544.8967419893684,2.991397436797794,3430.795618828097
noise,0.11261261261261261,relevance,2.282764240326002,2.9106586671903623,2509.890665273169,2.994550733514066,3386.065494046017
noise,0.11261261261261261,denseweight,2.276287669990151,2.9105497385056744,2509.9437680237697,2.975525903725411,3373.528629971537
noise,0.11286286286286286,relevance,2.276741698498057,2.889991262715776,2474.447200534589,2.975293115191467,3328.023201623332
noise,0.11286286286286286,denseweight,2.315661234042352,2.957697385927407,2591.502891483506,3.0113500926407735,3434.2908502071896
noise,0.11311311311311312,relevance,2.2864503336198805,2.8920137446086844,2478.601471795957,2.9797385149274564,3360.525013594019
noise,0.11311311311311312,denseweight,2.304925508760163,2.940991712785565,2562.374951545833,3.0104402580633596,3420.8933398432846
noise,0.11336336336336336,relevance,2.278638171070215,2.905434107090321,2501.1231672039357,2.9999594802297422,3386.5936653733884
noise,0.11336336336336336,denseweight,2.278121226113612,2.9008803529804084,2492.9944372618093,2.9756819969748016,3347.902531094717
noise,0.1136136136136136,relevance,2.2598650012179613,2.890104090186347,2474.9446146341147,2.975210563591746,3329.697380090008
noise,0.1136136136136136,denseweight,2.3158285723624275,2.945269700746151,2569.692734292475,3.0090477751070055,3465.4773431405765
noise,0.11386386386386387,relevance,2.241989611526519,2.8724890970242933,2444.6619885869204,2.954149548895917,3267.676255540895
noise,0.11386386386386387,denseweight,2.2764173037151627,2.91365772624634,2515.3532859207694,2.970610897631821,3331.315945074704
noise,0.11411411411411411,relevance,2.252582728717955,2.8783410052279854,2454.5239170774853,2.9698710854496433,3296.438280710339
noise,0.11411411411411411,denseweight,2.289969408227072,2.9304924466518623,2544.087208563707,2.9910524220017245,3393.139557693532
noise,0.11436436436436437,relevance,2.242559460150515,2.847707681194079,2402.745677225929,2.9379417990531107,3231.430172747778
noise,0.11436436436436437,denseweight,2.2932606713458914,2.896598315169258,2485.722243069952,2.962811640237521,3350.7250945748415
noise,0.11461461461461461,relevance,2.24889053514074,2.868382456172921,2437.3649987975814,2.9529020874334844,3286.0528671965353
noise,0.11461461461461461,denseweight,2.2725808540316037,2.8907634561391418,2475.784509708359,2.9531109460636498,3338.6603557142744
noise,0.11486486486486486,relevance,2.2824774672592714,2.904395570588468,2498.9691982960658,2.9998560899850344,3386.159549112858
noise,0.11486486486486486,denseweight,2.316734831065556,2.946134558048492,2571.5717123197987,3.0050920607758242,3447.351344390469
noise,0.11511511511511512,relevance,2.286388122874998,2.927671487924748,2539.5520246777814,3.019462386064565,3419.7607390277285
noise,0.11511511511511512,denseweight,2.3135750396155697,2.950309936092438,2578.861131910678,3.0143861461056445,3443.664696774207
noise,0.11536536536536536,relevance,2.2597593503850426,2.9037151921350284,2498.1718697139186,2.9885366689869475,3327.8218441550744
noise,0.11536536536536536,denseweight,2.2872654696135934,2.9482753995786872,2575.1236114253347,3.0066822884549302,3425.5476070693567
noise,0.11561561561561562,relevance,2.271191204582304,2.8338863883619134,2379.657430251563,2.9317968446976357,3255.9973468777416
noise,0.11561561561561562,denseweight,2.28991229980149,2.906021677671712,2501.9686692634687,2.969905595205439,3371.865161772086
noise,0.11586586586586586,relevance,2.281257061345172,2.894628114719763,2482.630718267111,2.987913661705647,3362.844714871051
noise,0.11586586586586586,denseweight,2.3169803826635356,2.9483746483609283,2575.687541336848,3.0172142786279514,3463.651001030933
noise,0.11611611611611611,relevance,2.251549995450095,2.8605610837533004,2424.3957789771694,2.945964897619655,3259.11868503169
noise,0.11611611611611611,denseweight,2.2923796385218522,2.9147572631653467,2516.9253730238215,2.98428224187489,3382.329244307728
noise,0.11636636636636637,relevance,2.295791835385986,2.8607734271620617,2424.4243593945666,2.9590158079037936,3332.4320838245626
noise,0.11636636636636637,denseweight,2.3008722260806183,2.9496013881744627,2577.465526550485,3.000410276323169,3424.4457846432947
noise,0.11661661661661661,relevance,2.3011985905655448,2.913447201815915,2514.831037835883,2.989957817859383,3386.9386939041037
noise,0.11661661661661661,denseweight,2.2777021437394183,2.897332603588059,2486.875499559173,2.9659187393705104,3345.998632383522
noise,0.11686686686686687,relevance,2.275898705948119,2.895356282390526,2483.6630797524663,2.9814292611725555,3360.941161376113
noise,0.11686686686686687,denseweight,2.2863055915120984,2.9443784411963114,2568.4062835134437,3.0068220422811986,3415.4908710150507
noise,0.11711711711711711,relevance,2.2936434557402707,2.9281150679824903,2540.4227949253964,3.0187199089421894,3417.8667872194524
noise,0.11711711711711711,denseweight,2.2838165822091394,2.929952904255765,2543.42865006985,2.992108840639821,3376.6183207143486
noise,0.11736736736736737,relevance,2.3242811333710787,2.906321220089393,2502.910879611084,3.0062070800850678,3438.919947021231
noise,0.11736736736736737,denseweight,2.2872018322788867,2.919204639766419,2524.654257585113,2.976382384876677,3368.327275767386
noise,0.11761761761761762,relevance,2.263263390717284,2.842728728323306,2394.2696908444495,2.932605043330541,3256.309761049755
noise,0.11761761761761762,denseweight,2.284944651978219,2.9073528166269957,2504.138990897135,2.979093830806119,3368.561955518316
noise,0.11786786786786786,relevance,2.2469868516146665,2.890017397278749,2474.658994611764,2.9709636828283723,3309.0717541421914
noise,0.11786786786786786,denseweight,2.300894455808244,2.920331332190671,2526.720189358788,2.978927309975758,3398.1559996676833
noise,0.11811811811811812,relevance,2.2599977465552685,2.893711533014889,2481.0423294432176,2.9801920095128334,3347.751305253467
noise,0.11811811811811812,denseweight,2.276005731937107,2.913290045007221,2514.2661796760726,2.9757135690064382,3352.1514718409535
noise,0.11836836836836837,relevance,2.2528456174663956,2.8860853402203084,2468.070026672938,2.969919420349143,3301.9356410440005
noise,0.11836836836836837,denseweight,2.2895542129748905,2.905434762352349,2501.041511400796,2.974221239949507,3353.42342479933
noise,0.11861861861861862,relevance,2.296813279923377,2.9177643942803084,2522.2584806436234,3.0167248485520073,3426.0475170486948
noise,0.11861861861861862,denseweight,2.2907198062680556,2.931054296658546,2545.2812571876952,2.9919462310450347,3409.586756759529
noise,0.11886886886886887,relevance,2.2576716544185653,2.9269460248338013,2538.206257763595,3.0085674727324285,3359.5995794320875
noise,0.11886886886886887,denseweight,2.2957646069671824,2.93517513680533,2552.2063237615553,3.007043076129095,3422.555257654176
noise,0.11911911911911911,relevance,2.25110231162897,2.8778361118179636,2453.5170883734886,2.960943297477357,3300.440806689522
noise,0.11911911911911911,denseweight,2.3004662210995432,2.9353743163622226,2552.6419902801613,3.0030726124600506,3421.6379539841887
noise,0.11936936936936937,relevance,2.3028769992106253,2.896538091126169,2485.6942083419076,3.002498316076096,3436.2830629939926
noise,0.11936936936936937,denseweight,2.2768259583837245,2.902689760388555,2496.497674250843,2.9635480171618562,3331.748084337806
noise,0.11961961961961962,relevance,2.267956483335931,2.8796870504052396,2456.739496944934,2.973229738545168,3334.719571033947
noise,0.11961961961961962,denseweight,2.2952846173947234,2.928164731862275,2540.412242612383,2.991248638126841,3417.8216122177437
noise,0.11986986986986987,relevance,2.261755827917985,2.879392928977013,2456.381868918307,2.966851972315585,3320.6182574265154
noise,0.11986986986986987,denseweight,2.2688760582388667,2.873408942940972,2446.1335966601637,2.934624690174798,3313.6321640281053
noise,0.12012012012012012,relevance,2.269028207700297,2.8877827832134675,2470.74257825304,2.9821459083381963,3361.414242353484
noise,0.12012012012012012,denseweight,2.3090452702441113,2.9150695781932368,2517.8031836280293,2.9811731670857786,3423.0679711430766
noise,0.12037037037037036,relevance,2.2770222429156117,2.8782538598173435,2454.5449264434405,2.9725457575963268,3342.0289666162435
noise,0.12037037037037036,denseweight,2.2758472428033913,2.9023627704611568,2495.684855477357,2.966483992289929,3336.8568204304747
noise,0.12062062062062062,relevance,2.2918870196172363,2.9357272427089547,2553.465089580286,3.0240084636145066,3415.965399309747
noise,0.12062062062062062,denseweight,2.273984740867274,2.9239506664332278,2532.8021236349646,2.9905946423867595,3374.9647370925964
noise,0.12087087087087087,relevance,2.280748309442182,2.8865813223280155,2468.6765105989925,2.9760341705987856,3356.6839971437994
noise,0.12087087087087087,denseweight,2.2828361982905383,2.936889916113797,2555.3340438487053,3.0095131219500906,3398.1226984302484
noise,0.12112112112112113,relevance,2.251855104661209,2.8526068048241866,2411.2979900533933,2.9457613801910947,3281.875444781491
noise,0.12112112112112113,denseweight,2.302900570903329,2.9482977932200107,2575.2138529626322,3.014719860156993,3428.762977358926
noise,0.12137137137137137,relevance,2.2641191683461948,2.902708881026475,2496.367361247291,2.9845594185794977,3333.213396917465
noise,0.12137137137137137,denseweight,2.292303861328236,2.9068860417400066,2503.3337194395403,2.981358969295292,3389.7011700683875
noise,0.12162162162162161,relevance,2.2539558397834085,2.856283402927302,2417.2911002288056,2.9500391585240493,3267.623071846061
noise,0.12162162162162161,denseweight,2.3120307069660435,2.942856197503169,2565.945144583301,3.0035132213273563,3440.9986719349295
noise,0.12187187187187187,relevance,2.290836291868024,2.894858307338421,2483.2717573028294,2.9905659728710896,3392.361834369426
noise,0.12187187187187187,denseweight,2.2951153912221316,2.92158345056431,2528.749431161211,2.998414289104485,3421.813335157396
noise,0.12212212212212212,relevance,2.2709876250888836,2.8533422925762295,2412.136460578543,2.9537001201292767,3314.0694721392
noise,0.12212212212212212,denseweight,2.282490589798088,2.9086799079076444,2506.2814013347484,2.976297930679983,3364.727200278965
noise,0.12237237237237238,relevance,2.2781119035396267,2.858921225659282,2421.622958505798,2.944703424069376,3306.3540952055378
noise,0.12237237237237238,denseweight,2.3000144368361566,2.9505353254031323,2579.2418063302043,3.016156822069054,3447.330655726127
noise,0.12262262262262262,relevance,2.280602680541181,2.8976636941831386,2487.760526595428,2.986236954802576,3358.153708601927
noise,0.12262262262262262,denseweight,2.2770773170075573,2.931176100100899,2545.1116033393114,3.0048134845312267,3379.8843923903314
noise,0.12287287287287287,relevance,2.2571938022708324,2.8606909100004905,2424.6280630323668,2.955852679858352,3284.645126000457
noise,0.12287287287287287,denseweight,2.2766877170053537,2.9069436266940776,2503.589817227939,2.9731310156088604,3346.0613746387535
noise,0.12312312312312312,relevance,2.270399651023849,2.897108070117151,2486.6790120072483,2.983394322162052,3342.558482115913
noise,0.12312312312312312,denseweight,2.291018647282328,2.9242899701066247,2533.7095408823625,2.990353703474071,3404.1660970221037
noise,0.12337337337337337,relevance,2.2333579791202265,2.845940637307233,2399.6955287535425,2.93819169530811,3228.3380608084512
noise,0.12337337337337337,denseweight,2.2696832008359222,2.8956401496986968,2484.129712599042,2.9550565982520838,3326.1391504360417
noise,0.12362362362362363,relevance,2.259869887208155,2.8895261761637157,2473.945641655375,2.9710799583793746,3309.7123573012987
noise,0.12362362362362363,denseweight,2.316233314461042,2.9597967984667837,2595.624150547966,3.0192703401358765,3479.3075869375807
noise,0.12387387387387387,relevance,2.2640698322834925,2.8896233096551978,2473.7677241023453,2.9727602018489336,3325.4332987909497
noise,0.12387387387387387,denseweight,2.3055685551614555,2.9502856303737444,2578.7080278198946,3.0102869117753093,3442.729449420542
noise,0.12412412412412413,relevance,2.2804920710325622,2.9022722332402244,2495.546287657122,2.999109281236206,3405.188219009683
noise,0.12412412412412413,denseweight,2.330576728227061,2.9492240001986403,2576.8904106208984,3.015921887554711,3470.753344497289
noise,0.12437437437437437,relevance,2.2634540886080234,2.8983824542901004,2489.0558563343243,2.995315209723688,3346.7393207916193
noise,0.12437437437437437,denseweight,2.2929898942093847,2.94294633635122,2566.2058281973677,3.0007303828350285,3428.9740678031817
noise,0.12462462462462462,relevance,2.2795029974124663,2.9234091192563993,2532.355261702049,3.015828181851149,3416.97817224126
noise,0.12462462462462462,denseweight,2.3277095518881823,2.9416769780762264,2563.635509332792,3.0074425626961925,3453.70687348357
noise,0.12487487487487488,relevance,2.2726835680351263,2.872785172667375,2444.874420232732,2.961664499493833,3307.3113879477014
noise,0.12487487487487488,denseweight,2.310023023697205,2.961534682752933,2598.481834496308,3.0182616589595,3464.1719788875453
noise,0.12512512512512514,relevance,2.2550390464837173,2.852238444749331,2410.340718801961,2.948841169239094,3305.8110122257017
noise,0.12512512512512514,denseweight,2.3097396023990626,2.9425378789244783,2564.9217376709366,3.013473385688242,3455.802405056071
noise,0.12537537537537538,relevance,2.262722087893717,2.8783944038273432,2454.5345942806466,2.971775707026722,3333.2031084000764
noise,0.12537537537537538,denseweight,2.331236325703554,2.95071988463275,2579.5728603499974,3.0187257022034704,3480.4335923922613
noise,0.12562562562562563,relevance,2.2665329482241363,2.8777478511748593,2453.2934292217155,2.9629724323938706,3302.8121496620097
noise,0.12562562562562563,denseweight,2.277065264372616,2.9157444174942424,2518.5172565459293,2.984708452151901,3353.739030134415
noise,0.12587587587587587,relevance,2.2788752895005575,2.9355278586659677,2553.1278620794455,3.0110820740237476,3405.5827720675134
noise,0.12587587587587587,denseweight,2.2800834514117896,2.8970357828003532,2486.72524405176,2.969149352674766,3349.8547633987505
noise,0.12612612612612611,relevance,2.227449335775822,2.8477116447513366,2402.737692704805,2.9348218172262825,3250.26974414816
noise,0.12612612612612611,denseweight,2.305423650082638,2.9401595987991387,2561.036563719924,3.009867139071272,3435.7286783906247
noise,0.1263763763763764,relevance,2.283640465491817,2.8951496601175335,2483.335773993628,2.976986906497752,3342.4572469785035
noise,0.1263763763763764,denseweight,2.296689256408044,2.9119215383166,2512.163946325895,2.9799788602047017,3382.330042711452
noise,0.12662662662662663,relevance,2.301985599538464,2.893415484732464,2480.420701414622,2.9823489927919122,3374.0125639514567
noise,0.12662662662662663,denseweight,2.292041954995674,2.9325586733802917,2548.0741062000475,2.991912166530239,3396.1509768498818
noise,0.12687687687687688,relevance,2.2454658752638523,2.865401835310715,2432.609207636845,2.953651532116586,3293.9737568822798
noise,0.12687687687687688,denseweight,2.280978267834072,2.908266348219107,2505.6793749284507,2.965398501290754,3331.525784601157
noise,0.12712712712712712,relevance,2.2424647419516592,2.8588917471440225,2421.275227521594,2.945416607480885,3272.4203416094983
noise,0.12712712712712712,denseweight,2.309280271835925,2.9562893802227226,2589.122719670405,3.0160919235718184,3462.2183175292766
noise,0.12737737737737737,relevance,2.287928287745324,2.9021533549664236,2495.4979186636465,2.9980319827393607,3383.9053833866797
noise,0.12737737737737737,denseweight,2.3053031151336563,2.9315245621826644,2546.1028024606153,2.9981418054464855,3433.247131172756
noise,0.12762762762762764,relevance,2.29128152785117,2.9214776495326302,2528.615910314628,3.006115588727656,3412.483848877725
noise,0.12762762762762764,denseweight,2.288852701257893,2.9170121529244564,2520.7622961534607,2.987429921376352,3389.772907917735
noise,0.12787787787787788,relevance,2.2579981876129804,2.864171133034839,2430.568696499606,2.945808852852648,3277.7823873154653
noise,0.12787787787787788,denseweight,2.277552960145179,2.892753754141984,2479.1750955335533,2.970686739119458,3353.959302245146
noise,0.12812812812812813,relevance,2.274012928691588,2.908433297741404,2506.2102011444567,3.000404833107101,3368.7741363157143
noise,0.12812812812812813,denseweight,2.2511729671500524,2.903837940729351,2498.266625863605,2.968051362033237,3324.0524719370524
noise,0.12837837837837837,relevance,2.2786822330347754,2.9300475858103026,2543.7601438253696,3.0226803402006373,3417.3050468418564
noise,0.12837837837837837,denseweight,2.2764888375244925,2.910023974722486,2508.935482376657,2.979846630355824,3381.4767753922915
noise,0.12862862862862862,relevance,2.28912812155075,2.910592074287043,2509.928770636549,3.0058354901928865,3397.74830328101
noise,0.12862862862862862,denseweight,2.3061172031794817,2.9291951651747965,2542.13367201482,2.997782484254972,3415.125954754712
noise,0.1288788788788789,relevance,2.2691038410908626,2.914897551163696,2517.349862220027,3.0016601059997625,3382.9211024665656
noise,0.1288788788788789,denseweight,2.2834600751337346,2.9111070445315095,2510.6485930134204,2.9719067403887056,3366.4675487082745
noise,0.12912912912912913,relevance,2.251659369179306,2.8545580832843807,2414.5864337056014,2.943903927870709,3275.920837409882
noise,0.12912912912912913,denseweight,2.2754056985193585,2.906437764524525,2502.605112982546,2.969936063242298,3354.11440743972
noise,0.12937937937937938,relevance,2.264131803054779,2.8950088510725283,2483.135141595173,2.98504997999485,3343.0110717586826
noise,0.12937937937937938,denseweight,2.3172157328277225,2.9673160965206913,2608.244024461395,3.033468608036915,3500.1592261145856
noise,0.12962962962962962,relevance,2.25763182417465,2.889661281108322,2473.9683707331574,2.9823675589744925,3317.533586673485
noise,0.12962962962962962,denseweight,2.2708028578489103,2.898452956437518,2488.9004972832026,2.9627034750150196,3349.8224751786092
noise,0.12987987987987987,relevance,2.290659489197991,2.943302464854852,2566.340319570458,3.0284789009853115,3457.142699854706
noise,0.12987987987987987,denseweight,2.2906743439064736,2.9194634284181813,2525.1243070577716,2.980429400380542,3378.2415802186015
noise,0.13013013013013014,relevance,2.282429233538485,2.909832759594575,2508.536517114751,3.007166927399614,3385.0350115943843
noise,0.13013013013013014,denseweight,2.2828709748475493,2.9286896085067173,2541.3107020579964,2.988029010558041,3371.7832246873145
noise,0.13038038038038038,relevance,2.277368307672216,2.9223749654918247,2530.174593985479,3.006189168119873,3382.0078449723055
noise,0.13038038038038038,denseweight,2.3163635188738882,2.944948518762211,2569.75622817474,3.005961361429619,3458.5019987745277
noise,0.13063063063063063,relevance,2.28523930874768,2.912099003722032,2512.363071281192,3.0044005497003687,3403.396439718425
noise,0.13063063063063063,denseweight,2.3014669691791774,2.9174020069731075,2521.594329064737,2.9955885130223217,3403.083861478434
noise,0.13088088088088087,relevance,2.2635744104603237,2.9027126904663167,2496.6390948003514,2.9920852211688875,3336.070178157133
noise,0.13088088088088087,denseweight,2.2806286149001567,2.919150411665538,2524.581375285199,2.9901332516440995,3388.845767724883
noise,0.13113113113113112,relevance,2.2751762216806526,2.938433801649821,2558.2021545093316,3.0123903455104672,3410.9848423576673
noise,0.13113113113113112,denseweight,2.297548708585256,2.9347486857343306,2551.6872240104267,2.9959380081845888,3398.4599481650707
noise,0.1313813813813814,relevance,2.26902507373572,2.9070399029711327,2503.73447507801,2.993718662872136,3371.838552682408
noise,0.1313813813813814,denseweight,2.297153575920711,2.938239876785204,2557.656150064285,3.0027037887562495,3418.895707782874
noise,0.13163163163163163,relevance,2.264866726926216,2.876129042691314,2450.7742728604803,2.966131289437408,3328.4067539260827
noise,0.13163163163163163,denseweight,2.3044515665282477,2.942414772381854,2565.139947136447,3.0116048605622763,3435.633395880438
noise,0.13188188188188188,relevance,2.281337284817281,2.897002965354223,2486.7847598050803,2.9968483776734938,3392.9175361590787
noise,0.13188188188188188,denseweight,2.2899922898946223,2.9409687397454722,2562.299082055686,3.0040246896825886,3401.0146605066675
noise,0.13213213213213212,relevance,2.2567160844536547,2.8723256288010792,2444.5198334774573,2.9666793823618307,3295.6250375797194
noise,0.13213213213213212,denseweight,2.2947376088087434,2.9217184510789864,2528.9516225457096,2.9848802405260946,3393.3412452261937
noise,0.13238238238238237,relevance,2.2816569994863722,2.923791513878842,2532.3410482615377,3.0160033160309565,3397.9409893007005
noise,0.13238238238238237,denseweight,2.319208466706504,2.9492694610419523,2577.124478751226,3.011291622077645,3472.267268530773
noise,0.13263263263263264,relevance,2.283471453758039,2.914166118113959,2516.172208250306,3.0034702915262357,3381.5218299169683
noise,0.13263263263263264,denseweight,2.29672489020602,2.9126334930155715,2513.430076858697,2.98653201025875,3400.6634142228745
noise,0.13288288288288289,relevance,2.3132926714414506,2.912214532913724,2512.7931539538245,3.003304892134755,3426.1194747266254
noise,0.13288288288288289,denseweight,2.299828033264626,2.9233758038179936,2531.722554755426,2.9919812499732004,3405.3561964275414
noise,0.13313313313313313,relevance,2.2644189692678505,2.8906720877850263,2475.7369680138167,2.9665563160958834,3325.4683892266253
noise,0.13313313313313313,denseweight,2.2854317318956245,2.9081146625621104,2505.55903938821,2.9693737311704225,3365.4225011111826
noise,0.13338338338338337,relevance,2.2742014742064245,2.9176214851303572,2522.0268889398785,3.0045105379685944,3381.6473219212307
noise,0.13338338338338337,denseweight,2.2899606973538855,2.9501733594626556,2578.625841428026,3.008738202558314,3426.7537962409683
noise,0.13363363363363362,relevance,2.2724004352995406,2.9229465472487592,2531.3211195919093,3.001025143476811,3365.287309066421
noise,0.13363363363363362,denseweight,2.283201738362666,2.9133311077864987,2514.376760484938,2.993556336732358,3375.6125262912547
noise,0.1338838838838839,relevance,2.2679230240557104,2.903605979964357,2497.7070722431663,3.0010578453647963,3373.598465437626
noise,0.1338838838838839,denseweight,2.2897735900557357,2.915925290321261,2519.0868459331127,2.9789568735631953,3355.3663512418234
noise,0.13413413413413414,relevance,2.255806206619305,2.862192327399731,2427.264811163776,2.9521687316478853,3287.2478225546365
noise,0.13413413413413414,denseweight,2.287280120519866,2.9059460235744137,2501.9924360437394,2.968854298165563,3373.920517375339
noise,0.13438438438438438,relevance,2.275176858997266,2.8902004199629814,2474.9867001639864,2.9739633673077597,3331.0508418738304
noise,0.13438438438438438,denseweight,2.287206014061947,2.908724718223563,2506.782518287928,2.9709863812043884,3369.184917020341
noise,0.13463463463463463,relevance,2.2956689326244404,2.9230691209737656,2531.665343629804,3.0214992008943824,3445.780068563281
noise,0.13463463463463463,denseweight,2.291166778713413,2.917919972257615,2522.439994110207,2.98453644848618,3378.164708297935
noise,0.13488488488488487,relevance,2.2731537008664633,2.9072362486072154,2504.3734511950984,2.9946486666735455,3352.8498302910716
noise,0.13488488488488487,denseweight,2.272292432355852,2.8813480757408017,2459.4860206522562,2.951772735086964,3314.056978741191
noise,0.13513513513513514,relevance,2.2762081009857567,2.8971999357641915,2486.9648659896834,2.983765618946162,3337.1446947446107
noise,0.13513513513513514,denseweight,2.2877851225322514,2.9302167701002024,2543.8726296529812,2.9955540595806047,3403.0676016819784
noise,0.1353853853853854,relevance,2.2345554918061086,2.8354905168688207,2382.359251860123,2.930676097517372,3234.685285453365
noise,0.1353853853853854,denseweight,2.296532101190532,2.948934799454045,2576.397439483891,3.0140599641605648,3443.826421109091
noise,0.13563563563563563,relevance,2.286100457313823,2.902163431034163,2495.51127295472,2.999343714558343,3404.075205171856
noise,0.13563563563563563,denseweight,2.3089897289016337,2.96474041323255,2603.712449551418,3.020939048435817,3448.652212138292
noise,0.13588588588588588,relevance,2.281023461631483,2.9004766616860413,2493.020195264282,2.994205809481929,3389.77673530718
noise,0.13588588588588588,denseweight,2.2923712177367284,2.912133960721248,2512.5630427083274,2.970678967623121,3380.639943489817
noise,0.13613613613613612,relevance,2.282462430340909,2.926441719071067,2537.179526285931,3.0294983298045004,3417.492730319995
noise,0.13613613613613612,denseweight,2.2578299312323056,2.8906916732444414,2475.4509275134797,2.958597723086557,3305.61892157117
noise,0.1363863863863864,relevance,2.2581017111097794,2.8892690334272477,2473.3514073723163,2.966336013020469,3305.84943560238
noise,0.1363863863863864,denseweight,2.293556500975787,2.938693396437945,2558.555141764138,3.0044816772015914,3416.997161348233
noise,0.13663663663663664,relevance,2.2639854416808403,2.863445671278778,2429.1859008974125,2.9472738822305375,3283.7694098552965
noise,0.13663663663663664,denseweight,2.3029611986570933,2.9234999495478937,2532.0918284468125,2.98708664153624,3407.3721819194693
noise,0.13688688688688688,relevance,2.2706945604258513,2.879065951283268,2455.5220080136105,2.968369326282374,3339.224309320618
noise,0.13688688688688688,denseweight,2.29064135720115,2.944154270524997,2567.775322836086,3.005651601467502,3438.8939208207394
noise,0.13713713713713713,relevance,2.2863268919947703,2.9141798508128747,2516.0904516235846,2.9990147571351167,3366.304272628431
noise,0.13713713713713713,denseweight,2.326136238341952,2.9649034930808886,2604.3102028855537,3.0288459087535906,3488.389187381534
noise,0.1373873873873874,relevance,2.2252307767888424,2.854653060635522,2414.5411193153336,2.9341234728858616,3228.3449497238416
noise,0.1373873873873874,denseweight,2.293400786550298,2.940458542504525,2561.3380190887387,3.005749191194328,3425.6175945113955
noise,0.13763763763763764,relevance,2.2735198879809873,2.9194340154497325,2525.3775935375943,2.991439578300998,3375.3692068141
noise,0.13763763763763764,denseweight,2.2751489739354356,2.915093413748975,2517.438128680205,2.9779597305758343,3361.032002338457
noise,0.1378878878878879,relevance,2.2789157284136405,2.8830744002071427,2462.5641028360315,2.9788808778137135,3351.4564162957904
noise,0.1378878878878879,denseweight,2.2990287003233405,2.9419896226159614,2564.4004895222147,3.000432344077089,3426.767704781695
noise,0.13813813813813813,relevance,2.278291095790417,2.8831521805191254,2462.9044390453278,2.973608726757166,3326.649354725471
noise,0.13813813813813813,denseweight,2.321411793873021,2.971884881976732,2616.812558316406,3.0294385521430116,3508.875849633442
noise,0.13838838838838838,relevance,2.280746120613348,2.9120506314819554,2512.3708970640255,2.989956069146859,3370.3348539220556
noise,0.13838838838838838,denseweight,2.281233407428425,2.904895260975001,2500.159398657129,2.9826081338390202,3355.118366693407
noise,0.13863863863863865,relevance,2.270742219538717,2.895519917331232,2484.238751955641,2.983986349493707,3353.0718903118154
noise,0.13863863863863865,denseweight,2.291481052770776,2.915170287826412,2517.8237938417724,2.9809650892243136,3388.2216339309552
noise,0.1388888888888889,relevance,2.2734342533146443,2.892907887632457,2479.712958544456,2.976313261824504,3352.2051501780857
noise,0.1388888888888889,denseweight,2.287381942845927,2.893723060560353,2480.7167138009754,2.9682672515540167,3361.8556233606637
noise,0.13913913913913914,relevance,2.233954516225366,2.870965994959507,2442.0704130986605,2.9665212448407283,3275.505436922809
noise,0.13913913913913914,denseweight,2.2902589542482716,2.9430149448261496,2566.3648198044566,2.9951711808457135,3428.872215675933
noise,0.13938938938938938,relevance,2.2339368749432538,2.85103752256854,2408.45376240116,2.9376414891300966,3243.0956030772422
noise,0.13938938938938938,denseweight,2.299238462233284,2.9311164426766787,2545.2868044460415,3.001886117715729,3424.0747315401527
noise,0.13963963963963963,relevance,2.274507706013413,2.878870788601291,2455.579024344226,2.963980352584156,3309.3300532624594
noise,0.13963963963963963,denseweight,2.280965763745096,2.9081777289705175,2505.8203602947965,2.974744080070461,3353.884242149723
noise,0.1398898898898899,relevance,2.290969415310862,2.917066255600541,2521.058457446638,3.0081943335457106,3389.7311600666717
noise,0.1398898898898899,denseweight,2.30031754874843,2.928313046588284,2540.622758644586,2.9886917186000086,3397.5165749725807
noise,0.14014014014014015,relevance,2.270414140255705,2.8872808864786816,2469.992835611288,2.9794934586214987,3343.2982636132288
noise,0.14014014014014015,denseweight,2.2902618341884864,2.937119673620843,2555.874968684348,2.995586238946795,3414.8428871041056
noise,0.1403903903903904,relevance,2.301561678118409,2.904147800774953,2499.171002169567,2.989831573604758,3401.1718645164474
noise,0.1403903903903904,denseweight,2.315694965353951,2.960126812715416,2595.934003788986,3.0267170714849234,3466.4089783602444
noise,0.14064064064064064,relevance,2.257227255119564,2.88798149733241,2471.198836914493,2.970272833989248,3323.316364927656
noise,0.14064064064064064,denseweight,2.2977981060923582,2.9568163776997327,2590.0339315066694,3.0170065628412415,3429.379385704614
noise,0.14089089089089088,relevance,2.257070941908491,2.8670174903137484,2435.5395083146573,2.9616869529205663,3314.866083844527
noise,0.14089089089089088,denseweight,2.295964445105348,2.9319872412421364,2546.727693847951,2.994776326322514,3402.3251865631455
noise,0.14114114114114115,relevance,2.254531393190389,2.8679898393790224,2437.130268061082,2.9679481465315822,3312.1676599040115
noise,0.14114114114114115,denseweight,2.302057595371142,2.9344766905958313,2551.199896697173,3.006926680735321,3443.4390320410507
noise,0.1413913913913914,relevance,2.2850915997122105,2.9326836831564576,2547.9865828799557,3.010939082166793,3389.9042668892675
noise,0.1413913913913914,denseweight,2.3317765826577563,2.9542848155704355,2585.8207988093804,3.016456633295314,3490.25075157924
noise,0.14164164164164164,relevance,2.246391309348041,2.8632733672442665,2429.0822929372976,2.9425246720921363,3239.8340908024797
noise,0.14164164164164164,denseweight,2.283148678364645,2.899422091093091,2490.5340627965293,2.968037078962064,3378.437618555484
noise,0.14189189189189189,relevance,2.2648173223658143,2.882334993541078,2461.2938701508924,2.9721023433580713,3333.0387284695007
noise,0.14189189189189189,denseweight,2.2875665582432037,2.8989315943350054,2489.8151178289627,2.9690778960969277,3358.4033499902307
noise,0.14214214214214213,relevance,2.275644317492178,2.872440287013208,2444.911738313242,2.968505605833023,3345.598988073254
noise,0.14214214214214213,denseweight,2.3004162280301457,2.939059302974496,2559.281286428889,3.0036046575885966,3453.5753256583307
noise,0.1423923923923924,relevance,2.2595273375618903,2.8761651529036314,2451.148631995305,2.9531177778334508,3271.4022891913805
noise,0.1423923923923924,denseweight,2.3327270106077362,2.9759279795647604,2623.798459285797,3.049998726647358,3530.0705855146975
noise,0.14264264264264265,relevance,2.270276235978899,2.9038576784580465,2498.391313651751,2.9982551112956988,3379.4563316445406
noise,0.14264264264264265,denseweight,2.3143655982001397,2.9765084307774616,2624.881511701826,3.0273021933952613,3461.4336684249183
noise,0.1428928928928929,relevance,2.275184303511967,2.8986809397716256,2489.4738430413586,2.9905612385644678,3339.227586323435
noise,0.1428928928928929,denseweight,2.2816455702766345,2.9270121260474156,2538.152776794749,2.9962939580608854,3403.390935452913
noise,0.14314314314314314,relevance,2.2946598098470647,2.9199413032250248,2526.3602064682686,3.003196227690795,3405.967967435542
noise,0.14314314314314314,denseweight,2.3015014544359906,2.9286757109517776,2541.2452792098024,3.0008901839472797,3408.0667241654382
noise,0.14339339339339338,relevance,2.264127485550698,2.8912791042715824,2476.585787494128,2.9768832613054923,3332.427309140931
noise,0.14339339339339338,denseweight,2.303447846858912,2.918018227605791,2522.6543831618624,2.9862376816795857,3406.810073753213
noise,0.14364364364364365,relevance,2.2622791841477996,2.8791929737854196,2455.771550155466,2.9638212230861947,3309.62213762557
noise,0.14364364364364365,denseweight,2.3047745529475505,2.9337551281141048,2550.279334244785,3.0020344086896693,3442.4801184290154
noise,0.1438938938938939,relevance,2.231829935708193,2.866568928995147,2434.6841597134817,2.956139425040523,3259.6053278845634
noise,0.1438938938938939,denseweight,2.3078563266181997,2.9026093560027855,2495.8050909332005,2.9698865311398444,3384.3225004977066
noise,0.14414414414414414,relevance,2.2629634388437236,2.8964601172291338,2485.977049973587,2.983251881838199,3317.2970964603637
noise,0.14414414414414414,denseweight,2.2737991277310106,2.919172706562131,2524.737422222936,2.984141203231469,3348.2705151251726
noise,0.1443943943943944,relevance,2.2880049061913623,2.9284887147680716,2541.0471677228297,3.014076183422339,3398.450417411878
noise,0.1443943943943944,denseweight,2.327080981986102,2.965180206112234,2604.9713551834952,3.03161773070129,3526.880731679979
noise,0.14464464464464463,relevance,2.2696995543949,2.913013449197356,2514.3247228696036,2.998782421296869,3355.069592831356
noise,0.14464464464464463,denseweight,2.306692428234893,2.9351052394132764,2552.5015584569824,3.009289906140684,3435.0561734570833
noise,0.1448948948948949,relevance,2.243511170462798,2.8936901000511486,2480.9757083289346,2.980688357860167,3309.6532173454166
noise,0.1448948948948949,denseweight,2.300549582440532,2.9293273639879347,2542.244845550243,2.998832390280533,3416.3595808183004
noise,0.14514514514514515,relevance,2.2695339412673605,2.924980747611109,2534.9302093964297,3.008615008566884,3383.8453440140356
noise,0.14514514514514515,denseweight,2.2938551388996995,2.916586187516164,2519.970030857637,2.994573069127087,3389.7754542441753
noise,0.1453953953953954,relevance,2.2686838028028733,2.8826332937556036,2462.292197160604,2.9766811502854313,3344.194970085025
noise,0.1453953953953954,denseweight,2.268635761434939,2.8941039278944354,2481.751214361889,2.9617527384117475,3327.2986550423793
noise,0.14564564564564564,relevance,2.298345817262189,2.8844741660370623,2465.546553408382,2.9816454284092324,3359.1515922969616
noise,0.14564564564564564,denseweight,2.284871873739054,2.9328966278867337,2548.551848883077,2.9832613786419397,3380.8359440609643
noise,0.14589589589589588,relevance,2.2683822348990756,2.8771604732426446,2452.557848459026,2.963781366174706,3310.8578871843606
noise,0.14589589589589588,denseweight,2.2797598610421574,2.943859262598535,2567.6674599243825,3.003925795687664,3408.3970212026347
noise,0.14614614614614616,relevance,2.2781558045720636,2.9189888148398304,2524.6486170423836,3.0046683788893267,3400.0355537073633
noise,0.14614614614614616,denseweight,2.311224278142128,2.97282901991711,2618.259451947924,3.02277001707234,3480.276051418075
noise,0.1463963963963964,relevance,2.2600927675703404,2.8733112922272768,2446.107653358747,2.971666005677806,3338.250267543932
noise,0.1463963963963964,denseweight,2.3079408327653343,2.9180314640094047,2522.662514519086,2.982347441512275,3395.46347136744
noise,0.14664664664664664,relevance,2.2543915205588148,2.8730050304352956,2445.5589943934688,2.958263792226783,3319.0567446614136
noise,0.14664664664664664,denseweight,2.2733991089625585,2.8957210662946515,2484.2428856528545,2.956768984966292,3336.588137615879
noise,0.1468968968968969,relevance,2.2782996434263447,2.9026267746292103,2496.5082977004126,2.990359420834311,3376.377439527654
noise,0.1468968968968969,denseweight,2.296362431897602,2.897050840887426,2486.303085493008,2.974184709358942,3393.7311321700436
noise,0.14714714714714713,relevance,2.2592023171830222,2.928401474578164,2540.6259918014284,3.0070114722975,3368.308297021208
noise,0.14714714714714713,denseweight,2.3121337996322024,2.9519838254762125,2581.9261798340626,3.005891575000703,3458.729053239381
noise,0.1473973973973974,relevance,2.264880798334158,2.9020044968868968,2495.1840356976827,2.9870190383131314,3355.850439558024
noise,0.1473973973973974,denseweight,2.3089192931725244,2.923308004545756,2531.7811409509977,2.9899659765642084,3422.6271718238836
noise,0.14764764764764765,relevance,2.3071719424871415,2.9454246852957455,2570.806183441719,3.040989096312606,3480.431635480463
noise,0.14764764764764765,denseweight,2.350639906449513,3.0351379162326886,2728.97710180391,3.0673810906654793,3606.3446556758176
noise,0.1478978978978979,relevance,2.2541379845267318,2.8790168885410816,2455.604915221574,2.9624161498889054,3305.71532723333
noise,0.1478978978978979,denseweight,2.2970471951531,2.9379139295307413,2557.164030414836,3.0016785068815475,3408.6090209440968
noise,0.14814814814814814,relevance,2.237877121824407,2.8685201479597713,2437.9834203600235,2.957120517368583,3295.8060691156597
noise,0.14814814814814814,denseweight,2.308545259962001,2.9487242768901347,2576.0259729103645,3.009082210808699,3447.237780363357
noise,0.14839839839839838,relevance,2.247242078398879,2.855852332463834,2416.574061941149,2.943329021636337,3256.761731752352
noise,0.14839839839839838,denseweight,2.3293529729090374,2.9482943816614346,2575.430460588459,3.0150648653055416,3468.763769195406
noise,0.14864864864864866,relevance,2.2892416546341985,2.9038148698749118,2498.3262914631046,3.001809565306223,3396.3884065247926
noise,0.14864864864864866,denseweight,2.259775647910434,2.8666442126370093,2434.6262337935345,2.940123358885004,3274.349536846355
noise,0.1488988988988989,relevance,2.2675251027343095,2.8947360903389803,2482.8547643821116,2.984217322852148,3340.6530644632617
noise,0.1488988988988989,denseweight,2.2798124016597274,2.903240159224124,2497.149555531898,2.9722897009339184,3343.1979172477613
noise,0.14914914914914915,relevance,2.291805428107104,2.9176030953826984,2521.944976028093,3.0128296284000085,3421.7822864486857
noise,0.14914914914914915,denseweight,2.3194170865881985,2.962897786691232,2600.739929493371,3.027360242299467,3471.777906509795
noise,0.1493993993993994,relevance,2.250247284598672,2.840619647699135,2390.4173886927947,2.9214233033398984,3228.4816671606336
noise,0.1493993993993994,denseweight,2.2906956768296434,2.9413418615126665,2562.9703173180765,3.004654592852788,3411.1880710880973
noise,0.14964964964964964,relevance,2.2551294172463128,2.8675440245547095,2436.4750593782524,2.959756984214559,3300.0399462780183
noise,0.14964964964964964,denseweight,2.284240774588343,2.919501564434992,2525.305506670903,2.9890639921620967,3407.093716750474
noise,0.1498998998998999,relevance,2.268274329868604,2.9147488549470584,2517.153136219662,3.008274508615379,3375.384871186718
noise,0.1498998998998999,denseweight,2.3032116483089684,2.9340482761356887,2550.4812203306114,3.0035050849198037,3434.2669346566167
noise,0.15015015015015015,relevance,2.270196898880533,2.8967583638446635,2486.049238584639,2.987090716152221,3346.772780587628
noise,0.15015015015015015,denseweight,2.3013987648113865,2.8946765449365452,2482.274017595475,2.9592311171758956,3339.010168737
noise,0.1504004004004004,relevance,2.249873042362364,2.8456325740972495,2399.084292671296,2.9408142948911538,3281.9387891832675
noise,0.1504004004004004,denseweight,2.2868519890386523,2.924575049703211,2533.9195655843114,2.998614334451076,3407.710514445165
noise,0.15065065065065064,relevance,2.2881259251030244,2.88816147858998,2471.3838265226905,2.970018503617063,3349.199293035009
noise,0.15065065065065064,denseweight,2.290042275681937,2.920416014094641,2526.815637094439,2.994783370150337,3376.4376256850555
noise,0.1509009009009009,relevance,2.2726430159943893,2.9089312714516105,2507.450173607872,2.9941996732889504,3339.5943975955875
noise,0.1509009009009009,denseweight,2.2699387593025637,2.8722181040036965,2444.222453278483,2.9305728276054865,3277.1735768227686
noise,0.15115115115115116,relevance,2.253177931838525,2.8663367076317483,2434.163580860757,2.9505774077714784,3263.4711350839516
noise,0.15115115115115116,denseweight,2.2923482403839928,2.919336217153051,2525.0878569677084,2.99034978166485,3390.208008485701
noise,0.1514014014014014,relevance,2.24422265144523,2.856482570114161,2417.712158165845,2.9432646277908487,3270.4376814525967
noise,0.1514014014014014,denseweight,2.2536650264557623,2.8978006591786936,2488.22195335181,2.954004415097375,3283.3073561683036
noise,0.15165165165165165,relevance,2.2499415797433717,2.8854752394731444,2467.16238824832,2.968146994429007,3275.0179712994104
noise,0.15165165165165165,denseweight,2.269457350447169,2.9162456450370136,2519.633166658629,2.9818122204492354,3348.8424728498157
noise,0.1519019019019019,relevance,2.256459904736042,2.8866943252300534,2468.9924044987374,2.9777892231510457,3325.7088061194754
noise,0.1519019019019019,denseweight,2.3083970266194247,2.9213248061464303,2528.2654815558244,2.9793394232808468,3428.9200906099168
noise,0.15215215215215216,relevance,2.26132958111044,2.8750413211793373,2449.022056116548,2.9604378265850815,3284.061805627175
noise,0.15215215215215216,denseweight,2.2734518882546286,2.9043548268959967,2498.717892463128,2.969309687680092,3326.533771845297
noise,0.1524024024024024,relevance,2.2792925147996264,2.895716646059315,2484.50541947101,2.9779383052684287,3349.0383793838328
noise,0.1524024024024024,denseweight,2.282226731276265,2.904368117405976,2499.175610003604,2.96583813596073,3351.924966960517
noise,0.15265265265265265,relevance,2.2951471299490036,2.9278836847239873,2539.882979945934,3.0082646937467015,3413.011684408308
noise,0.15265265265265265,denseweight,2.27830024624327,2.9219108057663976,2529.5474874023857,2.9843945628173874,3394.2930788548297
noise,0.1529029029029029,relevance,2.26066401596788,2.8389008333403867,2387.918285507052,2.9370048149013273,3261.1459484180755
noise,0.1529029029029029,denseweight,2.30065942951194,2.9342885453757446,2551.008602447146,2.9971944619815267,3421.564070606784
noise,0.15315315315315314,relevance,2.264399826742207,2.882869574617288,2462.314952515817,2.9775581233076793,3351.7316058542783
noise,0.15315315315315314,denseweight,2.3074556247679565,2.9650900775874325,2604.6295812312756,3.043167998037821,3474.7120360270433
noise,0.15340340340340342,relevance,2.26122353733065,2.8712413630600735,2442.7945016265294,2.958937033943571,3314.5445350349546
noise,0.15340340340340342,denseweight,2.310271704432319,2.9545255424307175,2586.24744886538,3.0253651879832604,3473.1996920028582
noise,0.15365365365365366,relevance,2.245845616700774,2.9122489692051055,2512.909332755517,2.986686121301961,3313.758767138104
noise,0.15365365365365366,denseweight,2.286108782192325,2.929065015214318,2541.886473188109,2.9926591164747047,3403.447927021285
noise,0.1539039039039039,relevance,2.2663534506423466,2.9257220097779144,2535.969478813395,3.012191081900003,3395.3679682773386
noise,0.1539039039039039,denseweight,2.3040979881128867,2.9192725043451033,2524.8143892982935,2.9807273475731346,3390.059697368406
noise,0.15415415415415415,relevance,2.2630539612976177,2.908272811280591,2506.3211779553494,2.9929464902583893,3331.145718597543
noise,0.15415415415415415,denseweight,2.2870581632774467,2.898229875567508,2488.3064510154013,2.9696843488509295,3364.297207856036
noise,0.1544044044044044,relevance,2.276809637150972,2.874178468045441,2447.363067088749,2.965381354365596,3336.3316169611194
noise,0.1544044044044044,denseweight,2.302490986125582,2.9464710984989626,2572.0477620740335,3.0065218547735184,3449.3663362750644
noise,0.15465465465465467,relevance,2.311035149082957,2.945422223749958,2570.355326681685,3.0341506649568437,3477.1947421516284
noise,0.15465465465465467,denseweight,2.29168186148123,2.9372952447913234,2556.1984356315365,2.991628329896814,3412.5589987094777
noise,0.1549049049049049,relevance,2.257046052283481,2.8772053348824036,2452.689637446966,2.9566700474501135,3298.8676519836654
noise,0.1549049049049049,denseweight,2.314863961913085,2.93003666672244,2543.4579770036044,2.997638289938278,3456.373542964533
noise,0.15515515515515516,relevance,2.243939501160737,2.8938793445506428,2481.521716643154,2.967964659756522,3305.064729385092
noise,0.15515515515515516,denseweight,2.2844415408385927,2.9161851455538184,2519.552597557611,2.975025576705066,3375.7375722269244
noise,0.1554054054054054,relevance,2.265385349447395,2.871077266846166,2442.2676002229414,2.965017365897481,3317.550861206554
noise,0.1554054054054054,denseweight,2.2925612315149926,2.926585303577024,2537.5384167754255,2.9935472978666917,3382.3383470604444
noise,0.15565565565565564,relevance,2.2800047048206236,2.8780600605765168,2454.159464761348,2.963808927350873,3316.3733997088098
noise,0.15565565565565564,denseweight,2.275547989541106,2.916841964410515,2520.7847669623316,2.9779888146367917,3344.1476497594244
noise,0.15590590590590592,relevance,2.256542693272261,2.8799386255516044,2457.4944753910386,2.97363374455896,3308.3633599716336
noise,0.15590590590590592,denseweight,2.27625353716258,2.922260417962796,2530.011883274817,2.9851468856072816,3370.1498121982804
noise,0.15615615615615616,relevance,2.27209173893985,2.8901188883596163,2474.4982939999604,2.9803836888510427,3358.38067703264
noise,0.15615615615615616,denseweight,2.2949206601332137,2.9321790478156955,2547.361995722766,2.998512436881371,3419.7448307428967
noise,0.1564064064064064,relevance,2.2940300518219816,2.957303311088979,2591.237541594821,3.0343808581816902,3455.720618175589
noise,0.1564064064064064,denseweight,2.3078007186033456,2.9322351027730145,2547.306857184175,2.9901328141820516,3416.3243206718034
noise,0.15665665665665665,relevance,2.2892579020633996,2.8931199134045533,2480.0862000967704,2.9835477140609554,3360.783720757356
noise,0.15665665665665665,denseweight,2.2938386186009523,2.9384075251890263,2558.240348572218,2.997038375823219,3404.985653516357
noise,0.1569069069069069,relevance,2.2694706930370767,2.8821034932328935,2461.031023763849,2.9744899821105433,3336.498312741796
noise,0.1569069069069069,denseweight,2.3127642734779075,2.9409197442756994,2562.399977798954,3.0041935052953628,3438.3721504016635
noise,0.15715715715715717,relevance,2.2835813261629307,2.8782440663396196,2454.4924316018587,2.96345465813238,3324.1010789684055
noise,0.15715715715715717,denseweight,2.2944279293168934,2.919045048835335,2524.5105424198005,2.9971439232067016,3418.839882673722
noise,0.1574074074074074,relevance,2.28698925309873,2.905426444738645,2501.610286439553,2.996007320706373,3389.023686575523
noise,0.1574074074074074,denseweight,2.2971765083931976,2.92919210059733,2542.1438390775947,2.997455178717795,3399.3950919673484
noise,0.15765765765765766,relevance,2.2556832783100753,2.877228615491578,2453.069305548515,2.9641827108655567,3286.201724307829
noise,0.15765765765765766,denseweight,2.2976338153786524,2.940507935747296,2561.8468066777773,3.003062121391383,3429.114174993567
noise,0.1579079079079079,relevance,2.25260558752639,2.8898934412957886,2474.4339498744926,2.966881511211412,3312.1859313059404
noise,0.1579079079079079,denseweight,2.30160958891227,2.918981717348638,2524.4114405599435,2.9801809571684856,3399.0429230768823
noise,0.15815815815815815,relevance,2.2681150623307538,2.8785985164382355,2454.712232793491,2.9698621337029008,3325.9187097987747
noise,0.15815815815815815,denseweight,2.326442065922997,2.9660478942936783,2606.1845357751363,3.03106210016583,3494.966053971157
noise,0.15840840840840842,relevance,2.284470150966902,2.9071799070158084,2504.575033733298,3.0043649546345215,3415.800405210778
noise,0.15840840840840842,denseweight,2.270194138497637,2.899340720965449,2490.4066988915592,2.9658780558203945,3334.5963953598093
noise,0.15865865865865866,relevance,2.248062363093482,2.869841391133232,2440.1622521037016,2.957485102813963,3302.535602415044
noise,0.15865865865865866,denseweight,2.2602282634059385,2.8690012959330238,2438.6578773199544,2.9402807512666267,3292.6444072083773
noise,0.1589089089089089,relevance,2.242953550472082,2.8698225557099177,2440.2768386012604,2.9543591475913544,3286.2741586059537
noise,0.1589089089089089,denseweight,2.2763136910875645,2.9255307555659753,2535.497237525216,2.9829369447848886,3369.8923564170527
noise,0.15915915915915915,relevance,2.274700595697245,2.913839378263846,2516.0068316388256,3.005837209517582,3394.6242576403843
noise,0.15915915915915915,denseweight,2.290347220262823,2.9150169337861067,2517.0828007591585,2.98545171355752,3382.7852287653686
noise,0.1594094094094094,relevance,2.261779041665879,2.8724065620333032,2444.798160806301,2.9601960744226403,3326.4304020034283
noise,0.1594094094094094,denseweight,2.288095752532732,2.9079133316234818,2504.8790780941895,2.9772402830181135,3353.130674027629
noise,0.15965965965965967,relevance,2.2408037917195056,2.8579388548199605,2420.2346695342108,2.947625054055811,3273.0771891163636
noise,0.15965965965965967,denseweight,2.297595145304896,2.9320452615660018,2547.003644131681,2.999817538316057,3439.279923719097
noise,0.15990990990990991,relevance,2.2632143669977727,2.9275527788632814,2539.338490908916,3.010180722872867,3375.3863458473606
noise,0.15990990990990991,denseweight,2.3039417290898516,2.9440757644734616,2567.932957504643,3.018060028455921,3450.3635683221946
noise,0.16016016016016016,relevance,2.2582402038467904,2.8772650591904494,2452.4293296848114,2.9714724696169683,3336.09151025673
noise,0.16016016016016016,denseweight,2.2927394502797833,2.944392064753576,2568.4613852432913,3.002164941586401,3404.339121953665
noise,0.1604104104104104,relevance,2.2647215243734,2.8967713784194467,2485.673480811054,2.980011395876765,3344.604387423534
noise,0.1604104104104104,denseweight,2.309459774010924,2.927135448565808,2538.333083714845,3.0105539101036825,3440.8448027217373
noise,0.16066066066066065,relevance,2.271238656644731,2.906342534451082,2502.6732461485785,3.0056782548943697,3383.1498150194097
noise,0.16066066066066065,denseweight,2.286210200047118,2.9210730140424768,2527.9000363864993,2.9812927875457227,3381.1747546698243
noise,0.16091091091091092,relevance,2.2368737835596764,2.835227740498357,2381.486320350895,2.92125864626755,3224.169121471092
noise,0.16091091091091092,denseweight,2.3363676022251108,2.9851909279301063,2640.302034151708,3.048009362200772,3544.7043021506315
noise,0.16116116116116116,relevance,2.2314552844438453,2.8741719039791174,2447.491550876606,2.961377361737174,3284.387691760069
noise,0.16116116116116116,denseweight,2.2817710340337336,2.8942431996600466,2481.7103347328616,2.9620717223082975,3354.98171703535
noise,0.1614114114114114,relevance,2.2762406953019343,2.9051431967778205,2500.3919310313654,2.9869219777938483,3383.4494782300526
noise,0.1614114114114114,denseweight,2.2890252336025863,2.9402883046284702,2561.4766167929733,2.9888171743915146,3414.306248200771
noise,0.16166166166166165,relevance,2.2708231779710917,2.8926761500379112,2479.341794863706,2.9925617459209874,3349.722620174236
noise,0.16166166166166165,denseweight,2.3097334565347674,2.9463733774338055,2572.128750536594,3.0130154578671267,3458.597602948219
noise,0.1619119119119119,relevance,2.283876051948062,2.912854401817218,2514.016574844642,2.999240078301473,3365.6197379098758
noise,0.1619119119119119,denseweight,2.2771344986884725,2.9099430728133844,2508.61665845424,2.9792949612481485,3356.941526708249
noise,0.16216216216216217,relevance,2.2718757417602515,2.8739878002425727,2447.494829037268,2.9572698260093726,3302.6140755069805
noise,0.16216216216216217,denseweight,2.3148127484477614,2.94691306452063,2573.358152969318,3.017568705299033,3474.444209197159
noise,0.16241241241241242,relevance,2.260017530877546,2.8472705623962287,2401.861487616904,2.9328179637899536,3250.6657246858617
noise,0.16241241241241242,denseweight,2.3063205350208786,2.9483681529942567,2575.2955078273476,3.011646432136228,3443.06888384319
noise,0.16266266266266266,relevance,2.285321078512222,2.9118714911276453,2512.346128443631,3.0026100241079656,3384.085284381501
noise,0.16266266266266266,denseweight,2.3077433985848907,2.933456413680845,2549.4502382320325,2.9917692422670266,3407.342091529453
noise,0.1629129129129129,relevance,2.2756436462653706,2.8939078632452224,2481.6327927251473,2.9764129413129004,3344.0707921658845
noise,0.1629129129129129,denseweight,2.2909274481284934,2.936385216214656,2554.364373903658,3.010807822953064,3420.3116428281915
noise,0.16316316316316315,relevance,2.252737117153356,2.870961985214126,2442.015983398221,2.958533699780897,3276.077823592642
noise,0.16316316316316315,denseweight,2.271258806168022,2.9040973164701365,2498.545642396799,2.974176197327213,3339.8456425374934
noise,0.16341341341341342,relevance,2.2655597312353386,2.8810755746752195,2459.4618417316397,2.971333979260215,3331.876263589647
noise,0.16341341341341342,denseweight,2.2858274878595544,2.919257456477766,2525.2044925116597,2.9869571616692565,3386.78573787639
noise,0.16366366366366367,relevance,2.2580646157878292,2.877316611909317,2452.7570586707157,2.9683900452522165,3311.847193564894
noise,0.16366366366366367,denseweight,2.2906871808913176,2.9140843947024733,2516.0749862312496,2.978357167949043,3376.0270286085506
noise,0.1639139139139139,relevance,2.2584479819116026,2.8921436042081847,2478.686784384993,2.973711108870218,3341.386655408137
noise,0.1639139139139139,denseweight,2.3131982391604815,2.9347962541377473,2551.6655961569613,2.9997042903786384,3442.496643128757
noise,0.16416416416416416,relevance,2.2699142105753345,2.881834978475553,2460.616457941531,2.9667349493108466,3346.0707050731526
noise,0.16416416416416416,denseweight,2.280787181898545,2.9299540140285245,2543.4466012264575,2.9927734416979663,3393.6554788074495
noise,0.1644144144144144,relevance,2.265645931197437,2.88007733550485,2458.01233080315,2.9666944284910337,3311.8228974695676
noise,0.1644144144144144,denseweight,2.28729683533657,2.920455281457708,2527.0174537417643,2.9877917927008957,3375.5680259007017
noise,0.16466466466466467,relevance,2.2637064484339797,2.8712580721867975,2442.8034819716527,2.968681157438304,3323.4228796030297
noise,0.16466466466466467,denseweight,2.3191365766768,2.9547315709716466,2586.695621200368,3.002524878899563,3485.5417010731403
noise,0.16491491491491492,relevance,2.2486202275694587,2.8731903640307634,2446.0792944091477,2.958703883874835,3274.5872856537767
noise,0.16491491491491492,denseweight,2.2854021536820484,2.9238609891765814,2532.5853429331196,2.996970439600778,3385.3204062352697
noise,0.16516516516516516,relevance,2.25360769669217,2.866556174948379,2434.5496023093706,2.9531528854530147,3293.0163327507016
noise,0.16516516516516516,denseweight,2.2827313383718177,2.92605504596832,2536.6611050611755,2.988764743594808,3372.330532480175
noise,0.1654154154154154,relevance,2.28371901369177,2.9065812908535227,2503.1901892867922,2.993332906871343,3387.043436000247
noise,0.1654154154154154,denseweight,2.2891215780830683,2.897861070893798,2488.019068180321,2.9686180395620796,3350.417737409754
noise,0.16566566566566565,relevance,2.271076919044566,2.9295684732788354,2542.9234370541953,3.010185716446833,3384.6243660405603
noise,0.16566566566566565,denseweight,2.2993567247609903,2.9465862591310334,2572.123329483312,3.0140219682644465,3425.397182164197
noise,0.16591591591591592,relevance,2.2789556174781382,2.9086701888378474,2506.950038902804,2.9953013409700113,3364.299927404002
noise,0.16591591591591592,denseweight,2.2955263776290225,2.941822381566176,2564.0086582879912,3.008540227878167,3423.3157902694525
noise,0.16616616616616617,relevance,2.2528748485680983,2.851946198132653,2409.9080217615724,2.9407169022132438,3265.4677501122537
noise,0.16616616616616617,denseweight,2.3262187852340137,2.9820090692704415,2634.779173508442,3.0345587990977427,3521.324484018409
noise,0.1664164164164164,relevance,2.286867845910655,2.9377362828784648,2556.963233254814,3.0360415980777558,3443.829499077374
noise,0.1664164164164164,denseweight,2.31860762118291,2.9604858654118846,2596.840480342995,3.017286458192664,3475.391948330016
noise,0.16666666666666666,relevance,2.3146238361735545,2.936579969518282,2554.689241272797,3.0371130893076814,3465.3669570876164
noise,0.16666666666666666,denseweight,2.285202475867929,2.915200265256804,2517.9871897108706,2.97894203948279,3384.887625943078
noise,0.1669169169169169,relevance,2.244439725678179,2.86903443984097,2439.1009153044465,2.9572988968107072,3275.73153957804
noise,0.1669169169169169,denseweight,2.271535811333799,2.920134399446356,2526.577956475286,2.9810888176722523,3345.5153769231692
noise,0.16716716716716717,relevance,2.2790316367575207,2.928612085276755,2540.862229142118,3.0112716950991674,3378.7618204210407
noise,0.16716716716716717,denseweight,2.3022202240160348,2.941624510502039,2563.7125285054426,2.99948990638052,3418.018917715764
noise,0.16741741741741742,relevance,2.259534537736224,2.9019534191270955,2494.9505818122084,2.983531747473483,3320.8337562455986
noise,0.16741741741741742,denseweight,2.3235506694665045,2.976431551736249,2624.6405213745174,3.0419506409649206,3520.577431380482
noise,0.16766766766766766,relevance,2.288124550574906,2.922459259098168,2530.793668768206,3.010731626370873,3377.5940722230503
noise,0.16766766766766766,denseweight,2.2952081791997583,2.924791181009346,2534.598941890662,3.001236702083573,3393.830134219993
noise,0.1679179179179179,relevance,2.2665442428565528,2.906395521374976,2502.866814286588,2.9957415549585944,3351.4840315122483
noise,0.1679179179179179,denseweight,2.2877160805800134,2.943459178644105,2567.1793165374065,2.9982184383388617,3406.583059102626
noise,0.16816816816816815,relevance,2.2595145217314503,2.852684842122127,2411.358954018249,2.946118477084971,3292.985302259192
noise,0.16816816816816815,denseweight,2.3073466023475477,2.9107325146496135,2510.3263432429712,2.9652558975663084,3381.471310755732
noise,0.16841841841841843,relevance,2.263141413084499,2.898923943893231,2489.750430255139,2.9861114370032213,3332.171958804659
noise,0.16841841841841843,denseweight,2.2857321101821655,2.932228130863528,2547.254874534578,3.0003633101614535,3391.0823547105747
noise,0.16866866866866867,relevance,2.327417178802549,2.9348742046255385,2552.320556236878,3.0241027315874422,3446.89798147847
noise,0.16866866866866867,denseweight,2.3061764097580197,2.942350860369046,2565.111307015784,3.0101369592288245,3446.32271747524
noise,0.16891891891891891,relevance,2.2592565854258253,2.893492612317192,2480.4340707672322,2.9897535060252594,3353.552047194663
noise,0.16891891891891891,denseweight,2.2562893334410874,2.9080946675799897,2505.49966648492,2.9640803936029445,3304.366615314609
noise,0.16916916916916916,relevance,2.3036724882070314,2.943391451608863,2566.699745787721,3.036784367368245,3443.0332728631365
noise,0.16916916916916916,denseweight,2.271654113506398,2.903152851391998,2496.9010306244736,2.9632899851447734,3334.8845407579156
noise,0.16941941941941943,relevance,2.261142744044651,2.8459515162376587,2399.7002117528564,2.9412412176509894,3272.3062230196447
noise,0.16941941941941943,denseweight,2.2956295105442894,2.9263335855402763,2537.1560659426336,2.9961153908952167,3403.689576810707
noise,0.16966966966966968,relevance,2.276749456959984,2.893466082474878,2480.5199462802325,2.9831662960206407,3366.8415418161676
noise,0.16966966966966968,denseweight,2.2733548297984685,2.916450970157767,2519.971776003258,2.9774283352657056,3352.927859572526
noise,0.16991991991991992,relevance,2.2548594875241097,2.877290322729136,2452.770682926883,2.9620526982081468,3312.1376560190297
noise,0.16991991991991992,denseweight,2.290696068078676,2.9470792975320084,2573.203154385548,3.0106833184363335,3444.834425934043
noise,0.17017017017017017,relevance,2.2550629564534455,2.895018624807823,2483.3229526745035,2.9830303572645827,3315.0668369385417
noise,0.17017017017017017,denseweight,2.3230518021962494,2.9657893055760733,2605.9548197884083,3.0443758281764657,3499.4134404360657
noise,0.1704204204204204,relevance,2.2653052106721865,2.876494772176166,2451.3769133279325,2.9678229144578943,3333.833807860789
noise,0.1704204204204204,denseweight,2.2966261217844997,2.9375947605295427,2556.3864318404603,3.0066780735190055,3413.506833632106
noise,0.17067067067067068,relevance,2.2495166648585143,2.8462518766699443,2400.282311710988,2.9368281037638138,3256.7792920182264
noise,0.17067067067067068,denseweight,2.296544975505651,2.9281342343895846,2540.307206452396,2.9973952787334386,3428.113901427039
noise,0.17092092092092093,relevance,2.257189053159615,2.885345220805905,2466.856011808128,2.9767254007373105,3324.776668413912
noise,0.17092092092092093,denseweight,2.2960671236825863,2.9189750438402777,2524.358979792141,2.985836285504064,3415.3947324508063
noise,0.17117117117117117,relevance,2.2563843496069493,2.836729326950437,2384.235324828933,2.9310885933418556,3248.1993128799527
noise,0.17117117117117117,denseweight,2.274324273011427,2.900585675338443,2492.6907792719744,2.969061559121566,3352.3719306792996
noise,0.17142142142142142,relevance,2.2805681576127275,2.9077075321004053,2505.072019843015,2.9915049400046567,3367.4317998736574
noise,0.17142142142142142,denseweight,2.268427945609957,2.898729142381471,2489.6333193466335,2.960965199004114,3328.567040785629
noise,0.17167167167167166,relevance,2.295694328193471,2.898478133847868,2489.1243703679243,2.983292837264387,3361.2140580257933
noise,0.17167167167167166,denseweight,2.280300600765057,2.912077486615636,2512.2530834117065,2.9857946748439557,3355.972599745497
noise,0.17192192192192193,relevance,2.289130596047245,2.905784133495517,2501.8386851730497,2.997099232784038,3372.929002205588
noise,0.17192192192192193,denseweight,2.3135113089415085,2.9705635770466294,2614.549942065208,3.037329374067743,3493.7661670220737
noise,0.17217217217217218,relevance,2.269958553306222,2.9096416727498338,2508.07535611398,2.9993739330311464,3365.8531407720106
noise,0.17217217217217218,denseweight,2.306543832822353,2.947903258816768,2574.583885100496,3.0059172326683745,3447.0382634005755
noise,0.17242242242242242,relevance,2.2836483314397253,2.888281790849077,2471.5282935613022,2.9930258406634582,3402.160318086233
noise,0.17242242242242242,denseweight,2.291515884795445,2.9417483228746217,2563.849595789739,3.0077614691459713,3423.7259960520214
noise,0.17267267267267267,relevance,2.275039852720374,2.908890064638516,2507.02371660561,2.997523432494431,3377.0032577283273
noise,0.17267267267267267,denseweight,2.311235546854265,2.9327694891897975,2548.2115837773767,3.0008756740480518,3425.0136797218315
noise,0.1729229229229229,relevance,2.2650590883569923,2.904420553680825,2499.437987137348,2.9812769666195047,3307.9208575367675
noise,0.1729229229229229,denseweight,2.3196710485585634,2.964389309073281,2603.375800205883,3.023698331658298,3490.399029921647
noise,0.17317317317317318,relevance,2.2899638902857493,2.888211796112872,2471.093392015768,2.9809810132804597,3366.727446075112
noise,0.17317317317317318,denseweight,2.2870100195050167,2.9043398298054086,2499.172271306704,2.9716707807062637,3364.892257868364
noise,0.17342342342342343,relevance,2.2774304880412446,2.90323577927246,2497.4194768792877,2.9960514322850744,3390.0892187006093
noise,0.17342342342342343,denseweight,2.2828342847428833,2.9189012033884087,2524.256840586201,2.9871270867960864,3375.233066276106
noise,0.17367367367367367,relevance,2.262323810189287,2.89682421179336,2486.415125922382,2.976868041918022,3341.4786394883563
noise,0.17367367367367367,denseweight,2.286245100982665,2.9232105223467197,2531.619170127233,2.9916172434406274,3389.9318208316913
noise,0.17392392392392392,relevance,2.2569116665241435,2.879024997163746,2455.9393221272753,2.9672250781811425,3316.411684187019
noise,0.17392392392392392,denseweight,2.278964564257785,2.9229196231698027,2531.1678299713126,2.9829719955250744,3381.1946560546908
noise,0.17417417417417416,relevance,2.2750034884392765,2.9011217294208946,2493.7747118900043,2.9899443090782305,3350.8078342149533
noise,0.17417417417417416,denseweight,2.2748766843448895,2.9074955288309967,2504.3751969676528,2.9768379148560067,3338.836019566902
noise,0.17442442442442443,relevance,2.276622737805803,2.9081981858261083,2505.74771010212,3.0031244298809665,3387.4812214021367
noise,0.17442442442442443,denseweight,2.289473980326728,2.942268889733011,2565.078875634365,3.0026688562889188,3424.2345931571153
noise,0.17467467467467468,relevance,2.287905595177442,2.9067185044959047,2503.405498315399,3.0000687750661617,3400.250559101985
noise,0.17467467467467468,denseweight,2.290597571957283,2.905151073127151,2500.3504940678154,2.9636691975312734,3371.3574360485222
noise,0.17492492492492492,relevance,2.275285787849144,2.929344379983935,2542.192484624975,3.0121340597320567,3394.5629600952875
noise,0.17492492492492492,denseweight,2.2820522619371717,2.9278433147185483,2539.815777318485,2.9992249969418783,3426.831923082803
noise,0.17517517517517517,relevance,2.2852332118205902,2.8986475324077148,2489.67379990501,2.9931874965775096,3367.3672403086525
noise,0.17517517517517517,denseweight,2.294450071959189,2.9117623551523115,2511.7318552963598,2.990236240729408,3386.9872802060704
noise,0.1754254254254254,relevance,2.2727522502324504,2.8792556938977603,2456.209227962812,2.968714903528181,3298.937134746595
noise,0.1754254254254254,denseweight,2.280919033448171,2.9170481070870062,2521.1218459756665,2.9821438181596425,3380.516580833982
noise,0.17567567567567569,relevance,2.2790747868195593,2.89671493686102,2486.020467816029,2.991756430863799,3389.5666432342327
noise,0.17567567567567569,denseweight,2.314448064726853,2.950281016328272,2578.8255080087797,3.0238356737545407,3465.3060090968547
noise,0.17592592592592593,relevance,2.2754654080072227,2.909298478973905,2507.851872573802,2.9978947568802297,3374.365467394103
noise,0.17592592592592593,denseweight,2.2762404586581115,2.906649240195222,2502.902828769671,2.979620074529535,3380.6488838293526
noise,0.17617617617617617,relevance,2.2699156571471204,2.9088417303227354,2506.9092203442974,2.990744051519206,3350.343697651938
noise,0.17617617617617617,denseweight,2.2795675080792526,2.8978893436859634,2488.1701634176397,2.9718564372563288,3370.0385875838288
noise,0.17642642642642642,relevance,2.256157743904991,2.9041422036401996,2498.930892747424,2.9857064607767705,3329.4092684003035
noise,0.17642642642642642,denseweight,2.3226036218355195,2.9648753319068564,2604.264107356914,3.0301566319725532,3490.2543345118515
noise,0.17667667667667666,relevance,2.2558628996380232,2.879705354417571,2457.0956452703504,2.96789563449111,3320.328628553006
noise,0.17667667667667666,denseweight,2.271650896938828,2.895752414733663,2484.285913261543,2.952999687553898,3314.232860709897
noise,0.17692692692692694,relevance,2.2635382130165445,2.8937876845262247,2481.46879860668,2.9797001868037443,3318.8233490665116
noise,0.17692692692692694,denseweight,2.2794969216055163,2.9150265324688633,2517.4638679821223,2.988364244170645,3361.542654616767
noise,0.17717717717717718,relevance,2.2798629787733122,2.8767794523636114,2452.176259213133,2.9758083287677928,3338.270188655418
noise,0.17717717717717718,denseweight,2.2795028771060353,2.9101083985304794,2509.0674550795943,2.976538706933039,3349.241005621411
noise,0.17742742742742743,relevance,2.280454432181565,2.8927918184424986,2479.485034360677,2.9796771127148003,3354.1089092165635
noise,0.17742742742742743,denseweight,2.290993120113649,2.9046107077627217,2499.567532440509,2.9827229655186303,3391.8714758638057
noise,0.17767767767767767,relevance,2.2612182612045335,2.8887206021301033,2472.221052810142,2.9725935807611017,3325.39927084052
noise,0.17767767767767767,denseweight,2.285735639354432,2.8889940530501304,2472.5622755907616,2.9653897435550998,3363.949149854953
noise,0.17792792792792791,relevance,2.274472639115833,2.926008593160319,2536.312984602792,3.0241470153325243,3429.3323579464877
noise,0.17792792792792791,denseweight,2.2903634136428788,2.9178309812578562,2522.290038018763,2.981008440660089,3368.3510988144076
noise,0.1781781781781782,relevance,2.259276542598057,2.900207795664576,2492.2664246074837,2.991004172935055,3338.8076267922315
noise,0.1781781781781782,denseweight,2.312901868263744,2.97084516183142,2614.9501081044773,3.024323464645339,3469.076224387543
noise,0.17842842842842843,relevance,2.253397417739932,2.902191663550788,2495.5469361637247,2.987866200375802,3334.2036373818114
noise,0.17842842842842843,denseweight,2.3072347889041396,2.9401653317114596,2560.8952447972015,2.993457771291391,3426.413607788839
noise,0.17867867867867868,relevance,2.2615010107559854,2.8888633177524654,2472.7068969257,2.9794334971829812,3332.4221181876114
noise,0.17867867867867868,denseweight,2.2822187605692124,2.90686487611183,2503.3234924275475,2.9774695321885902,3364.9964553361992
noise,0.17892892892892892,relevance,2.2662157467803596,2.8871263388263677,2469.595378276325,2.9598867457928453,3286.32112968722
noise,0.17892892892892892,denseweight,2.305579823781703,2.9401025479858696,2561.1915483465214,3.007109779798101,3445.7686896216806
noise,0.17917917917917917,relevance,2.233929610831207,2.884758742045868,2465.8653741347152,2.9683575470457018,3311.3463713056112
noise,0.17917917917917917,denseweight,2.270936639313169,2.874857136710129,2448.7952943256532,2.931834630532775,3304.353427239318
noise,0.17942942942942944,relevance,2.257360940782678,2.8829142747371876,2462.743776437193,2.967487201413209,3309.756626875923
noise,0.17942942942942944,denseweight,2.2990908226467117,2.9258414183079706,2536.147188934999,2.9961020834356886,3411.8484922396974
noise,0.17967967967967968,relevance,2.26532118228054,2.8858481180241444,2467.737528243697,2.972691046435477,3327.4936786202725
noise,0.17967967967967968,denseweight,2.273769267432524,2.9188609120241806,2524.0649028163452,2.9823110495522944,3365.811988484467
noise,0.17992992992992993,relevance,2.2465493430187413,2.8747736860025976,2448.69520088232,2.966118424615346,3313.937496574731
noise,0.17992992992992993,denseweight,2.3139425661142146,2.9476360682694733,2574.0802977727813,3.0204678120094863,3460.347966216756
noise,0.18018018018018017,relevance,2.258226055362623,2.888175177601579,2471.218200571279,2.980259921163945,3356.847193626692
noise,0.18018018018018017,denseweight,2.2977855468424,2.941012083318416,2562.7272220834093,3.0030383896051145,3439.8798082529524
noise,0.18043043043043042,relevance,2.2648035838986194,2.856360231516707,2416.95927116245,2.945094032005113,3280.294702802556
noise,0.18043043043043042,denseweight,2.2911198744301564,2.954726092293152,2586.4809290235703,3.016361227081982,3421.3500896462137
noise,0.1806806806806807,relevance,2.2431139186274778,2.834309671737654,2380.4018660023794,2.9270134414723277,3251.9128917230423
noise,0.1806806806806807,denseweight,2.318380087141304,2.959244170446315,2594.6754353285564,3.0193226757723397,3471.9027338515466
noise,0.18093093093093093,relevance,2.2532789708388203,2.868476314322271,2438.125983103407,2.9621747629301254,3299.415561998314
noise,0.18093093093093093,denseweight,2.2920793448893124,2.9706053708805875,2614.595143862295,3.030283973250389,3447.052944451329
noise,0.18118118118118118,relevance,2.2724865195790227,2.9018729978403037,2495.2059936827422,2.991433341430171,3405.156030054886
noise,0.18118118118118118,denseweight,2.336038831331044,2.977894887563935,2627.366719708472,3.0421390746061223,3537.963043717014
noise,0.18143143143143142,relevance,2.2599322006320492,2.8763353276873653,2451.30396661503,2.9664583466690235,3304.901195967197
noise,0.18143143143143142,denseweight,2.3136366680103557,2.945933410500681,2571.19881033535,3.0146782810726895,3445.0747333767595
noise,0.18168168168168167,relevance,2.2310911852744697,2.8668854758804825,2435.248873792999,2.9572211230203913,3270.797290412468
noise,0.18168168168168167,denseweight,2.3065478819477883,2.962289580541102,2599.668881568702,3.0220592887426747,3460.617648333814
noise,0.18193193193193194,relevance,2.278508259019981,2.8905368023578193,2475.5789603593166,2.9906228778820125,3373.0770849315177
noise,0.18193193193193194,denseweight,2.3320879395263074,2.9742231821373086,2620.8580420422204,3.0376667827515695,3511.7857558364767
noise,0.18218218218218218,relevance,2.2767799129848965,2.9305886091948055,2544.8617224984314,3.025702485729862,3421.502325932943
noise,0.18218218218218218,denseweight,2.3037527665104194,2.9372127615889654,2555.988201447828,2.9973320038633218,3417.420031166167
noise,0.18243243243243243,relevance,2.283424866082483,2.9380550468148945,2557.4359232321535,3.0319942420744934,3434.213485992263
noise,0.18243243243243243,denseweight,2.3065797253304727,2.9326053536938677,2548.2274929141586,3.006194460576993,3441.3822822955626
noise,0.18268268268268267,relevance,2.2744567135742755,2.88716512755619,2469.709860490948,2.970693311354751,3320.709968095181
noise,0.18268268268268267,denseweight,2.3047989206166357,2.9489150195602485,2576.369434679592,3.0133262172884776,3471.74384862196
noise,0.18293293293293292,relevance,2.246854104930343,2.895657246183868,2484.2640386031444,2.975351870091632,3300.58390722916
noise,0.18293293293293292,denseweight,2.249114812189955,2.876606447340938,2451.62259726536,2.944137351529841,3270.708352310342
noise,0.1831831831831832,relevance,2.2789528368966985,2.940443481901806,2561.705728406375,3.0254963463755105,3427.37288710754
noise,0.1831831831831832,denseweight,2.272657492098694,2.897391691924192,2487.1271494949356,2.9634478629930223,3362.1641805737518
noise,0.18343343343343343,relevance,2.240182777913702,2.879201129122854,2455.9496792957802,2.972976643381967,3304.543290754284
noise,0.18343343343343343,denseweight,2.2857130144389686,2.910347465588698,2509.548394953376,2.982000266659936,3369.526372164497
noise,0.18368368368368368,relevance,2.307324816380327,2.9125621734535247,2513.9393627770705,3.0199307264942137,3427.879520287002
noise,0.18368368368368368,denseweight,2.2977420736046956,2.9597216066729954,2595.5369132447295,3.019471924326246,3451.4336441619917
noise,0.18393393393393392,relevance,2.2751353315041003,2.903689329007321,2498.4708324284734,2.982736015474978,3356.1595303490913
noise,0.18393393393393392,denseweight,2.3259085098562573,2.941738459390484,2563.9417254996965,3.01161272994914,3474.593719831198
noise,0.1841841841841842,relevance,2.272402614852769,2.900363505766752,2492.6422191450606,2.999176743364067,3375.678614050472
noise,0.1841841841841842,denseweight,2.3161524989506406,2.9302070378662677,2543.827216946818,3.003277024360331,3446.239542436202
noise,0.18443443443443444,relevance,2.2702598174516067,2.9306238236655076,2544.440414294543,3.012198263442566,3390.5097602573305
noise,0.18443443443443444,denseweight,2.2965057935359217,2.933112791407173,2549.1376012126,2.99121572941157,3431.812440750825
noise,0.18468468468468469,relevance,2.2787764404093767,2.8974239352312634,2486.9001191629236,2.9861658820894412,3365.561056818634
noise,0.18468468468468469,denseweight,2.311728257719891,2.9442176619278024,2568.3223969854243,3.0155105295889792,3444.3732191760255
noise,0.18493493493493493,relevance,2.265592999208696,2.914063334380463,2516.415207079971,3.0090559418445024,3364.8699683305495
noise,0.18493493493493493,denseweight,2.2761043910035372,2.88528315948459,2466.293413766121,2.9625627582492515,3334.2850882539933
noise,0.18518518518518517,relevance,2.2461314567860566,2.882193006631363,2461.3700416379775,2.97700185598904,3311.3496555955526
noise,0.18518518518518517,denseweight,2.2857581831082303,2.925745082777933,2536.053790370771,2.991659475682856,3388.946469128089
noise,0.18543543543543545,relevance,2.285691101336795,2.911309390330084,2510.943927289497,3.006104630211165,3388.1743495207716
noise,0.18543543543543545,denseweight,2.3139809115225445,2.9380087968090187,2557.367918715161,3.0016199865098385,3466.914238955838
noise,0.1856856856856857,relevance,2.233664178253721,2.8587767024761304,2421.4195641669116,2.9538236356962284,3290.092444327105
noise,0.1856856856856857,denseweight,2.2983528200888177,2.957286372015562,2590.9499069422113,3.0127451576835127,3432.2394118348625
noise,0.18593593593593594,relevance,2.2599245550058007,2.8582186368166647,2420.461163168016,2.9434626530125763,3278.0013844257705
noise,0.18593593593593594,denseweight,2.290660991951353,2.9136127432662153,2514.921962649765,2.975107195310099,3358.4936223071604
noise,0.18618618618618618,relevance,2.268955813332561,2.884603905209905,2465.6208771952183,2.9738844980532213,3334.0238201448847
noise,0.18618618618618618,denseweight,2.3010909796660726,2.950581196220924,2579.403742387742,3.007660556186321,3439.5615818122787
noise,0.18643643643643643,relevance,2.2571503061134006,2.8870098420544945,2469.48501191357,2.9827763308826665,3334.3339938066815
noise,0.18643643643643643,denseweight,2.3221332614389114,2.9430206445806646,2566.2097534957766,3.0082390194691406,3466.813487082718
noise,0.1866866866866867,relevance,2.2886451502078575,2.9325793095382506,2548.2753784581305,3.0225145552971613,3426.226784186207
noise,0.1866866866866867,denseweight,2.282727413493482,2.9243352906423525,2533.662752516526,2.981816254615299,3381.012410256659
noise,0.18693693693693694,relevance,2.293566531855045,2.9217012187168274,2529.4459753508063,3.0178169709517113,3431.7579235101075
noise,0.18693693693693694,denseweight,2.2698494993249443,2.8893354788305263,2473.1090543406776,2.9545906022370554,3297.046920707789
noise,0.1871871871871872,relevance,2.2694818500547633,2.8746170705141574,2448.5787661105087,2.9676150194783806,3303.161237846949
noise,0.1871871871871872,denseweight,2.2716674931544696,2.904095551631227,2499.009809729335,2.9649909930545513,3353.156322206076
noise,0.18743743743743743,relevance,2.2756152552286615,2.873989024872917,2447.4312126355726,2.9690589190398837,3317.9169263423337
noise,0.18743743743743743,denseweight,2.314001014480655,2.9498812940023713,2578.0068101388047,3.0200296809599974,3449.0620294926084
noise,0.18768768768768768,relevance,2.2668200476134506,2.897784384346265,2487.8860871672778,2.9826605311938685,3338.23271188683
noise,0.18768768768768768,denseweight,2.2982692754922853,2.9265433237346645,2537.328278085495,2.998054011537585,3406.11371793627
noise,0.18793793793793795,relevance,2.234393041321346,2.837814702967048,2386.104665798372,2.916045758754704,3209.8293469597766
noise,0.18793793793793795,denseweight,2.292621648270746,2.9022084164308297,2495.141529323598,2.9861283108217567,3394.8845517754226
noise,0.1881881881881882,relevance,2.2741039999393404,2.902558528421217,2496.2284854215754,2.9931744403193137,3349.154732291158
noise,0.1881881881881882,denseweight,2.274404898448869,2.9096586310800565,2508.42307903347,2.973877829545224,3357.4287249926438
noise,0.18843843843843844,relevance,2.2678614525302017,2.8806528581356514,2458.8307777157347,2.977323120150028,3313.526840004766
noise,0.18843843843843844,denseweight,2.2957592361541295,2.9444300790679057,2568.785503018715,3.0114022890039136,3440.386151605946
noise,0.18868868868868868,relevance,2.3018705648567614,2.9235820623608335,2532.42153436389,3.0092682064395744,3416.689602827833
noise,0.18868868868868868,denseweight,2.276638593402331,2.8650051464156947,2431.949029034637,2.931251721521988,3283.395952792945
noise,0.18893893893893893,relevance,2.2885699482217836,2.9005725162688774,2492.555613621326,3.0020058307837187,3399.4398513711876
noise,0.18893893893893893,denseweight,2.2862343837304766,2.946075735448394,2571.7938554499246,3.0013593591567607,3409.774673957915
noise,0.1891891891891892,relevance,2.280152783409258,2.9230939768471385,2531.864782708083,3.0073734178577367,3411.6519903445437
noise,0.1891891891891892,denseweight,2.2907363090906343,2.9194719125795605,2525.4937046241635,2.9914583296976183,3413.5634483427702
noise,0.18943943943943944,relevance,2.252182450180595,2.8430973352767652,2395.0415938721076,2.931490561434822,3263.7870686530828
noise,0.18943943943943944,denseweight,2.280003917794386,2.896462218706931,2485.5213685951207,2.9710031601801976,3361.476225079341
noise,0.1896896896896897,relevance,2.2551280475652797,2.8788292027513815,2455.9703844584556,2.9747574161418897,3324.086858674294
noise,0.1896896896896897,denseweight,2.321921881457512,2.965812831058693,2606.025530265915,3.0265112130495004,3479.0910993575167
noise,0.18993993993993993,relevance,2.2875321814890826,2.936082714017051,2553.9905545572774,3.033286582931679,3426.6484365222327
noise,0.18993993993993993,denseweight,2.3078623673145007,2.9450362051020504,2569.5909604586386,3.0102418066300625,3441.296267099135
noise,0.19019019019019018,relevance,2.2595601295789716,2.858286553540674,2420.65584194878,2.9552558917404426,3280.234907107576
noise,0.19019019019019018,denseweight,2.293099616453429,2.9273536453108826,2539.1252344267186,2.9906716498541703,3400.700479915302
noise,0.19044044044044045,relevance,2.2537626859637734,2.8746011855270073,2448.389820559116,2.9626719085776174,3280.3123464316495
noise,0.19044044044044045,denseweight,2.309844124440094,2.965916301300298,2606.223174939146,3.025793727860994,3467.1323717894998
noise,0.1906906906906907,relevance,2.2571748967024683,2.863302628269097,2429.121559127541,2.970499411817549,3320.733686315022
noise,0.1906906906906907,denseweight,2.3118333944854093,2.957513337544091,2591.7267822545255,3.0172278463025832,3463.8201943955955
noise,0.19094094094094094,relevance,2.2597298673964192,2.8735300661069103,2446.4224054251345,2.9608060718896025,3310.6548511510287
noise,0.19094094094094094,denseweight,2.298886710697452,2.939848214599252,2560.4202209852756,3.0036338314816375,3425.9844673965554
noise,0.19119119119119118,relevance,2.280801354564043,2.903872443361983,2498.501501177978,2.991929101919355,3368.377153615686
noise,0.19119119119119118,denseweight,2.3071416539814065,2.9671638933410533,2608.175156304277,3.0222102877060424,3432.328371929988
noise,0.19144144144144143,relevance,2.285665798581306,2.9233045300849536,2532.0871920301497,3.012093065667097,3388.1251330339473
noise,0.19144144144144143,denseweight,2.292562682905166,2.898047069162367,2488.2937671750265,2.9694443378775297,3376.3270463914305
noise,0.1916916916916917,relevance,2.255013972875735,2.858607409367107,2421.134015584742,2.9488127905975188,3274.307924862478
noise,0.1916916916916917,denseweight,2.3092344047905535,2.9644869543684886,2603.6967969422612,3.019533412748773,3465.408438828571
noise,0.19194194194194195,relevance,2.261596526557503,2.907045782032052,2504.007096645436,3.0046174527227714,3374.4033837640136
noise,0.19194194194194195,denseweight,2.3222870941841176,2.9568932201078617,2590.1353353857435,3.0206925638093995,3481.2256342985734
noise,0.1921921921921922,relevance,2.271371998954512,2.876082615605754,2450.470533633498,2.965908387932112,3309.197470052191
noise,0.1921921921921922,denseweight,2.270621236494588,2.8781231756568557,2454.3112479375227,2.94541942151346,3315.4866723465884
noise,0.19244244244244244,relevance,2.2439688053990428,2.8654297011130567,2432.7002933655735,2.9538775863160196,3263.2306317151706
noise,0.19244244244244244,denseweight,2.3084480000166674,2.9455590511785883,2570.6326808117606,3.0068430370208064,3428.6725550816327
noise,0.19269269269269268,relevance,2.254810967037924,2.885415450568794,2466.88246268339,2.970218916913259,3296.5505354499705
noise,0.19269269269269268,denseweight,2.2977788241348973,2.9095017957215625,2508.243433622058,2.9863446242387903,3392.846269782808
noise,0.19294294294294295,relevance,2.301639385472016,2.926899344134581,2538.2955486438145,3.0262857333636757,3430.4534762164085
noise,0.19294294294294295,denseweight,2.2954818350218833,2.9272791006756305,2538.609004665382,2.9870429086511066,3384.2022975986115
noise,0.1931931931931932,relevance,2.2835036695998365,2.919795896658552,2526.178774106383,3.002831933612435,3399.8516541530375
noise,0.1931931931931932,denseweight,2.2800151818667063,2.8923520375848333,2478.2409293477417,2.9646596994284597,3329.6453682445663
noise,0.19344344344344344,relevance,2.283889593317073,2.964577701178315,2603.9781258467942,3.044927455050918,3439.5043699140037
noise,0.19344344344344344,denseweight,2.2738668415493493,2.8946887380921926,2482.6274186979963,2.9599590855731788,3322.84588673082
noise,0.19369369369369369,relevance,2.2783160266418983,2.945406949303961,2570.2394116419514,3.0265541405597602,3401.591248317322
noise,0.19369369369369369,denseweight,2.3080012340612024,2.9338902280140005,2550.2174894684636,3.000994834254102,3418.926206285154
noise,0.19394394394394393,relevance,2.2714343627646603,2.8978555334875535,2488.211690194189,2.985452000825332,3356.2179689167674
noise,0.19394394394394393,denseweight,2.2955808496338914,2.9303693653509,2544.0601432182657,2.988170986472131,3414.0159494484924
noise,0.1941941941941942,relevance,2.2600765486290726,2.8997437738946887,2491.5226560307697,2.9822566547056835,3339.1197211613335
noise,0.1941941941941942,denseweight,2.301447630001159,2.9347285274283665,2551.4507365516292,3.0021922516041983,3417.4127556918643
noise,0.19444444444444445,relevance,2.2741840152866426,2.897889292231797,2487.806018852246,2.9895636956679565,3367.015626177534
noise,0.19444444444444445,denseweight,2.275827520541428,2.913983827902032,2515.8225072273117,2.9649824732824968,3352.067618493977
noise,0.1946946946946947,relevance,2.2737021053928426,2.9422208542105843,2564.7201684915976,3.0401824830343265,3442.863037335403
noise,0.1946946946946947,denseweight,2.294729162723559,2.933797921234786,2549.833496928322,3.016130446631863,3414.640835828069
noise,0.19494494494494494,relevance,2.2545248310771293,2.8805764728492855,2458.4141707531517,2.9655893099238035,3296.0442794879446
noise,0.19494494494494494,denseweight,2.255665069267983,2.871436050124588,2442.852989499199,2.933820196902424,3270.6609334729014
noise,0.19519519519519518,relevance,2.2841243467501973,2.9141557852660576,2516.1484786694296,2.998813485200547,3390.9092971410278
noise,0.19519519519519518,denseweight,2.3018296525235242,2.928193213552696,2540.5609715704522,2.995245611577543,3420.022385304683
noise,0.19544544544544545,relevance,2.2528550009409005,2.8657844612003927,2433.376490440447,2.9577195693475025,3292.2502604739802
noise,0.19544544544544545,denseweight,2.284116713988001,2.9165372415411612,2519.798119033179,2.977817495607847,3362.5425740734836
noise,0.1956956956956957,relevance,2.2875543423250972,2.880271716696555,2458.046600017926,2.9524279431083564,3319.187114635662
noise,0.1956956956956957,denseweight,2.313586278247835,2.9453535476026143,2570.291838280343,3.016276555978867,3457.222936472461
noise,0.19594594594594594,relevance,2.287997409287759,2.902674070912016,2496.526654923732,2.984678976613209,3354.2056798143803
noise,0.19594594594594594,denseweight,2.3075183154872687,2.942781513885617,2565.970082837576,3.0027897709066247,3457.6469823016328
noise,0.1961961961961962,relevance,2.2783522042771014,2.8793669462477145,2456.2395314708656,2.9806585092404543,3359.2525126426626
noise,0.1961961961961962,denseweight,2.281426987729394,2.931702384255577,2546.5746171480546,2.995794088325074,3397.8879291404023
noise,0.19644644644644643,relevance,2.291253214238928,2.9409641568076874,2562.470341457739,3.0423390704787896,3468.37623075633
noise,0.19644644644644643,denseweight,2.2656892794690324,2.907651719563738,2505.0189526537174,2.9888287677984433,3385.6296930904937
noise,0.1966966966966967,relevance,2.2594815371981074,2.9236709617904415,2532.5654401125585,3.005072454200093,3364.4241898229766
noise,0.1966966966966967,denseweight,2.272596757185909,2.9081612394341505,2505.448219210082,2.9774981036113197,3356.707857668226
noise,0.19694694694694695,relevance,2.295504292342183,2.949933855598884,2577.7407759645153,3.0393205698681744,3450.67445964669
noise,0.19694694694694695,denseweight,2.268125966289581,2.9051569297080557,2500.494178376621,2.9594977294766993,3342.6695781092267
noise,0.1971971971971972,relevance,2.230466140069709,2.860988033108712,2425.1096693025725,2.947252895503965,3261.4926723594385
noise,0.1971971971971972,denseweight,2.298936502077689,2.9558738704562306,2588.6064392344056,3.029294804680496,3460.668163176073
noise,0.19744744744744744,relevance,2.26625223958719,2.8558246871256934,2416.322913872381,2.942412884536875,3287.587627796744
noise,0.19744744744744744,denseweight,2.2890605213724036,2.920255165370603,2526.6282433614056,2.973545496889869,3390.065387428182
noise,0.19769769769769768,relevance,2.2709847697155063,2.923161998858714,2531.6706525052705,3.007090642664744,3388.9409934437163
noise,0.19769769769769768,denseweight,2.294476493212528,2.914752854721877,2517.2121516347033,2.984306736164566,3376.3934342172174
noise,0.19794794794794796,relevance,2.2404166813508426,2.859203416662312,2422.0911533691324,2.945604771036783,3265.682887491693
noise,0.19794794794794796,denseweight,2.2950507856607096,2.910089490428685,2509.0952324422005,2.983363562555488,3395.972670514772
noise,0.1981981981981982,relevance,2.244770061746859,2.8576783006278226,2419.6515533306524,2.949077317636751,3275.2533886690276
noise,0.1981981981981982,denseweight,2.2706133173058034,2.9293999424304604,2542.482881356527,2.9933291114511764,3373.866054490984
noise,0.19844844844844844,relevance,2.230363901378562,2.8874183367346373,2469.9982468723756,2.9712296669707565,3276.520338687637
noise,0.19844844844844844,denseweight,2.2854862834353216,2.9335474361924523,2549.4733971170367,2.994820868415037,3383.467203691426
noise,0.1986986986986987,relevance,2.2611216829633367,2.882457359855782,2461.9455142142024,2.9767695070806184,3334.9777616264355
noise,0.1986986986986987,denseweight,2.274123948868287,2.9065296605879953,2502.853751970312,2.9760205798271886,3342.9807801553316
noise,0.19894894894894893,relevance,2.2788665399218684,2.928343020094776,2540.5964295098443,3.018292969089221,3414.5786753760663
noise,0.19894894894894893,denseweight,2.302320187539314,2.9192538195070443,2525.0067680421557,2.985350649798127,3399.8398027155076
noise,0.1991991991991992,relevance,2.3039170532710367,2.9276866801618944,2539.9098969895535,3.02331276403541,3465.271662290062
noise,0.1991991991991992,denseweight,2.28722339814722,2.9415398928643417,2563.603108668381,3.0034489275363714,3417.50299227614
noise,0.19944944944944945,relevance,2.2920252357546467,2.9026553653057316,2496.3929220497453,2.996766426865092,3383.4319765166156
noise,0.19944944944944945,denseweight,2.3037320756713515,2.9230516706882517,2531.2990232627058,3.0016480732618867,3439.238606008707
noise,0.1996996996996997,relevance,2.261201448189319,2.8927303619297033,2479.6060146732166,2.9706531517418684,3316.8016953081174
noise,0.1996996996996997,denseweight,2.336912006485571,2.971729564314795,2616.199487659404,3.038742115834626,3538.4037392492232
noise,0.19994994994994994,relevance,2.2752110845796585,2.928553601149414,2541.0755253517355,3.0167906912848257,3395.017704835511
noise,0.19994994994994994,denseweight,2.2946710333438713,2.9139463232441254,2515.5760236195674,2.9731043252483973,3366.66448450172
noise,0.20020020020020018,relevance,2.2670145018034664,2.8877592933417815,2470.6137364825463,2.9743451642911585,3329.1695744248673
noise,0.20020020020020018,denseweight,2.299299769265483,2.9237986806153278,2532.543223892597,2.9883532624891895,3393.9245569963514
noise,0.20045045045045046,relevance,2.2809958049131103,2.9333205079501368,2549.1163140142994,3.0135349055564093,3400.515584099855
noise,0.20045045045045046,denseweight,2.2990547518507136,2.9421453672704003,2564.61837415713,3.0163774922153763,3451.783182304825
noise,0.2007007007007007,relevance,2.305416696300822,2.906530416905847,2502.756216893052,3.0045494660298258,3397.6603976548367
noise,0.2007007007007007,denseweight,2.2784013326942336,2.922425740886848,2530.425555261671,2.982625206737214,3378.166547186418
noise,0.20095095095095095,relevance,2.2987433966003685,2.8759659346976205,2450.761064916177,2.9673327335979325,3361.7439646787107
noise,0.20095095095095095,denseweight,2.298444161320268,2.9402793081224106,2561.3284594801435,2.993849620292276,3418.2656506341086
noise,0.2012012012012012,relevance,2.2936093488322404,2.9125813196398673,2513.4296314222556,3.0016244808156642,3392.440051507867
noise,0.2012012012012012,denseweight,2.3059673490038075,2.9497393702820762,2577.659176899951,3.0198049145235113,3434.248387709106
noise,0.20145145145145146,relevance,2.268541670683359,2.916389587204305,2520.1152712106095,2.997519085386951,3367.6543536088366
noise,0.20145145145145146,denseweight,2.316526254798481,2.957745106797529,2591.8610586823356,3.0236245171819527,3477.6024088892673
noise,0.2017017017017017,relevance,2.2570797604001878,2.912004925258072,2512.4023587127185,3.002481595219963,3367.1014841508313
noise,0.2017017017017017,denseweight,2.2959306443744176,2.9231353470283588,2531.6241896511815,2.9986748068296665,3390.403475574488
noise,0.20195195195195195,relevance,2.3083505126364696,2.946230712612359,2571.7532882551545,3.024280366915953,3434.0510496931934
noise,0.20195195195195195,denseweight,2.2887412309823474,2.911199343898659,2510.6412530443886,2.9807765836142845,3366.418232900612
noise,0.2022022022022022,relevance,2.2441704583648376,2.8717963044508323,2443.551251699267,2.966123992019272,3284.425212384084
noise,0.2022022022022022,denseweight,2.263212279312569,2.893177366264731,2479.8675746958957,2.9559233693855322,3299.4896120517283
noise,0.20245245245245244,relevance,2.241065550101187,2.8524543722732933,2410.671490854272,2.942119850721067,3267.356495387748
noise,0.20245245245245244,denseweight,2.2852427582014725,2.92682153337408,2538.137824494241,2.975890471511461,3373.92065356037
noise,0.20270270270270271,relevance,2.2653430371379857,2.8975555052697564,2487.644459864097,2.9873523352152587,3356.3718035482602
noise,0.20270270270270271,denseweight,2.3060531387523344,2.9488363658010535,2576.1342286392623,3.023566645330611,3460.4212491641065
noise,0.20295295295295296,relevance,2.258653205837127,2.876328828100149,2451.0734730939957,2.9593988463655503,3282.6493991133866
noise,0.20295295295295296,denseweight,2.270125103936287,2.925559391742497,2535.743280081761,2.9903953675145747,3347.816383103588
noise,0.2032032032032032,relevance,2.271509437309669,2.907494057617839,2504.744602802896,2.988685842428546,3353.98022359947
noise,0.2032032032032032,denseweight,2.3030549891072174,2.9204455036782884,2526.840851115386,2.9895015173291846,3405.0536202471003
noise,0.20345345345345345,relevance,2.2699970641934573,2.874024682856413,2447.27837542068,2.965176772579655,3308.3829434427585
noise,0.20345345345345345,denseweight,2.3046999735909917,2.955971501185183,2589.018877543525,3.019759118554862,3448.250394548956
noise,0.2037037037037037,relevance,2.2667910136010674,2.887451588112722,2470.2949364826018,2.974775319284353,3334.178926463876
noise,0.2037037037037037,denseweight,2.281650442573076,2.9094070942790085,2507.6194328189,2.964910873014214,3360.2016851252906
noise,0.20395395395395396,relevance,2.268571100161635,2.881110336454815,2459.8869057044367,2.9714196792476604,3334.860946993042
noise,0.20395395395395396,denseweight,2.321351295267891,2.945547142874898,2570.4895524411636,3.017392784897704,3473.5445450471357
noise,0.2042042042042042,relevance,2.300128190035816,2.919199553666614,2524.8634216862542,3.0111672188229996,3412.1510527429123
noise,0.2042042042042042,denseweight,2.2856895041911676,2.924460274686259,2533.981746017028,2.9907733025773493,3391.426901549554
noise,0.20445445445445445,relevance,2.2481644190665264,2.9189805048634536,2524.378055609555,3.0042697831857814,3369.298051727332
noise,0.20445445445445445,denseweight,2.3128736007947466,2.969814092720613,2613.1229986327353,3.0162994893121673,3460.4158840213663
noise,0.2047047047047047,relevance,2.27384832810225,2.9095649348449073,2508.551395069091,2.999707699158356,3361.150519931627
noise,0.2047047047047047,denseweight,2.3120238135869835,2.98618245400918,2642.107677086829,3.041086655153725,3490.2252349092546
noise,0.20495495495495494,relevance,2.2674973247685544,2.9138641241966496,2515.705522216198,3.0081266317725066,3376.161783635999
noise,0.20495495495495494,denseweight,2.282734263634721,2.9265602911671387,2537.5499628740945,2.9877504149346024,3385.1715477809726
noise,0.20520520520520522,relevance,2.253928299629874,2.872857331990624,2445.442049027237,2.9582275044436384,3304.252017087637
noise,0.20520520520520522,denseweight,2.2961225290617846,2.924023758065126,2533.3617993971134,2.9930154087647303,3414.712568741932
noise,0.20545545545545546,relevance,2.274733028110844,2.9375193719287704,2556.5869955428057,3.0144821706547376,3375.853253160943
noise,0.20545545545545546,denseweight,2.300689284091567,2.940018899606663,2561.0647315905335,2.998709078898517,3407.166406291901
noise,0.2057057057057057,relevance,2.2972501058601926,2.9228807672107333,2531.204360416748,3.021923056581484,3438.1420645800604
noise,0.2057057057057057,denseweight,2.3102854298308313,2.9419829069768744,2564.3952427450226,3.004072527533323,3436.1773476152366
noise,0.20595595595595595,relevance,2.261876763155403,2.889668071232471,2474.249412905716,2.980939869037999,3338.270051387465
noise,0.20595595595595595,denseweight,2.293230659206848,2.940023251554347,2561.0909067243024,2.997855079875205,3421.3919639384294
noise,0.2062062062062062,relevance,2.2841107624611325,2.8623723978622215,2427.4522388056566,2.9634364036952254,3330.178418964594
noise,0.2062062062062062,denseweight,2.2862615569046194,2.9414958136405605,2563.498898172993,3.006006815416753,3424.2656603712303
noise,0.20645645645645647,relevance,2.262154476087514,2.9400976075957077,2560.976219762868,3.0186869674895274,3393.7420632618255
noise,0.20645645645645647,denseweight,2.3108058184438387,2.9528664016988633,2583.273044702399,3.023150224410995,3462.8267198816125
noise,0.2067067067067067,relevance,2.2713284888385794,2.9288249123113754,2541.677394847189,3.015213957917734,3396.4248747330366
noise,0.2067067067067067,denseweight,2.264400591417642,2.890839788543263,2475.935341119424,2.9609086495774473,3331.882016030686
noise,0.20695695695695696,relevance,2.285030688462826,2.911130830376312,2510.9320712071503,3.010101003905403,3414.3292160711244
noise,0.20695695695695696,denseweight,2.293037536830073,2.954512596050867,2586.619091214983,3.0061761791110415,3453.449344213248
noise,0.2072072072072072,relevance,2.3110880905881324,2.918717223461317,2524.368645104619,3.0111061462293036,3403.1508040548133
noise,0.2072072072072072,denseweight,2.325935263168829,2.960051755810704,2595.9020671377257,3.01398915378929,3464.925805598982
noise,0.20745745745745744,relevance,2.255728507486212,2.9014499381653587,2494.1444131261305,2.9770349943449856,3312.7797055325946
noise,0.20745745745745744,denseweight,2.264579451495672,2.8827211358724494,2462.2491903880614,2.9440178661408503,3301.0346093493117
noise,0.20770770770770772,relevance,2.2443738131421735,2.8760439265474482,2450.633552598658,2.963418487104298,3279.746356983849
noise,0.20770770770770772,denseweight,2.2868574615885975,2.9196342154458668,2525.5188150787244,2.9717459725766293,3374.601982516249
noise,0.20795795795795796,relevance,2.263907476234573,2.875459999090812,2450.3095259486063,2.9728694163980838,3322.3709083817257
noise,0.20795795795795796,denseweight,2.3091931675717814,2.9511515560546333,2580.357818119482,3.014398382785578,3453.845220763566
noise,0.2082082082082082,relevance,2.2739342910685147,2.8610837690293978,2425.6277345095727,2.9652862473619663,3312.7109984878066
noise,0.2082082082082082,denseweight,2.29226454899419,2.887569669938477,2470.1417016051087,2.96408089481322,3343.5513388984273
noise,0.20845845845845845,relevance,2.283318202882689,2.9240494155031196,2533.168415570312,3.0075493743427995,3395.3416620353196
noise,0.20845845845845845,denseweight,2.292312095374917,2.9206305413683413,2526.9860062068637,2.9882174446790115,3394.914479313404
noise,0.2087087087087087,relevance,2.2689171465943567,2.898194398141869,2488.8457803250208,2.9918589139447804,3377.4620245322744
noise,0.2087087087087087,denseweight,2.30730516624153,2.945869239534686,2571.200014887997,3.010938661959389,3453.788679733823
noise,0.20895895895895897,relevance,2.237841647379009,2.853664533137784,2412.912563443228,2.94696125732513,3269.216407362883
noise,0.20895895895895897,denseweight,2.2729795632056575,2.9152195235015266,2517.826638548406,2.9845853852810285,3369.7910862134727
noise,0.2092092092092092,relevance,2.241376958422119,2.8488479134345894,2404.5418630403065,2.9309537418816447,3245.1459936018846
noise,0.2092092092092092,denseweight,2.301940573795137,2.96589733900044,2606.3726464820793,3.0341989092793726,3455.406310190599
noise,0.20945945945945946,relevance,2.260391702313344,2.868008570216916,2436.9831207412553,2.9526714910215355,3303.4096996307185
noise,0.20945945945945946,denseweight,2.284531193615927,2.929332379091398,2542.578031999172,2.9996569893199174,3422.71766756601
noise,0.2097097097097097,relevance,2.262622061902485,2.9064934130867313,2503.031474649909,2.990720400431044,3334.970010402659
noise,0.2097097097097097,denseweight,2.2683815938192615,2.8937042768472456,2480.866517263776,2.9600325813242776,3328.2053684869516
noise,0.20995995995995995,relevance,2.287571092631642,2.9309273416994515,2545.4315348640716,3.019743636605749,3406.9606750956877
noise,0.20995995995995995,denseweight,2.3079354724266024,2.9448777666183252,2569.1939325368576,3.027552421042484,3479.1926593976423
noise,0.21021021021021022,relevance,2.2758657965808236,2.911683799968959,2512.0067418518756,3.0078307419117065,3379.94443549702
noise,0.21021021021021022,denseweight,2.2915265174614854,2.9384637896352666,2558.390339575771,3.0045604363945997,3434.83144502531
noise,0.21046046046046046,relevance,2.2692030673043737,2.8793523740078566,2456.3734146027277,2.9678908465313354,3316.2578821547113
noise,0.21046046046046046,denseweight,2.307261623607532,2.940165024088844,2560.847092060961,3.011043363368112,3434.9687753523112
noise,0.2107107107107107,relevance,2.245204633877974,2.8780377788567706,2453.6787841939386,2.9613920021720954,3290.577164392365
noise,0.2107107107107107,denseweight,2.264616573765769,2.8829421886376165,2462.627006816612,2.9554153681288,3321.5757356470845
noise,0.21096096096096095,relevance,2.2672288761539843,2.9286725411964585,2541.4854591117196,3.0084176754979834,3382.060571629721
noise,0.21096096096096095,denseweight,2.3065395570751046,2.94203346787223,2564.5823061803007,2.9984175444099437,3424.169818915702
noise,0.2112112112112112,relevance,2.295249826106595,2.9220967334488734,2529.9403445802986,3.018653962819539,3440.070227233039
noise,0.2112112112112112,denseweight,2.316709984629986,2.9480268919036106,2574.721780577764,3.007537565535856,3457.7999657125583
noise,0.21146146146146147,relevance,2.248761100511571,2.874408321326713,2448.199279233758,2.960799430257352,3289.6798652987595
noise,0.21146146146146147,denseweight,2.289225483838269,2.9230917504851672,2531.6557868520185,2.977732493152204,3397.6055772223726
noise,0.21171171171171171,relevance,2.2746609875224797,2.92990926760626,2543.380939610818,3.0240382864650845,3411.5871750605284
noise,0.21171171171171171,denseweight,2.3093661871032283,2.941143033515339,2563.027024587494,3.011119952241544,3438.8918712675904
noise,0.21196196196196196,relevance,2.2450363163049785,2.877912490875988,2454.1239563237405,2.9663483572874596,3306.063159580446
noise,0.21196196196196196,denseweight,2.2976395740673747,2.9393136578756476,2559.3562303269805,3.0156161675718614,3424.8690278300464
noise,0.2122122122122122,relevance,2.281532463724028,2.91993463884083,2526.04211385287,3.0080127004074897,3375.69926479996
noise,0.2122122122122122,denseweight,2.3050799843347773,2.953787532343629,2584.9551923976123,3.017774987046462,3447.3871660664704
noise,0.21246246246246245,relevance,2.264517879857352,2.8999193195510538,2491.3769406571373,2.9771080847178797,3336.6203911698826
noise,0.21246246246246245,denseweight,2.2983327034168726,2.93078006741781,2544.68050519836,2.9955486609656607,3401.5823657239935
noise,0.21271271271271272,relevance,2.276475739544981,2.894451154063957,2482.447827577613,2.9890835356086476,3368.580174245877
noise,0.21271271271271272,denseweight,2.2835346629023925,2.9160181294258636,2519.2607015841154,2.9817773441093864,3384.5302807762305
noise,0.21296296296296297,relevance,2.2709510223164124,2.916184057914497,2519.860977342045,3.0154469198368337,3407.03267422889
noise,0.21296296296296297,denseweight,2.304225678093567,2.9329212057649,2548.581432412281,2.9961169392746556,3416.8043768643706
noise,0.2132132132132132,relevance,2.285658623744048,2.9294523746073167,2542.4406545449674,3.017664981679467,3407.9462036838763
noise,0.2132132132132132,denseweight,2.269312015207952,2.8798828703055177,2456.8411893454772,2.945507757855917,3298.5738253132363
noise,0.21346346346346345,relevance,2.263661943449779,2.904275375362651,2499.1968428020673,2.998174020083045,3357.4494556997556
noise,0.21346346346346345,denseweight,2.344159384775743,2.984167758695257,2638.3152514092612,3.0497731413614275,3559.1186293434
noise,0.2137137137137137,relevance,2.3003905905780493,2.935406339669263,2553.0406848514954,3.0377713237460076,3446.018603548375
noise,0.2137137137137137,denseweight,2.2963348622665967,2.939175216214629,2559.3847859040075,2.989455924576662,3406.386845248027
noise,0.21396396396396397,relevance,2.2793940214087467,2.897869003244979,2487.9946465191565,2.997062158150878,3381.993756290869
noise,0.21396396396396397,denseweight,2.2918409931629182,2.937198010079618,2556.191234367004,3.0019772109729725,3415.038535864199
noise,0.21421421421421422,relevance,2.277907447036848,2.9117561766579545,2511.8944196775074,2.999355922451307,3370.9507749965846
noise,0.21421421421421422,denseweight,2.3143238243032926,2.9729817211670024,2618.6638621768952,3.025886731205981,3488.0631671200126
noise,0.21446446446446446,relevance,2.2517206473611724,2.871246188182452,2442.8592064631043,2.961271361896129,3304.8413950743725
noise,0.21446446446446446,denseweight,2.306659311001595,2.9401492600497954,2561.001783054276,3.0146230304529036,3452.9278703227483
noise,0.2147147147147147,relevance,2.2664147794916945,2.8710247677963343,2442.492288082721,2.959035331724541,3294.975876854662
noise,0.2147147147147147,denseweight,2.2738313443051212,2.8893480802988174,2473.531723576519,2.954853041877276,3318.5313066264002
noise,0.21496496496496495,relevance,2.278026112617488,2.8945362078420938,2482.7302180411825,2.9903593785009384,3352.8068308995303
noise,0.21496496496496495,denseweight,2.3096026480443905,2.944980464233074,2569.6709573664366,3.018723034210911,3474.6008886492596
noise,0.21521521521521522,relevance,2.2660859670821085,2.9025542524579673,2496.2193993899627,2.9928679105267264,3357.0385027925845
noise,0.21521521521521522,denseweight,2.299841218078605,2.924942429263173,2534.742535173635,2.9842612643624804,3403.490991941205
noise,0.21546546546546547,relevance,2.2426898117030736,2.8476347029423037,2402.9196615282626,2.9405755887016194,3242.682419750762
noise,0.21546546546546547,denseweight,2.3074280484961607,2.960147150232925,2596.2902209718377,3.0228635979060514,3443.635107122546
noise,0.2157157157157157,relevance,2.291009103725383,2.89422778228311,2482.115583737766,2.9816124624494136,3367.7607402792723
noise,0.2157157157157157,denseweight,2.2809187988600526,2.9115064341267276,2511.7811518456633,2.972555818891233,3383.0791971369345
noise,0.21596596596596596,relevance,2.272811936653108,2.923164106011017,2531.9536217005957,3.00497415690789,3360.152417417877
noise,0.21596596596596596,denseweight,2.310820407098126,2.9388961825414035,2558.8852823805196,3.018683320831236,3463.0981398162835
noise,0.21621621621621623,relevance,2.2484490802405785,2.878683549911644,2455.3582846680724,2.9537262927160195,3262.725048809474
noise,0.21621621621621623,denseweight,2.28616495728757,2.9230495044801996,2531.3897912491825,2.9981776961257953,3399.843573880974
noise,0.21646646646646647,relevance,2.258977360219785,2.8765773009957654,2451.471207661083,2.961683509431487,3301.6189263938486
noise,0.21646646646646647,denseweight,2.2808851837726642,2.9161741084655777,2519.554292329258,2.978747260922768,3370.4135827547448
noise,0.21671671671671672,relevance,2.2398156230375736,2.874173032854429,2447.7213632543508,2.958355985538612,3297.1607811620006
noise,0.21671671671671672,denseweight,2.290276375741212,2.914977432950408,2517.5205664894047,2.980063164467854,3386.69174800669
noise,0.21696696696696696,relevance,2.266506659615997,2.9160348459213474,2519.216212235405,3.0002789267079177,3351.2251833207465
noise,0.21696696696696696,denseweight,2.2972978326150018,2.92285265741426,2531.4467715806295,2.9973926833206637,3431.7188148724767
noise,0.2172172172172172,relevance,2.2605365449244577,2.878442977109818,2455.01362157045,2.963682694046747,3299.1131840087864
noise,0.2172172172172172,denseweight,2.2870186190693254,2.916041061592936,2519.5268785319904,2.9894389007626523,3374.8562010674364
noise,0.21746746746746748,relevance,2.2832546151410327,2.900630564321021,2492.417945537254,2.989106295039904,3373.196054202718
noise,0.21746746746746748,denseweight,2.307130298542586,2.935110034082289,2552.1456411394724,3.0148492670847,3452.133497606228
noise,0.21771771771771772,relevance,2.2669723749209663,2.8883445350282253,2471.7979875892966,2.976817274465376,3333.0403165286784
noise,0.21771771771771772,denseweight,2.29630218163316,2.9422183974340523,2564.7887078123567,3.0051653125359548,3422.499316114485
noise,0.21796796796796797,relevance,2.285082755381844,2.901072496658956,2493.6507803117784,2.9936325897488203,3398.074204115433
noise,0.21796796796796797,denseweight,2.304709714445554,2.9643548036218172,2603.477281102535,3.023728059791152,3452.4809168845754
noise,0.2182182182182182,relevance,2.283462796350888,2.9014956381562294,2494.4853313442522,2.9933990418884906,3344.237358255381
noise,0.2182182182182182,denseweight,2.2856625997618156,2.9464839664171047,2572.0832444078887,3.0144491681941625,3410.3905798720493
noise,0.21846846846846846,relevance,2.2967306003538472,2.9595213447216437,2594.7164761541612,3.038953094247572,3441.455414481782
noise,0.21846846846846846,denseweight,2.266624073473091,2.892367780401802,2478.4424301994786,2.9567371611088884,3300.6763075489243
noise,0.21871871871871873,relevance,2.233119783544371,2.862541192890482,2427.950745860062,2.947514702643044,3238.703666942912
noise,0.21871871871871873,denseweight,2.2971893200948537,2.9284068879839675,2540.737924070599,3.0012857113529043,3409.3964843603317
noise,0.21896896896896897,relevance,2.2694423101900676,2.884984838701593,2466.1029449515204,2.9727393742815647,3320.90820567953
noise,0.21896896896896897,denseweight,2.2930942552515328,2.904322482648529,2498.9982218579944,2.973651892152027,3379.0955540777563
noise,0.21921921921921922,relevance,2.2855117363206587,2.9240876506302995,2533.044008290563,3.007952386890422,3383.787641950454
noise,0.21921921921921922,denseweight,2.3028351062059462,2.9353117756341094,2552.738865757628,2.9893042982600333,3402.815358390804
noise,0.21946946946946946,relevance,2.2831866516313593,2.9050030987308757,2500.218913830103,3.000147729382386,3379.370829430108
noise,0.21946946946946946,denseweight,2.2775500788215988,2.8921143163039806,2477.868075910369,2.967392318811236,3340.8892212413484
noise,0.2197197197197197,relevance,2.249809839492702,2.8546101128012715,2414.1938914200773,2.9495385656980253,3287.763658529957
noise,0.2197197197197197,denseweight,2.3273143744020115,2.972389899444545,2617.602479911526,3.045333552401285,3540.429184137097
noise,0.21996996996996998,relevance,2.267855532116405,2.871289415825291,2442.6997540720736,2.9681252460408136,3336.0041802436326
noise,0.21996996996996998,denseweight,2.2782179980931785,2.9023086325765903,2495.76974090683,2.963065624779163,3338.711058238409
noise,0.22022022022022023,relevance,2.2716424762445944,2.880558810081125,2458.632427727459,2.9718960226059505,3323.954926506134
noise,0.22022022022022023,denseweight,2.2923330053971513,2.9416049841473755,2563.906132891202,3.0023081751374874,3429.094792154529
noise,0.22047047047047047,relevance,2.25360509801474,2.8734720114670904,2446.5204013495063,2.9704122420691603,3299.0153013413924
noise,0.22047047047047047,denseweight,2.2872860162562287,2.9125791568225248,2513.212090192152,2.978520946532097,3377.7823159882455
noise,0.22072072072072071,relevance,2.3002595814898825,2.9180358601227234,2522.992820169223,3.0129712213985274,3418.28815243856
noise,0.22072072072072071,denseweight,2.298267505935431,2.903887363661686,2498.5104507413316,2.970832628930335,3381.987860953732
noise,0.22097097097097096,relevance,2.256820468214863,2.872523781467047,2444.802595875839,2.963778315134545,3301.5909063167583
noise,0.22097097097097096,denseweight,2.2872669689714678,2.945581755815938,2570.3684635001982,3.020250224505861,3434.1090054671763
noise,0.22122122122122123,relevance,2.2767800728105456,2.9067341813981504,2503.161095756862,2.9965843737229223,3369.827790782657
noise,0.22122122122122123,denseweight,2.2759580719003814,2.9067693390766824,2503.6714807833337,2.973124130890768,3359.9966538628937
noise,0.22147147147147148,relevance,2.2733499968852904,2.863101331781,2428.6481301223803,2.9601105100371368,3306.2019377453344
noise,0.22147147147147148,denseweight,2.3127703812007177,2.9448668689224045,2569.219797651785,3.019563011431743,3439.771869038186
noise,0.22172172172172172,relevance,2.2354323902650024,2.8601261909351505,2423.7703793004944,2.9582576525922826,3262.385667171766
noise,0.22172172172172172,denseweight,2.3082210497851,2.942849222153602,2565.5464931625265,3.01454697084397,3444.904438182456
noise,0.22197197197197197,relevance,2.2793633906167465,2.919437456700976,2525.348186648105,3.0138033087187264,3407.470795559023
noise,0.22197197197197197,denseweight,2.300876724909231,2.9489215348274214,2576.4739814846785,3.0073703467315056,3444.2080266500006
noise,0.2222222222222222,relevance,2.2868616800103685,2.885422423592179,2466.835324747664,2.9808616348104895,3378.414236051395
noise,0.2222222222222222,denseweight,2.296332294170159,2.9281700076722497,2540.152368617267,2.994537369599311,3425.0239948003655
noise,0.22247247247247248,relevance,2.2689419479342394,2.895065258354995,2483.192993709274,2.9900317204392337,3344.5790041560276
noise,0.22247247247247248,denseweight,2.294656033904298,2.9396900125445864,2560.363379497255,3.0111797003864043,3416.3285575850127
noise,0.22272272272272273,relevance,2.289198617128661,2.9133476804541742,2514.7982266937765,3.016727315025981,3433.296667779191
noise,0.22272272272272273,denseweight,2.3245186894983974,2.9610086760722085,2597.9605036775965,3.0146108151604105,3493.1326927450164
noise,0.22297297297297297,relevance,2.307553282884606,2.8923719125839975,2478.7020097602085,2.9731282814180986,3360.9507279093887
noise,0.22297297297297297,denseweight,2.2854975001712656,2.9084025745377855,2506.1693257015286,2.977212761706073,3382.5753433316777
noise,0.22322322322322322,relevance,2.2461898435237435,2.8590321973788053,2421.892806359634,2.94414347499489,3252.067175794295
noise,0.22322322322322322,denseweight,2.303144943026635,2.942269258991141,2564.8940269683626,3.010720997056493,3442.732726203202
noise,0.22347347347347346,relevance,2.2587157136266214,2.935593680727591,2553.518278090036,3.020216411828975,3382.178765210742
noise,0.22347347347347346,denseweight,2.2901590124614017,2.947752789292993,2574.32306074589,3.0060265248368374,3410.728973581014
noise,0.22372372372372373,relevance,2.2569810736107687,2.8966143804025233,2486.4117967215593,2.982889151494257,3328.0562113989167
noise,0.22372372372372373,denseweight,2.306784286300304,2.946632219254846,2572.4321447931843,3.0105169404351453,3445.0009858243075
noise,0.22397397397397398,relevance,2.255468692759928,2.876650854938145,2451.783435504639,2.969010903943623,3288.2528355870513
noise,0.22397397397397398,denseweight,2.290724286896319,2.9137275200219097,2515.2501071414954,2.9909236737106983,3372.5188463814607
noise,0.22422422422422422,relevance,2.265514622488152,2.9244217349313395,2533.8970056111016,3.0093866530238307,3379.22924439737
noise,0.22422422422422422,denseweight,2.2857312841465753,2.920879198956759,2527.697293040086,2.987026275329976,3370.957724725527
noise,0.22447447447447447,relevance,2.2584166825466414,2.8683367267198947,2437.6868476043487,2.9594226347545205,3306.9214665363133
noise,0.22447447447447447,denseweight,2.3045952039846425,2.9392397382647713,2559.4112131005313,3.015909003765988,3435.872099707247
noise,0.2247247247247247,relevance,2.2589176232649675,2.9077287830664074,2505.040114306121,2.99214573260139,3333.5238082821866
noise,0.2247247247247247,denseweight,2.301063203132749,2.9256200754247286,2535.657461264098,2.9984011864741,3414.5166730140854
noise,0.22497497497497498,relevance,2.2278872190855297,2.856547733869606,2417.401144705685,2.9419825956618464,3244.586760427664
noise,0.22497497497497498,denseweight,2.2934708327515434,2.928275166852637,2540.4956339530545,2.9925384956653978,3430.443099873963
noise,0.22522522522522523,relevance,2.265683270311794,2.9198767167127384,2526.219129114212,3.0126826920576684,3400.5477146953
noise,0.22522522522522523,denseweight,2.3015008627260247,2.9046910178397685,2499.8453042954256,2.9825480301560385,3388.4376217608005
noise,0.22547547547547547,relevance,2.2406531236193694,2.8641475136344683,2430.4358020668706,2.9480201344259385,3269.2847787781434
noise,0.22547547547547547,denseweight,2.314346362984586,2.941781534188368,2563.642574721211,3.016203073268853,3435.187402705369
noise,0.22572572572572572,relevance,2.2454355613095887,2.8965111974083997,2485.731252875519,2.970974218122386,3300.1058896054506
noise,0.22572572572572572,denseweight,2.292610664491124,2.918089511504205,2522.7863954692684,2.9793499742712712,3379.4357912742908
noise,0.22597597597597596,relevance,2.2583967526605315,2.8531144379990843,2412.0417650678146,2.944278050150698,3275.131622051653
noise,0.22597597597597596,denseweight,2.291273924061871,2.9376078281214557,2556.7615433130836,2.996490829141688,3418.122000812715
noise,0.22622622622622623,relevance,2.2665977631554464,2.9159714599539983,2519.1268130156463,3.0046490031549253,3377.5196933851103
noise,0.22622622622622623,denseweight,2.2992466632379593,2.9528690594326124,2583.2077133819325,3.0211855888650074,3443.21317137597
noise,0.22647647647647648,relevance,2.2140970998783533,2.833785844105638,2379.2741125390075,2.915212644932816,3190.025730167519
noise,0.22647647647647648,denseweight,2.3030272255851116,2.9371248644841916,2555.7359690973085,3.0035367696418787,3437.714143980303
noise,0.22672672672672672,relevance,2.268668512794928,2.868669394595557,2438.3109813588767,2.96055902453144,3316.0917597798925
noise,0.22672672672672672,denseweight,2.30376011327878,2.916378673052278,2519.902257443979,2.988857370170844,3391.9467219444323
noise,0.22697697697697697,relevance,2.250538205232773,2.8698175095677843,2440.033511674697,2.9542230971508503,3296.1158886153326
noise,0.22697697697697697,denseweight,2.2868096221822514,2.901038692692707,2493.4585843848736,2.978607703705716,3367.6330031017706
noise,0.2272272272272272,relevance,2.2791361076369006,2.9171794536400038,2521.53336247161,3.0162522729287433,3416.701546830512
noise,0.2272272272272272,denseweight,2.3227927918699303,2.9599074646836705,2595.5309768320417,3.027702179015742,3495.05103589391
noise,0.22747747747747749,relevance,2.2407643424719743,2.8727055015984897,2445.4483469879356,2.9713117001585956,3298.9797332359803
noise,0.22747747747747749,denseweight,2.2888088986104753,2.949773409252067,2577.87807795028,3.008896359359798,3410.5381396764387
noise,0.22772772772772773,relevance,2.24262929467352,2.86366885322381,2429.892887452968,2.9523960916799994,3263.428198314985
noise,0.22772772772772773,denseweight,2.3000865278577454,2.9335512663426018,2549.4590690780583,2.9925816345136758,3401.2560508635906
noise,0.22797797797797797,relevance,2.262915073567107,2.9224903142507506,2530.6857130550766,3.0038163515839136,3366.371554640112
noise,0.22797797797797797,denseweight,2.2698998995836974,2.896202203977431,2485.151228542717,2.9682162767420754,3346.545654412643
noise,0.22822822822822822,relevance,2.2970001644889373,2.949298369570524,2577.291735446804,3.039794353262042,3461.942830794151
noise,0.22822822822822822,denseweight,2.27243199836637,2.9138762877646904,2515.7124583457858,2.9761449926909296,3364.058867487451
noise,0.22847847847847846,relevance,2.255219293443743,2.896912521944398,2486.644743327772,2.979741964133667,3314.7803007013317
noise,0.22847847847847846,denseweight,2.292675734217148,2.903320799786267,2497.600957794375,2.9616642349897147,3359.7336447178227
noise,0.22872872872872874,relevance,2.286141378116409,2.9092125779998392,2507.4932690476817,3.001992174967042,3395.584405302898
noise,0.22872872872872874,denseweight,2.317906396248946,2.950071233813125,2578.3477391950046,3.0193127375709823,3458.8286706336853
noise,0.22897897897897898,relevance,2.3130490903331906,2.9038628036114984,2498.220255200293,3.0052643956641933,3453.7294876686606
noise,0.22897897897897898,denseweight,2.297710207768119,2.9409477611570636,2562.575212395174,3.0085189101092555,3433.8804738122294
noise,0.22922922922922923,relevance,2.292254208295954,2.934816926409873,2551.962532750559,3.020623976280968,3404.165809665215
noise,0.22922922922922923,denseweight,2.271155538022167,2.9096818603379213,2508.4305763432644,2.983336356225066,3356.541072980474
noise,0.22947947947947947,relevance,2.2475319196392785,2.8438319024377727,2396.2894982236494,2.9480738383941394,3286.6179046901552
noise,0.22947947947947947,denseweight,2.3078537998392967,2.975218393125988,2622.8456346858857,3.0327956169027055,3489.1692249440416
noise,0.22972972972972971,relevance,2.2812254100377194,2.941650684568941,2564.1694587434063,3.032598455809678,3406.6679767408114
noise,0.22972972972972971,denseweight,2.275027638220364,2.918631092441711,2523.7494935889604,2.9835495879184033,3367.5894467787466
noise,0.22997997997998,relevance,2.273369455553807,2.9103962005378317,2509.7754315722905,3.006111069697536,3389.2251312307635
noise,0.22997997997998,denseweight,2.2907637468718804,2.9438056080225876,2567.5576657335405,2.985893011235986,3413.8041509678737
noise,0.23023023023023023,relevance,2.270822099993496,2.9136157493160564,2515.4273395309515,2.9989392301962856,3365.5636499174743
noise,0.23023023023023023,denseweight,2.29303329662077,2.9402411629454686,2561.152235404238,2.996578798789327,3410.033500920777
noise,0.23048048048048048,relevance,2.2608247001465935,2.8971749364491073,2486.8090081977125,2.9794789608975165,3330.3983664897837
noise,0.23048048048048048,denseweight,2.2770817040088103,2.910453759395835,2509.5826702399645,2.971641257555663,3355.034048500338
noise,0.23073073073073072,relevance,2.2270296471592195,2.817635116169925,2352.599957503077,2.9119018486522665,3216.2768014872418
noise,0.23073073073073072,denseweight,2.2868656485658616,2.9404710234478544,2561.7461755341124,3.0028716153397177,3416.33347302204
noise,0.23098098098098097,relevance,2.289541972037814,2.961178259492466,2598.2212102842095,3.0499778563475584,3459.053435258706
noise,0.23098098098098097,denseweight,2.2953087419910236,2.9312987510004853,2545.72466125599,3.001986952750388,3409.455150244302
noise,0.23123123123123124,relevance,2.2775660048975066,2.9091812306332288,2507.41389310872,2.994372674001726,3371.334085195781
noise,0.23123123123123124,denseweight,2.320306684293919,2.9649972230508754,2604.8206965707095,3.01572156532186,3487.126882334538
noise,0.23148148148148148,relevance,2.2759673885508027,2.879946610098633,2457.046602592087,2.9713449090434794,3329.990880234195
noise,0.23148148148148148,denseweight,2.2836021613408266,2.9083805660463953,2506.015553856863,2.972362625617544,3371.871389947515
noise,0.23173173173173173,relevance,2.2732143993976055,2.887366883400155,2470.360730516823,2.9730683210175815,3354.045628153213
noise,0.23173173173173173,denseweight,2.259963940743695,2.8909903632799714,2476.39174381528,2.9607504195718657,3318.5464382140135
noise,0.23198198198198197,relevance,2.2712952298330724,2.892908946799472,2479.748465004202,2.9879956844709845,3347.7426707752866
noise,0.23198198198198197,denseweight,2.294255242197966,2.9243563015308616,2533.7802482944076,2.9895157983804515,3423.5077753635446
noise,0.23223223223223222,relevance,2.2912553746087645,2.923938792489002,2532.862670210375,3.0092742759935587,3389.6390019255296
noise,0.23223223223223222,denseweight,2.287572883512898,2.936013984842577,2554.0851302059427,2.9922574588600463,3413.780630107697
noise,0.2324824824824825,relevance,2.2531199952007483,2.890992007196822,2476.362887721469,2.9785223376120324,3316.8347561007845
noise,0.2324824824824825,denseweight,2.300574743399045,2.925425256803876,2535.6117850008177,2.977207420725916,3390.018360288343
noise,0.23273273273273273,relevance,2.2513799112406043,2.8712800771005496,2442.609912440916,2.9541723664389994,3277.892455383321
noise,0.23273273273273273,denseweight,2.301717597006657,2.9348635777149252,2551.623668585078,3.005629084959332,3414.869053518693
noise,0.23298298298298298,relevance,2.2770974214116158,2.891712801434498,2477.5507082021,2.9834122205754934,3347.2292515033982
noise,0.23298298298298298,denseweight,2.276074469468441,2.917960528141153,2522.6406881316493,2.9671331180453775,3343.7591770213285
noise,0.23323323323323322,relevance,2.2675163278170296,2.913723424440057,2515.345918064655,3.0064996501762336,3380.611309631581
noise,0.23323323323323322,denseweight,2.286252629877232,2.8980434594912206,2488.3620474343065,2.9700843907394336,3362.760756234644
noise,0.2334834834834835,relevance,2.254145406536373,2.86805817690453,2437.3093068870767,2.9574849046649225,3303.318682177446
noise,0.2334834834834835,denseweight,2.305584732742539,2.9493006666119226,2576.9562692035465,3.017182044859426,3450.2591451201947
noise,0.23373373373373374,relevance,2.2682930188583867,2.903265554198658,2497.358675076819,2.995424231925752,3377.470067159909
noise,0.23373373373373374,denseweight,2.29446619281004,2.9374053211083835,2556.505590746839,2.9998628835603625,3415.71393852479
noise,0.23398398398398398,relevance,2.229061272289962,2.831802497835157,2376.2146363736333,2.9193442102803093,3215.270356501481
noise,0.23398398398398398,denseweight,2.286497388931573,2.9244708837755082,2533.981871727763,2.973823790707331,3358.7447813362874
noise,0.23423423423423423,relevance,2.283254822019229,2.922502041183313,2530.3690595062517,3.009755043077403,3392.8554688217373
noise,0.23423423423423423,denseweight,2.31082351599543,2.957688649557878,2591.756658079822,3.0250875635414216,3491.29493510518
noise,0.23448448448448447,relevance,2.2761789726656736,2.925630622168783,2535.9417674378037,3.0072552063353504,3372.6587517181474
noise,0.23448448448448447,denseweight,2.2969255766241554,2.947250185064557,2573.477649054735,3.0068508502793274,3426.275175271778
noise,0.23473473473473475,relevance,2.271370851135785,2.881665653143266,2460.166205236336,2.974017953305622,3334.6314577645153
noise,0.23473473473473475,denseweight,2.312219835325842,2.9747506718722496,2621.72067067271,3.0386406262891326,3510.3776607562263
noise,0.234984984984985,relevance,2.265628061244499,2.895978410170135,2484.794359753685,2.982035782443974,3352.967199590622
noise,0.234984984984985,denseweight,2.2978374548248763,2.9400322338464706,2560.9229448734104,3.009638434383563,3416.9028391388624
noise,0.23523523523523523,relevance,2.283006516844003,2.9246563687403824,2534.4684925433844,3.0069711374867776,3379.370000196262
noise,0.23523523523523523,denseweight,2.3188126302127583,2.9734421185410747,2619.7382792923213,3.02866538585139,3492.434230435511
noise,0.23548548548548548,relevance,2.2705436848342275,2.9020734819830585,2495.431090718884,3.0012501602264083,3376.9131359638704
noise,0.23548548548548548,denseweight,2.293701743885685,2.9158646433287863,2519.0743238373157,2.9858890359118115,3387.507313794953
noise,0.23573573573573572,relevance,2.2640241200613183,2.898434803650165,2488.979224773208,2.9814296355568213,3341.0231426513205
noise,0.23573573573573572,denseweight,2.288334979592025,2.920258424129822,2526.569033865306,2.983490962093934,3390.1149657003925
noise,0.235985985985986,relevance,2.27439588719136,2.8943494160312997,2482.196795791625,2.981344419165698,3348.984333111232
noise,0.235985985985986,denseweight,2.2848662318543624,2.90886894660682,2506.904145400013,2.97823808638512,3383.6867956500278
noise,0.23623623623623624,relevance,2.259888501982527,2.8971931493282557,2486.9438894287405,2.9758234076843566,3316.284868099748
noise,0.23623623623623624,denseweight,2.3002206034423915,2.9411223892605727,2563.0994196692036,3.0036194916733527,3428.6810872731126
noise,0.23648648648648649,relevance,2.2540793589757744,2.8590545732610497,2422.3237094172773,2.9548786985726676,3298.705375890787
noise,0.23648648648648649,denseweight,2.2606083455154473,2.9071344337221845,2504.0509814562974,2.96525675017703,3330.8712266247044
noise,0.23673673673673673,relevance,2.262452244667958,2.8903811383069966,2475.209212855775,2.9825568540973886,3344.9067982707297
noise,0.23673673673673673,denseweight,2.3094893241436334,2.926462642684451,2537.1936887754423,2.996362001234412,3435.018079262905
noise,0.23698698698698697,relevance,2.2733165880130985,2.8912398233306793,2476.7607544193593,2.9789790170424397,3330.924647506676
noise,0.23698698698698697,denseweight,2.2796531792949195,2.9425719892037456,2565.2583989608156,2.9915405281741543,3398.029594844369
noise,0.23723723723723725,relevance,2.2988940452951416,2.947965027259344,2574.846473312045,3.03439635990202,3449.319918314856
noise,0.23723723723723725,denseweight,2.2850800420895356,2.945639317454314,2570.710460503776,2.9975398630419496,3418.707696501025
noise,0.2374874874874875,relevance,2.3013687965658858,2.902177996584472,2495.7734186592897,2.9861158759809503,3385.983315830741
noise,0.2374874874874875,denseweight,2.290009629318366,2.9322080272319555,2547.2782260176846,2.9916472226939415,3407.951364618631
noise,0.23773773773773774,relevance,2.252534496510779,2.8971336057360504,2487.1443977892595,2.9801897653575273,3332.6644245052726
noise,0.23773773773773774,denseweight,2.2735628301892086,2.869982266538876,2440.2952280366144,2.9590897394007527,3348.6663705692595
noise,0.23798798798798798,relevance,2.3309163913359097,2.9627710434552745,2600.953408755722,3.0618880953624554,3501.274354103037
noise,0.23798798798798798,denseweight,2.293068335218105,2.9459550935275676,2571.1016197315626,3.0038065613183353,3433.1950461833194
noise,0.23823823823823823,relevance,2.271809734519833,2.8933860438368866,2480.0997577692856,2.983439966236706,3328.080528284045
noise,0.23823823823823823,denseweight,2.264802016442444,2.9031189228600467,2497.1187377150877,2.966469995905818,3343.1288308273643
noise,0.2384884884884885,relevance,2.26085938472822,2.8933355157450777,2480.5542106471535,2.971642290739104,3321.7014777997897
noise,0.2384884884884885,denseweight,2.2846198930463886,2.929207781828706,2542.376093211754,2.991338808551162,3402.970462029847
noise,0.23873873873873874,relevance,2.2849869120735304,2.912566281306283,2513.404209581526,2.9951801129395195,3375.661077425698
noise,0.23873873873873874,denseweight,2.300725814282335,2.9417022529909542,2563.401280373565,3.01027636122757,3427.031456187966
noise,0.238988988988989,relevance,2.2943909372481333,2.9157679324378574,2518.832018825133,3.0204259157768925,3437.59756170538
noise,0.238988988988989,denseweight,2.289560169969485,2.92341450521161,2531.9097304992983,2.997625648484608,3407.492333524464
noise,0.23923923923923923,relevance,2.2714978682177733,2.8815421500810805,2460.615200316714,2.978203056732754,3341.084178524227
noise,0.23923923923923923,denseweight,2.2803379322092563,2.9079085793538426,2505.3568272624943,2.976456529327607,3376.339556964793
noise,0.23948948948948948,relevance,2.2916491153902783,2.9193946961924175,2525.0610419931027,2.999495034412158,3369.4832643899404
noise,0.23948948948948948,denseweight,2.280002547192641,2.8980740741093607,2488.2950931146424,2.9652462912453394,3343.1883378080965
noise,0.23973973973973975,relevance,2.258023441451129,2.8925865620220144,2479.1063108926064,2.987321826272053,3328.6305115494038
noise,0.23973973973973975,denseweight,2.2842067642617696,2.9416005987055667,2563.6410585345716,3.0058474593574505,3405.5137126882287
noise,0.23998998998999,relevance,2.295418679248856,2.9032639395857096,2497.233828955642,2.988827463196545,3368.4574276520775
noise,0.23998998998999,denseweight,2.2763384229878514,2.8987009462490865,2489.225218682892,2.969232924726798,3348.0459461129403
noise,0.24024024024024024,relevance,2.2911252906459416,2.966437305714848,2607.042184885003,3.050199817916115,3456.116788183199
noise,0.24024024024024024,denseweight,2.294883174717314,2.9315171891868568,2546.069779882062,2.9948929263407473,3407.6535796119438
noise,0.24049049049049048,relevance,2.2943625778945873,2.8962311234264826,2485.4491547730922,2.9850339857777994,3366.9857847623502
noise,0.24049049049049048,denseweight,2.277498224056637,2.923259117227958,2531.664177803803,2.988175807988668,3369.5784684975306
noise,0.24074074074074073,relevance,2.272328616913262,2.931507200932537,2546.042832486327,3.0184761013061268,3384.2518708029975
noise,0.24074074074074073,denseweight,2.2843910702233505,2.9452328895380058,2569.9548094083534,2.999692726827365,3428.7248707664194
noise,0.240990990990991,relevance,2.2485478274804658,2.881040771617809,2459.3226954238007,2.958678155646956,3268.37111254804
noise,0.240990990990991,denseweight,2.3087753629268235,2.9349572608601058,2552.224089681793,3.0010245311540116,3449.359383054466
noise,0.24124124124124124,relevance,2.2844157952977806,2.9124228149699642,2512.6775566555025,2.9934698619549915,3373.3065967796065
noise,0.24124124124124124,denseweight,2.3013626396795024,2.9462794799422114,2571.752730310824,3.015661630970387,3450.959114286398
noise,0.2414914914914915,relevance,2.2582344143317665,2.8694012624383465,2439.4149849954288,2.963078341414189,3319.0397350926805
noise,0.2414914914914915,denseweight,2.2799027812573502,2.923164616392563,2531.7532071120563,2.9751132904349724,3374.70834082195
noise,0.24174174174174173,relevance,2.3239944413571156,2.912930784566418,2514.405562393438,3.017160430437073,3441.3890727111134
noise,0.24174174174174173,denseweight,2.283152343554051,2.8998430915197715,2491.271157500494,2.9719072119848406,3361.1643256053735
noise,0.24199199199199198,relevance,2.2840085496354017,2.939666155117582,2560.428982334019,3.02538172093955,3394.165767649814
noise,0.24199199199199198,denseweight,2.28131997949147,2.9350817642294342,2551.939260350922,2.992717146964253,3379.6380737385816
noise,0.24224224224224225,relevance,2.310844104868869,2.907464313488823,2505.164458484645,2.9993850199809735,3428.8200004157356
noise,0.24224224224224225,denseweight,2.2878746625165776,2.9049456192619165,2500.199618598657,2.9811378045553356,3382.771044904504
noise,0.2424924924924925,relevance,2.2162174689223892,2.8246744692948167,2363.932656466946,2.9193496569174635,3192.5417019877377
noise,0.2424924924924925,denseweight,2.292327457379315,2.94192693269387,2564.5037289736497,3.005042188535553,3428.8199391526823
noise,0.24274274274274274,relevance,2.239464347643244,2.878072353314196,2454.0352269694113,2.9515986264403966,3265.4242896961937
noise,0.24274274274274274,denseweight,2.284165172350052,2.8911051054541574,2476.64777144039,2.9717691180932366,3374.0387979850966
noise,0.24299299299299298,relevance,2.2624507255336326,2.875341898643565,2449.6757350106036,2.96881584329921,3325.542736190293
noise,0.24299299299299298,denseweight,2.2937769296248276,2.9365213939850987,2554.8206447796147,3.002681855580917,3413.5700242651733
noise,0.24324324324324323,relevance,2.2697593386086132,2.9228760972698917,2531.031567700729,3.01791084285556,3397.4603349528215
noise,0.24324324324324323,denseweight,2.2928871613290602,2.9124246345690734,2513.0137090251205,2.972437205732647,3376.0870099042363
noise,0.2434934934934935,relevance,2.2566397393398874,2.8748727131968685,2449.055145995849,2.9598546690932546,3280.0680751130853
noise,0.2434934934934935,denseweight,2.278710634255442,2.9259283872072785,2536.434643711988,2.983654893086524,3374.4911930440567
noise,0.24374374374374375,relevance,2.2654451506615767,2.896781625466333,2486.300110776095,2.981904396548877,3354.674332289016
noise,0.24374374374374375,denseweight,2.313622228536852,2.9693047035265803,2612.2305219004443,3.031313919549779,3494.3671196443515
noise,0.243993993993994,relevance,2.2971196904764364,2.9221355210283666,2529.978189599349,3.005329635504482,3425.0629899487585
noise,0.243993993993994,denseweight,2.2951167762526103,2.935324528910106,2553.1067990844717,3.0062764153100137,3432.984904476878
noise,0.24424424424424424,relevance,2.294975974713301,2.9046921373675576,2499.94378621138,2.9962524629507024,3385.104098852439
noise,0.24424424424424424,denseweight,2.3101747541809208,2.9628407013565163,2600.9267840234565,3.0229136002593266,3492.607375834539
noise,0.24449449449449448,relevance,2.2437015667958993,2.881892081432807,2460.3147525260733,2.9656416000715113,3288.1361712040434
noise,0.24449449449449448,denseweight,2.2868954653763427,2.936816175619096,2555.3918543140057,3.013801190040326,3430.2173422781743
noise,0.24474474474474475,relevance,2.2492535131656797,2.857361102190502,2419.3498408764863,2.9473012214462297,3272.699412978615
noise,0.24474474474474475,denseweight,2.284939971520383,2.910396817202254,2509.8003931710036,2.9722397467817823,3374.303723035463
noise,0.244994994994995,relevance,2.274292644236705,2.9350238014729477,2552.4248629075346,3.0123933809172,3389.896082572867
noise,0.244994994994995,denseweight,2.2645453360029966,2.893239352473308,2479.900762659302,2.9664173750319804,3308.4533721569983
noise,0.24524524524524524,relevance,2.263022597704483,2.911427035634602,2511.448276698619,3.0019817020759643,3387.550094749737
noise,0.24524524524524524,denseweight,2.2928978099929536,2.936372622627598,2554.5801206299116,2.9934184228260317,3414.3340031447356
noise,0.24549549549549549,relevance,2.2382707347603232,2.867835062944849,2436.9412268877963,2.9500043628058314,3273.2736138609794
noise,0.24549549549549549,denseweight,2.285467098587248,2.9111609615918597,2510.9020618283184,2.9795823158405637,3379.1163296144005
noise,0.24574574574574573,relevance,2.2888030847004845,2.9362390406941,2554.210026654762,3.026523559375372,3430.0576721693965
noise,0.24574574574574573,denseweight,2.3050734550737992,2.930017782090211,2543.692706087896,2.9907465264791444,3418.455853489272
noise,0.245995995995996,relevance,2.2507584362210213,2.8798552807911237,2457.085679852331,2.962460680460588,3296.5903177069563
noise,0.245995995995996,denseweight,2.285529732029343,2.9283926525991943,2540.8722462532805,2.99987164790865,3407.3649620508277
noise,0.24624624624624625,relevance,2.261455201074485,2.897900916619428,2488.2351968899193,2.9818850231944505,3329.090786816847
noise,0.24624624624624625,denseweight,2.3065278678412127,2.9398986228703166,2560.4823289568985,3.002769852525757,3428.420599583579
noise,0.2464964964964965,relevance,2.2356715686948476,2.8549570865794496,2415.11780371975,2.9419059881648626,3230.2830084261286
noise,0.2464964964964965,denseweight,2.2895306666663626,2.907723399232631,2505.007807129423,2.9784896719768983,3376.2950523043137
noise,0.24674674674674674,relevance,2.251605926539341,2.88744587619932,2470.211692617909,2.9816043099356015,3339.589091574689
noise,0.24674674674674674,denseweight,2.2805511510539653,2.920038441992489,2526.3926389984176,2.9718467497875705,3358.4582029974545
noise,0.24699699699699698,relevance,2.257639345726025,2.876819883396228,2452.100158733277,2.9635731138743,3311.1985188851118
noise,0.24699699699699698,denseweight,2.26650312126276,2.897010632826112,2486.397745870086,2.979175032924083,3362.6267408876856
noise,0.24724724724724725,relevance,2.243201553835657,2.8670822586570153,2435.6368570515315,2.9538831896471485,3283.567741534095
noise,0.24724724724724725,denseweight,2.3021162527845176,2.9374037029850943,2556.389287834183,3.009974082220027,3435.3540467734165
noise,0.2474974974974975,relevance,2.289967332995652,2.907880693935773,2505.257794835365,2.9966260420220037,3370.7148256057144
noise,0.2474974974974975,denseweight,2.299144674556712,2.927961402008913,2539.7846768835293,2.9878496673241997,3412.7931310072854
noise,0.24774774774774774,relevance,2.261544702302077,2.8981879633174152,2488.532139172955,2.9844752629160745,3347.029337311305
noise,0.24774774774774774,denseweight,2.283660647712491,2.9113099626127377,2511.37899597487,2.9817475311492028,3360.7970242295783
noise,0.247997997997998,relevance,2.2800087554894053,2.8910739779379537,2476.319171739207,2.9739779265386423,3334.7247539673904
noise,0.247997997997998,denseweight,2.2816519948983927,2.913640393180785,2515.0169526012237,2.974685225566649,3366.9751620751217
noise,0.24824824824824826,relevance,2.2979943788216017,2.9427644045548793,2566.1128210354777,3.0314012107363677,3449.0852484880215
noise,0.24824824824824826,denseweight,2.274541599398606,2.8870765992337386,2469.4241223697286,2.9638573423967656,3334.986085780727
noise,0.2484984984984985,relevance,2.274038206681655,2.8571508053969112,2419.056656018753,2.9546307280844846,3299.174594390733
noise,0.2484984984984985,denseweight,2.2735561795401775,2.8833313117978467,2463.28047977467,2.946778079202362,3314.285444462309
noise,0.24874874874874875,relevance,2.2812405126927335,2.9226660843102517,2530.9453686911675,3.0047505090035385,3387.2681737440635
noise,0.24874874874874875,denseweight,2.2832405262270847,2.9236984907646337,2532.3729725702024,2.995936983652683,3387.297965186624
noise,0.248998998998999,relevance,2.261910820885969,2.880255138508453,2457.6105877596656,2.9818778901363787,3336.1300881653283
noise,0.248998998998999,denseweight,2.2944357408803913,2.9226852311867555,2530.4810101556923,2.9841005541466123,3397.6749264753284
noise,0.24924924924924924,relevance,2.2579766676562887,2.8599519736562593,2423.3713059793304,2.956156793264704,3310.9515037656765
noise,0.24924924924924924,denseweight,2.3043246984393435,2.960735651984615,2597.3184471470768,3.0204579397919686,3463.1037151703495
noise,0.2494994994994995,relevance,2.2682856946823318,2.8667543571698544,2435.182978117286,2.9610367142944605,3296.056328801607
noise,0.2494994994994995,denseweight,2.265535082777466,2.8949016287073577,2482.9387420905773,2.9600319460815605,3329.810489222965
noise,0.24974974974974976,relevance,2.2952140250645985,2.9187215151556365,2524.380347994983,3.0167498274818083,3424.845996063497
noise,0.24974974974974976,denseweight,2.276837838266657,2.917563006564804,2521.846487604521,2.982191851211695,3378.374421510162
noise,0.25,relevance,2.2714837618548174,2.871232023739065,2442.55233220914,2.9782595602950543,3350.5016496892868
noise,0.25,denseweight,2.2850856024339516,2.91465008929798,2516.8591318048484,2.972820182823324,3368.503569009741
